Loan_ID,Customer_ID,Loan_Type,Loan_Amount,Interest_Rate,Loan_Term_Years,Loan_Status,Default_Flag,Loan_Start_Date
700000,133553,Auto Loan,42765,7.73,6,Paid Off,0,2025-11-29
700001,109427,Auto Loan,14620,9.2,5,Paid Off,0,2022-01-07
700002,100199,Personal Loan,23784,5.32,5,Active,0,2021-09-13
700003,112447,Personal Loan,22981,7.27,1,Active,0,2025-09-18
700004,139489,Personal Loan,18462,6.1,1,Defaulted,1,2025-09-20
700005,142724,Auto Loan,53349,6.37,3,Active,0,2023-03-06
700006,110822,Business Loan,160182,3.74,5,Paid Off,0,2023-10-24
700007,149498,Auto Loan,50771,6.28,5,Paid Off,0,2022-05-21
700008,104144,Personal Loan,20577,11.54,3,Active,0,2026-06-30
700009,136958,Mortgage,285977,5.99,30,Paid Off,0,2023-11-21
700010,143106,Business Loan,240151,10.36,5,Active,0,2022-05-31
700011,138695,Business Loan,60235,5.18,5,Paid Off,0,2021-11-09
700012,106188,Business Loan,122219,11.82,10,Active,0,2021-10-14
700013,101414,Business Loan,217325,4.92,10,Paid Off,0,2024-02-21
700014,118471,Auto Loan,24876,3.91,3,Paid Off,0,2022-11-30
700015,129282,Business Loan,190269,6.68,10,Paid Off,0,2021-09-22
700016,115177,Personal Loan,21092,6.72,3,Active,0,2025-05-06
700017,134304,Mortgage,549198,3.86,30,Defaulted,1,2022-12-16
700018,112609,Mortgage,346069,6.01,30,Active,0,2021-12-26
700019,112144,Business Loan,166758,10.48,5,Active,0,2022-12-27
700020,106113,Mortgage,408743,7.68,30,Active,0,2023-02-08
700021,115908,Auto Loan,48733,4.27,5,Active,0,2025-09-11
700022,100821,Business Loan,218531,4.44,10,Paid Off,0,2025-09-24
700023,115118,Personal Loan,19496,5.59,5,Paid Off,0,2023-07-23
700024,113466,Mortgage,437799,8.92,30,Paid Off,0,2021-08-12
700025,126497,Mortgage,521299,4.54,30,Paid Off,0,2023-06-08
700026,142111,Mortgage,440415,8.33,30,Active,0,2023-04-30
700027,130188,Mortgage,297173,11.54,30,Active,0,2026-07-09
700028,137237,Business Loan,199950,6.22,10,Paid Off,0,2021-11-08
700029,133109,Business Loan,199241,6.23,5,Active,0,2024-05-26
700030,136480,Mortgage,494858,11.01,30,Active,0,2024-12-31
700031,124148,Auto Loan,25358,8.18,5,Active,0,2025-02-28
700032,105503,Mortgage,308998,3.87,30,Paid Off,0,2023-04-07
700033,103918,Mortgage,415938,9.69,30,Paid Off,0,2024-08-10
700034,138478,Auto Loan,36097,9.63,5,Paid Off,0,2024-07-30
700035,121123,Mortgage,258353,7.32,30,Paid Off,0,2026-04-25
700036,149717,Auto Loan,36673,8.44,3,Paid Off,0,2024-09-06
700037,142294,Mortgage,304108,4.74,30,Paid Off,0,2023-04-14
700038,147609,Personal Loan,11724,9.32,1,Paid Off,0,2025-11-22
700039,111076,Business Loan,203869,3.98,5,Paid Off,0,2024-01-16
700040,141514,Auto Loan,21502,8.48,6,Active,0,2025-01-31
700041,122062,Auto Loan,17171,4.2,5,Active,0,2021-11-23
700042,109413,Mortgage,513048,6.39,30,Paid Off,0,2024-04-29
700043,138340,Mortgage,401573,5.99,30,Paid Off,0,2024-07-17
700044,130263,Auto Loan,17365,6.75,5,Active,0,2022-04-24
700045,141252,Auto Loan,58667,11.18,6,Paid Off,0,2026-04-08
700046,114644,Business Loan,240423,5.48,10,Active,0,2022-01-15
700047,126335,Auto Loan,46239,10.2,5,Active,0,2021-12-11
700048,128102,Business Loan,191237,6.19,5,Active,0,2024-12-03
700049,117523,Auto Loan,31450,6.56,3,Active,0,2025-02-06
700050,124712,Auto Loan,47646,6.5,6,Paid Off,0,2026-04-04
700051,140485,Personal Loan,11603,4.47,1,Paid Off,0,2025-05-06
700052,103850,Personal Loan,17520,7.01,5,Active,0,2025-03-29
700053,140040,Mortgage,352651,6.6,30,Paid Off,0,2022-02-26
700054,115267,Auto Loan,20864,6.09,6,Active,0,2023-06-02
700055,149146,Personal Loan,18106,6.69,3,Active,0,2025-06-09
700056,130001,Personal Loan,5521,10.12,5,Active,0,2026-06-27
700057,145926,Personal Loan,23313,4.05,3,Active,0,2025-11-11
700058,143824,Personal Loan,19528,6.48,3,Paid Off,0,2022-05-28
700059,117240,Personal Loan,3151,5.18,3,Defaulted,1,2026-05-18
700060,104892,Personal Loan,20594,10.74,5,Paid Off,0,2024-12-28
700061,100725,Auto Loan,41396,5.39,3,Active,0,2023-03-17
700062,122949,Personal Loan,22651,4.64,1,Paid Off,0,2023-01-11
700063,134657,Personal Loan,22859,4.31,1,Active,0,2024-01-31
700064,137213,Mortgage,278473,6.4,30,Active,0,2023-10-21
700065,120304,Mortgage,153327,6.95,30,Paid Off,0,2023-07-13
700066,115269,Personal Loan,15077,5.77,5,Active,0,2021-11-06
700067,122367,Business Loan,201942,5.2,10,Active,0,2021-08-23
700068,142684,Business Loan,234179,11.63,10,Paid Off,0,2026-03-12
700069,146734,Mortgage,533937,4.27,30,Paid Off,0,2023-06-05
700070,111732,Personal Loan,24505,6.51,3,Paid Off,0,2026-04-01
700071,118619,Mortgage,297168,5.96,30,Paid Off,0,2022-01-12
700072,148492,Business Loan,50601,5.41,10,Active,0,2021-08-16
700073,126803,Mortgage,203495,6.57,30,Paid Off,0,2023-06-05
700074,144305,Mortgage,390145,3.81,30,Active,0,2025-11-02
700075,147522,Auto Loan,56608,4.47,3,Active,0,2023-05-10
700076,132207,Business Loan,243681,5.39,5,Paid Off,0,2023-03-26
700077,102530,Personal Loan,16325,6.95,5,Paid Off,0,2023-08-03
700078,117746,Mortgage,246153,4.37,30,Active,0,2025-11-17
700079,108270,Auto Loan,57313,3.66,5,Paid Off,0,2022-11-29
700080,115079,Mortgage,466218,6.94,30,Defaulted,1,2024-12-06
700081,113624,Business Loan,137978,5.33,5,Paid Off,0,2021-12-03
700082,130638,Personal Loan,2499,3.95,5,Paid Off,0,2021-08-16
700083,130440,Auto Loan,32642,6.17,6,Paid Off,0,2022-04-25
700084,136056,Personal Loan,8027,6.81,5,Paid Off,0,2021-09-03
700085,142651,Personal Loan,21078,5.39,3,Paid Off,0,2023-11-03
700086,136803,Business Loan,112689,6.18,5,Defaulted,1,2023-05-15
700087,148224,Business Loan,152144,6.98,10,Active,0,2026-06-24
700088,129226,Personal Loan,7694,6.93,3,Paid Off,0,2022-02-06
700089,105633,Mortgage,514025,4.98,30,Paid Off,0,2024-03-13
700090,105987,Auto Loan,24879,10.11,5,Active,0,2024-01-02
700091,148063,Mortgage,384524,11.93,30,Paid Off,0,2023-03-01
700092,101812,Personal Loan,22393,3.68,3,Paid Off,0,2025-05-17
700093,127578,Mortgage,518360,6.49,30,Paid Off,0,2023-11-14
700094,116823,Mortgage,551641,6.82,30,Paid Off,0,2023-12-30
700095,103928,Mortgage,553605,3.59,30,Active,0,2026-02-11
700096,137286,Mortgage,593042,5.25,30,Paid Off,0,2021-11-21
700097,125045,Personal Loan,13750,5.56,5,Active,0,2023-04-20
700098,115727,Mortgage,236769,9.02,30,Active,0,2021-08-20
700099,129600,Business Loan,89683,5.26,10,Active,0,2022-05-09
700100,110430,Mortgage,387401,9.73,30,Active,0,2026-02-04
700101,125768,Auto Loan,15940,4.16,5,Active,0,2025-07-10
700102,129103,Auto Loan,31347,3.65,3,Paid Off,0,2023-11-14
700103,136537,Auto Loan,16004,6.17,3,Paid Off,0,2025-07-24
700104,139328,Mortgage,173424,6.63,30,Defaulted,1,2024-10-02
700105,135539,Auto Loan,53843,7.37,5,Active,0,2026-01-16
700106,128075,Mortgage,191169,10.54,30,Paid Off,0,2022-09-21
700107,117840,Auto Loan,17108,11.0,5,Paid Off,0,2022-01-26
700108,127802,Auto Loan,34580,6.08,3,Paid Off,0,2022-07-05
700109,107682,Business Loan,240547,10.66,5,Active,0,2023-09-21
700110,124279,Business Loan,155369,5.31,10,Paid Off,0,2024-07-21
700111,133070,Business Loan,186768,3.95,5,Paid Off,0,2023-10-22
700112,135557,Auto Loan,50751,11.22,5,Active,0,2024-09-18
700113,137189,Auto Loan,55870,4.1,5,Active,0,2025-04-05
700114,147149,Personal Loan,2787,5.46,1,Active,0,2022-09-02
700115,146915,Auto Loan,50983,3.77,3,Active,0,2025-12-13
700116,109801,Auto Loan,13077,4.26,5,Active,0,2022-09-08
700117,138800,Mortgage,446117,6.17,30,Active,0,2026-06-13
700118,124669,Auto Loan,25603,4.38,5,Paid Off,0,2025-10-12
700119,144233,Auto Loan,56375,4.56,3,Defaulted,1,2022-08-28
700120,131919,Personal Loan,13588,7.32,1,Paid Off,0,2024-10-16
700121,107134,Mortgage,390164,3.57,30,Active,0,2024-10-29
700122,133704,Auto Loan,13854,11.03,5,Active,0,2021-07-23
700123,129660,Mortgage,181326,6.43,30,Active,0,2022-10-16
700124,117893,Mortgage,384245,7.6,30,Paid Off,0,2025-09-05
700125,122018,Mortgage,324083,4.25,30,Active,0,2026-03-02
700126,113538,Personal Loan,17798,5.92,3,Paid Off,0,2023-02-06
700127,143118,Personal Loan,3129,5.15,1,Active,0,2024-08-14
700128,136420,Mortgage,281582,4.5,30,Active,0,2024-05-16
700129,109405,Personal Loan,7247,5.98,5,Paid Off,0,2023-07-04
700130,113413,Business Loan,234981,4.16,10,Paid Off,0,2023-02-03
700131,106720,Mortgage,416833,8.03,30,Active,0,2023-09-01
700132,115601,Business Loan,44124,3.89,10,Active,0,2026-06-02
700133,144743,Business Loan,75030,7.04,10,Active,0,2023-03-04
700134,131138,Personal Loan,24912,11.84,5,Active,0,2021-09-22
700135,102729,Business Loan,28956,6.13,10,Paid Off,0,2025-02-22
700136,138242,Mortgage,450080,9.51,30,Active,0,2025-11-14
700137,129625,Personal Loan,22591,6.1,5,Active,0,2022-02-01
700138,147894,Auto Loan,17866,5.57,6,Active,0,2024-05-04
700139,142090,Personal Loan,4666,4.27,3,Paid Off,0,2025-03-31
700140,136399,Auto Loan,20250,5.07,6,Active,0,2022-02-19
700141,106244,Auto Loan,24662,4.74,3,Paid Off,0,2022-04-17
700142,105545,Auto Loan,15402,4.75,5,Paid Off,0,2025-10-16
700143,104064,Auto Loan,54999,10.54,6,Defaulted,1,2023-04-09
700144,112851,Business Loan,135727,4.1,5,Paid Off,0,2022-01-19
700145,121802,Personal Loan,20498,5.84,3,Paid Off,0,2022-03-17
700146,141163,Personal Loan,14713,6.36,1,Paid Off,0,2025-02-26
700147,106232,Mortgage,587965,10.53,30,Active,0,2022-02-08
700148,103862,Auto Loan,18670,6.45,3,Paid Off,0,2023-08-25
700149,135094,Auto Loan,12589,5.66,6,Paid Off,0,2023-06-02
700150,140195,Personal Loan,7569,9.2,5,Active,0,2022-04-30
700151,139250,Business Loan,129251,5.05,5,Active,0,2022-12-20
700152,106217,Personal Loan,3401,11.49,1,Active,0,2022-09-30
700153,136775,Personal Loan,20578,3.65,1,Defaulted,1,2026-01-27
700154,142976,Auto Loan,53378,5.06,6,Paid Off,0,2022-06-15
700155,148467,Business Loan,158558,4.23,10,Active,0,2026-03-13
700156,114831,Mortgage,151457,6.81,30,Defaulted,1,2022-11-17
700157,130092,Business Loan,172541,3.56,10,Defaulted,1,2026-04-09
700158,108893,Business Loan,101915,4.56,5,Paid Off,0,2022-11-28
700159,106020,Business Loan,146186,5.6,10,Active,0,2022-05-21
700160,146088,Business Loan,62744,4.1,10,Active,0,2024-12-24
700161,115242,Business Loan,122260,6.7,10,Paid Off,0,2024-09-07
700162,145307,Business Loan,234666,8.83,10,Active,0,2024-09-30
700163,126550,Mortgage,278759,5.66,30,Paid Off,0,2022-01-07
700164,106034,Auto Loan,39208,8.27,5,Active,0,2022-07-11
700165,107905,Auto Loan,42124,7.92,5,Active,0,2025-04-01
700166,132225,Mortgage,509981,9.56,30,Active,0,2023-07-05
700167,106017,Auto Loan,32378,9.75,6,Paid Off,0,2022-03-08
700168,121879,Auto Loan,42140,3.51,5,Active,0,2021-10-05
700169,102791,Auto Loan,51461,8.4,6,Active,0,2021-10-12
700170,142605,Auto Loan,52888,4.42,5,Paid Off,0,2024-11-04
700171,105823,Mortgage,518130,7.22,30,Defaulted,1,2025-06-13
700172,115387,Auto Loan,10842,7.17,5,Active,0,2025-08-16
700173,129561,Business Loan,42943,11.53,10,Paid Off,0,2022-01-29
700174,139475,Personal Loan,12927,6.03,5,Paid Off,0,2021-10-23
700175,100292,Business Loan,183671,5.03,5,Paid Off,0,2024-06-29
700176,116957,Business Loan,26518,6.88,10,Paid Off,0,2023-12-14
700177,130860,Personal Loan,11609,6.78,5,Active,0,2022-12-15
700178,114073,Personal Loan,10760,3.98,1,Active,0,2025-09-29
700179,121856,Personal Loan,7835,3.52,5,Paid Off,0,2024-05-07
700180,122079,Business Loan,209106,6.11,5,Paid Off,0,2024-03-04
700181,117023,Business Loan,39808,4.49,5,Active,0,2026-04-06
700182,108739,Mortgage,545533,5.96,30,Paid Off,0,2025-09-23
700183,115825,Mortgage,166087,6.93,30,Active,0,2024-05-04
700184,102741,Business Loan,211858,6.11,5,Active,0,2022-07-15
700185,118048,Mortgage,434693,5.51,30,Active,0,2025-01-29
700186,149936,Mortgage,381881,3.87,30,Active,0,2025-05-20
700187,117372,Auto Loan,50230,7.09,6,Paid Off,0,2022-06-05
700188,122021,Personal Loan,21005,6.76,1,Paid Off,0,2022-09-03
700189,146364,Auto Loan,17955,10.21,6,Paid Off,0,2023-05-29
700190,123537,Personal Loan,3796,10.33,1,Paid Off,0,2024-06-08
700191,145499,Mortgage,273449,5.08,30,Paid Off,0,2022-04-28
700192,140185,Mortgage,490475,6.38,30,Active,0,2025-08-31
700193,109613,Personal Loan,24165,6.93,3,Active,0,2025-08-01
700194,143281,Mortgage,181829,5.3,30,Paid Off,0,2024-07-19
700195,137891,Business Loan,134153,6.14,5,Paid Off,0,2022-12-31
700196,126178,Business Loan,66025,4.08,10,Active,0,2023-06-18
700197,145892,Auto Loan,51982,7.43,3,Active,0,2023-10-24
700198,120933,Auto Loan,24177,7.89,5,Paid Off,0,2024-05-16
700199,140971,Personal Loan,12536,5.58,5,Active,0,2026-04-30
700200,122224,Auto Loan,35229,10.71,6,Paid Off,0,2024-12-26
700201,124381,Mortgage,288949,6.57,30,Paid Off,0,2021-09-10
700202,134855,Personal Loan,1098,5.57,5,Paid Off,0,2023-02-07
700203,148577,Auto Loan,27129,3.68,3,Paid Off,0,2023-06-08
700204,138536,Business Loan,124932,3.74,5,Paid Off,0,2022-08-10
700205,131755,Mortgage,466281,5.1,30,Paid Off,0,2022-02-23
700206,107753,Mortgage,388074,6.83,30,Active,0,2023-11-10
700207,146638,Mortgage,248449,4.65,30,Paid Off,0,2025-09-18
700208,143834,Auto Loan,13969,10.46,3,Paid Off,0,2024-09-05
700209,126235,Personal Loan,17311,6.17,3,Paid Off,0,2022-04-17
700210,144229,Mortgage,311740,3.79,30,Paid Off,0,2022-02-25
700211,149596,Personal Loan,8761,4.5,5,Active,0,2026-01-14
700212,118552,Auto Loan,36101,6.56,5,Paid Off,0,2025-08-08
700213,143136,Mortgage,328025,6.23,30,Active,0,2021-08-09
700214,136672,Personal Loan,8579,5.54,5,Paid Off,0,2024-10-30
700215,143649,Mortgage,353565,3.98,30,Active,0,2024-01-15
700216,103940,Personal Loan,5199,6.84,5,Paid Off,0,2026-04-03
700217,131496,Business Loan,207207,9.29,10,Active,0,2022-08-12
700218,126593,Mortgage,168190,4.96,30,Paid Off,0,2026-04-15
700219,123921,Auto Loan,10753,5.82,5,Active,0,2025-01-06
700220,126402,Business Loan,108676,10.78,5,Active,0,2025-06-17
700221,145942,Mortgage,411803,3.56,30,Paid Off,0,2025-11-27
700222,148525,Mortgage,425182,7.33,30,Paid Off,0,2023-09-09
700223,118315,Personal Loan,2128,4.58,5,Paid Off,0,2021-10-09
700224,136893,Mortgage,488497,4.93,30,Paid Off,0,2025-06-13
700225,126695,Mortgage,414688,4.01,30,Active,0,2024-06-03
700226,142127,Auto Loan,28194,6.02,6,Paid Off,0,2021-10-16
700227,114170,Auto Loan,26591,11.87,5,Paid Off,0,2022-03-11
700228,103732,Personal Loan,17440,9.83,1,Paid Off,0,2021-09-15
700229,107881,Personal Loan,16876,5.3,1,Active,0,2023-01-16
700230,106016,Personal Loan,10812,4.14,1,Paid Off,0,2023-04-12
700231,123029,Mortgage,405946,6.44,30,Paid Off,0,2022-01-24
700232,135473,Auto Loan,16875,10.24,6,Paid Off,0,2025-01-16
700233,149685,Auto Loan,29358,6.87,5,Defaulted,1,2026-07-12
700234,104817,Mortgage,489775,4.71,30,Active,0,2022-05-31
700235,141693,Mortgage,579186,4.23,30,Active,0,2025-06-03
700236,112007,Business Loan,248548,5.84,5,Paid Off,0,2025-11-12
700237,141327,Personal Loan,19620,5.71,5,Paid Off,0,2023-02-12
700238,109506,Mortgage,443344,5.47,30,Active,0,2024-02-23
700239,144798,Mortgage,590353,9.97,30,Active,0,2025-11-03
700240,134062,Auto Loan,44393,11.56,3,Paid Off,0,2022-09-16
700241,127474,Business Loan,209260,5.45,10,Active,0,2026-02-16
700242,131143,Auto Loan,20634,5.91,6,Paid Off,0,2022-09-03
700243,121235,Auto Loan,40393,7.14,5,Active,0,2021-11-10
700244,101390,Business Loan,169977,4.79,10,Paid Off,0,2026-06-17
700245,138249,Mortgage,271028,5.85,30,Active,0,2024-07-02
700246,137624,Business Loan,82359,6.58,5,Paid Off,0,2023-04-09
700247,142028,Business Loan,88968,4.69,10,Paid Off,0,2024-12-10
700248,120834,Business Loan,223099,4.97,5,Active,0,2022-02-12
700249,114757,Mortgage,555922,8.21,30,Paid Off,0,2023-11-29
700250,126396,Personal Loan,23092,6.96,5,Active,0,2023-11-07
700251,106808,Auto Loan,37609,8.21,6,Paid Off,0,2022-08-21
700252,109225,Auto Loan,55897,11.49,3,Active,0,2022-05-27
700253,148394,Personal Loan,20985,6.69,1,Active,0,2024-08-11
700254,105395,Personal Loan,17206,7.39,5,Defaulted,1,2024-01-13
700255,106943,Personal Loan,3461,5.36,3,Paid Off,0,2023-12-29
700256,123870,Auto Loan,17872,7.14,5,Active,0,2024-09-04
700257,132492,Business Loan,208347,5.38,10,Paid Off,0,2025-03-15
700258,136345,Personal Loan,12987,6.12,3,Active,0,2024-08-26
700259,110755,Personal Loan,21225,3.96,1,Paid Off,0,2024-01-16
700260,112301,Mortgage,237433,7.65,30,Paid Off,0,2023-06-29
700261,148386,Mortgage,517315,10.52,30,Paid Off,0,2024-01-04
700262,142745,Business Loan,145396,7.22,10,Paid Off,0,2024-03-11
700263,129089,Mortgage,546530,6.99,30,Active,0,2022-05-05
700264,144712,Business Loan,200759,3.93,10,Active,0,2026-02-08
700265,114343,Auto Loan,21545,11.53,3,Active,0,2022-12-03
700266,138172,Personal Loan,3234,4.39,3,Active,0,2024-06-20
700267,105071,Auto Loan,30260,6.64,3,Active,0,2023-10-21
700268,124121,Personal Loan,6464,8.75,3,Active,0,2022-08-14
700269,148809,Mortgage,343550,6.67,30,Active,0,2025-11-03
700270,117820,Mortgage,371384,9.95,30,Paid Off,0,2023-05-16
700271,101122,Personal Loan,3276,4.35,5,Paid Off,0,2026-05-31
700272,111264,Business Loan,230889,8.47,5,Active,0,2021-08-02
700273,130579,Auto Loan,32853,5.99,3,Active,0,2024-10-11
700274,145464,Auto Loan,20608,3.85,5,Active,0,2022-12-02
700275,148216,Auto Loan,20329,4.07,6,Active,0,2021-11-26
700276,143044,Personal Loan,22623,4.13,1,Paid Off,0,2021-08-02
700277,115656,Personal Loan,21702,11.31,3,Active,0,2023-01-20
700278,101900,Mortgage,250527,7.86,30,Active,0,2022-10-23
700279,100147,Mortgage,240314,9.62,30,Paid Off,0,2023-07-01
700280,129642,Personal Loan,19406,6.98,3,Paid Off,0,2023-06-25
700281,103211,Mortgage,155880,5.03,30,Paid Off,0,2023-02-10
700282,143850,Auto Loan,42616,7.38,6,Paid Off,0,2024-08-13
700283,102354,Personal Loan,23523,5.7,3,Active,0,2022-03-17
700284,131520,Business Loan,124105,4.44,5,Paid Off,0,2026-05-08
700285,142583,Personal Loan,21003,8.8,5,Paid Off,0,2024-02-07
700286,143337,Personal Loan,14382,10.6,5,Paid Off,0,2024-03-29
700287,145284,Personal Loan,1246,5.64,3,Paid Off,0,2026-07-16
700288,146956,Auto Loan,44657,4.08,5,Active,0,2025-05-09
700289,148790,Business Loan,232985,8.02,10,Paid Off,0,2022-07-09
700290,136585,Business Loan,186417,4.62,5,Paid Off,0,2026-05-09
700291,110465,Business Loan,42197,6.65,5,Active,0,2023-11-12
700292,107821,Mortgage,185754,8.1,30,Active,0,2023-12-23
700293,107205,Personal Loan,9330,4.6,1,Defaulted,1,2022-09-15
700294,106413,Business Loan,125882,6.57,10,Paid Off,0,2024-01-07
700295,134046,Mortgage,571500,10.03,30,Active,0,2022-03-13
700296,112728,Mortgage,394340,10.24,30,Paid Off,0,2026-01-17
700297,106925,Auto Loan,37265,3.83,6,Paid Off,0,2022-01-27
700298,127995,Business Loan,99050,5.44,10,Active,0,2022-01-26
700299,137612,Mortgage,185333,4.4,30,Paid Off,0,2021-11-02
700300,139483,Mortgage,232793,6.12,30,Paid Off,0,2025-05-29
700301,103016,Mortgage,476995,5.57,30,Active,0,2026-07-16
700302,101640,Personal Loan,2100,11.1,5,Paid Off,0,2022-07-03
700303,108883,Mortgage,356026,3.93,30,Paid Off,0,2023-04-05
700304,137601,Auto Loan,56830,11.04,5,Paid Off,0,2023-01-13
700305,112969,Personal Loan,5967,11.65,3,Active,0,2022-03-03
700306,123463,Business Loan,112895,4.39,10,Paid Off,0,2025-01-27
700307,115757,Mortgage,350901,5.83,30,Active,0,2024-12-14
700308,144076,Business Loan,40218,9.01,10,Paid Off,0,2026-05-13
700309,104086,Personal Loan,13693,4.47,5,Defaulted,1,2023-04-06
700310,100508,Personal Loan,16023,11.54,5,Paid Off,0,2026-01-07
700311,106354,Mortgage,279725,6.53,30,Paid Off,0,2024-03-04
700312,129644,Personal Loan,3936,6.35,3,Active,0,2021-07-25
700313,120815,Auto Loan,15911,10.29,3,Paid Off,0,2025-06-04
700314,106234,Business Loan,241304,3.97,5,Paid Off,0,2023-09-29
700315,131989,Auto Loan,10591,4.09,3,Active,0,2024-07-17
700316,112995,Mortgage,301448,4.55,30,Paid Off,0,2023-09-19
700317,142501,Auto Loan,32473,6.77,6,Paid Off,0,2024-10-29
700318,138920,Personal Loan,20523,8.34,5,Active,0,2024-11-29
700319,100262,Business Loan,66897,6.94,10,Active,0,2023-10-22
700320,107891,Personal Loan,8725,10.68,3,Active,0,2021-12-28
700321,110527,Auto Loan,40733,8.13,3,Paid Off,0,2025-01-02
700322,118600,Auto Loan,18680,5.67,3,Active,0,2024-12-18
700323,124114,Auto Loan,32940,7.16,6,Paid Off,0,2023-06-03
700324,133498,Business Loan,137491,6.1,5,Active,0,2025-10-17
700325,113471,Personal Loan,8928,4.33,3,Active,0,2022-11-20
700326,131725,Business Loan,35518,7.97,10,Active,0,2023-05-22
700327,123690,Mortgage,158153,4.06,30,Active,0,2025-10-28
700328,110557,Auto Loan,10540,4.81,6,Paid Off,0,2025-08-30
700329,106556,Mortgage,332011,8.57,30,Paid Off,0,2026-02-15
700330,145577,Mortgage,170924,8.1,30,Defaulted,1,2021-11-15
700331,141503,Auto Loan,40422,5.1,3,Active,0,2022-12-17
700332,127872,Auto Loan,44545,5.75,5,Paid Off,0,2022-05-05
700333,110810,Auto Loan,51948,6.69,3,Active,0,2023-10-24
700334,138214,Business Loan,41686,3.75,5,Active,0,2024-08-31
700335,111730,Auto Loan,39701,4.59,6,Paid Off,0,2025-12-10
700336,127438,Auto Loan,27166,5.99,3,Paid Off,0,2026-01-19
700337,121779,Business Loan,99565,9.15,5,Paid Off,0,2026-05-20
700338,134079,Business Loan,108053,4.49,5,Active,0,2022-06-21
700339,122915,Mortgage,359573,11.12,30,Paid Off,0,2022-02-24
700340,108085,Business Loan,124706,6.32,10,Paid Off,0,2024-05-19
700341,143467,Business Loan,101017,5.28,10,Paid Off,0,2025-01-11
700342,114709,Mortgage,384781,3.64,30,Active,0,2021-10-30
700343,115466,Business Loan,39813,6.58,5,Paid Off,0,2026-02-10
700344,137172,Personal Loan,20472,10.74,1,Paid Off,0,2026-04-13
700345,128748,Auto Loan,17234,10.6,6,Defaulted,1,2025-06-29
700346,103104,Auto Loan,41993,5.29,3,Paid Off,0,2024-03-02
700347,100708,Auto Loan,51269,6.73,3,Paid Off,0,2025-01-13
700348,138385,Business Loan,82568,5.78,5,Paid Off,0,2024-10-23
700349,123444,Auto Loan,33120,4.81,5,Paid Off,0,2024-05-30
700350,126510,Mortgage,356567,5.32,30,Paid Off,0,2023-11-17
700351,108466,Mortgage,552689,5.46,30,Active,0,2023-08-08
700352,106230,Personal Loan,3019,5.45,3,Active,0,2021-09-09
700353,146358,Auto Loan,34715,5.6,5,Active,0,2023-04-23
700354,139357,Mortgage,157080,6.55,30,Active,0,2024-10-21
700355,116386,Business Loan,64188,7.55,10,Defaulted,1,2022-02-24
700356,134165,Mortgage,186106,6.96,30,Active,0,2023-06-13
700357,104168,Auto Loan,24351,4.88,6,Active,0,2023-10-26
700358,105803,Auto Loan,20210,5.17,5,Active,0,2021-10-17
700359,112753,Auto Loan,28406,9.89,3,Active,0,2025-03-18
700360,102189,Mortgage,225500,6.55,30,Paid Off,0,2025-05-18
700361,112187,Auto Loan,52480,7.17,3,Active,0,2026-02-20
700362,131727,Personal Loan,8691,9.9,5,Active,0,2023-11-30
700363,119245,Business Loan,153902,5.87,5,Paid Off,0,2025-04-07
700364,137866,Business Loan,160692,6.43,10,Defaulted,1,2026-07-04
700365,143514,Personal Loan,10215,4.38,1,Active,0,2025-09-23
700366,108718,Business Loan,109603,10.08,5,Paid Off,0,2024-06-19
700367,128824,Auto Loan,27462,11.08,5,Active,0,2024-01-26
700368,124468,Business Loan,226743,3.58,10,Active,0,2022-11-11
700369,148252,Auto Loan,19301,5.58,6,Paid Off,0,2025-04-30
700370,107201,Auto Loan,36288,9.11,5,Active,0,2025-11-04
700371,109282,Auto Loan,42748,6.08,3,Defaulted,1,2026-01-30
700372,126820,Mortgage,292457,3.7,30,Active,0,2022-11-15
700373,127373,Personal Loan,2618,4.63,5,Active,0,2022-04-19
700374,122492,Auto Loan,23208,6.42,6,Paid Off,0,2022-09-26
700375,145637,Auto Loan,22413,6.31,3,Active,0,2021-10-29
700376,145879,Auto Loan,22903,9.06,3,Active,0,2024-12-18
700377,129339,Auto Loan,40866,5.57,5,Paid Off,0,2022-03-21
700378,146547,Auto Loan,20163,5.43,3,Active,0,2023-08-18
700379,110803,Personal Loan,23059,5.56,1,Paid Off,0,2024-08-06
700380,120964,Personal Loan,11158,4.96,1,Paid Off,0,2024-10-23
700381,130032,Mortgage,542120,9.91,30,Paid Off,0,2021-12-29
700382,105222,Auto Loan,22055,4.88,3,Active,0,2024-04-10
700383,100659,Auto Loan,26153,4.15,5,Paid Off,0,2026-01-25
700384,133245,Business Loan,220068,6.87,5,Active,0,2024-02-27
700385,105865,Personal Loan,7973,5.27,1,Paid Off,0,2021-07-24
700386,148871,Personal Loan,2733,6.13,3,Paid Off,0,2023-10-16
700387,122985,Mortgage,549554,9.27,30,Paid Off,0,2021-07-17
700388,128880,Mortgage,506505,4.98,30,Paid Off,0,2025-09-27
700389,147087,Auto Loan,57401,6.92,6,Paid Off,0,2022-10-17
700390,126527,Personal Loan,22159,7.73,1,Active,0,2022-11-16
700391,109647,Auto Loan,13519,10.42,6,Paid Off,0,2025-04-29
700392,149545,Auto Loan,38339,5.03,5,Paid Off,0,2022-11-03
700393,132374,Mortgage,346880,6.0,30,Active,0,2023-05-21
700394,126158,Personal Loan,1497,5.64,3,Paid Off,0,2023-08-05
700395,111711,Personal Loan,24409,3.65,1,Active,0,2022-09-29
700396,127238,Business Loan,242472,9.27,10,Active,0,2022-04-24
700397,118353,Business Loan,31646,5.08,5,Paid Off,0,2024-07-13
700398,149514,Mortgage,445944,10.6,30,Paid Off,0,2022-11-05
700399,121724,Mortgage,166653,9.24,30,Paid Off,0,2023-08-08
700400,125924,Personal Loan,24801,5.06,5,Active,0,2022-03-09
700401,141389,Business Loan,166655,11.62,5,Active,0,2025-11-04
700402,104772,Personal Loan,9912,4.52,3,Active,0,2024-10-23
700403,135204,Auto Loan,44778,8.72,5,Paid Off,0,2023-01-22
700404,127878,Mortgage,426691,6.25,30,Paid Off,0,2025-07-01
700405,105874,Personal Loan,13001,5.78,1,Defaulted,1,2025-07-31
700406,117804,Business Loan,90275,6.99,10,Active,0,2025-04-28
700407,134223,Mortgage,210220,5.85,30,Active,0,2022-05-17
700408,107841,Mortgage,378866,3.8,30,Active,0,2025-07-12
700409,115922,Business Loan,140256,3.77,10,Paid Off,0,2024-04-07
700410,128366,Mortgage,235607,6.42,30,Paid Off,0,2026-02-02
700411,112083,Auto Loan,41464,10.61,6,Paid Off,0,2022-04-11
700412,120033,Personal Loan,19257,7.22,5,Active,0,2025-10-22
700413,114487,Auto Loan,58666,7.07,3,Paid Off,0,2025-07-26
700414,120818,Mortgage,577028,6.91,30,Paid Off,0,2025-09-05
700415,137517,Business Loan,79640,6.59,10,Paid Off,0,2023-06-18
700416,144235,Auto Loan,23273,6.21,3,Paid Off,0,2024-08-22
700417,148650,Business Loan,122967,4.46,5,Paid Off,0,2022-04-18
700418,136235,Auto Loan,18064,5.31,5,Paid Off,0,2025-09-23
700419,121069,Personal Loan,15235,5.57,1,Active,0,2021-10-21
700420,109523,Mortgage,269846,5.75,30,Active,0,2022-10-04
700421,132755,Business Loan,174775,5.87,10,Paid Off,0,2025-10-07
700422,112053,Auto Loan,55287,5.76,3,Paid Off,0,2026-06-05
700423,123593,Auto Loan,50468,6.28,3,Paid Off,0,2023-11-09
700424,108037,Mortgage,360178,6.83,30,Paid Off,0,2025-02-21
700425,146976,Personal Loan,9994,7.0,1,Paid Off,0,2026-04-22
700426,116399,Mortgage,332901,11.15,30,Active,0,2025-12-17
700427,145785,Mortgage,166917,3.91,30,Active,0,2024-04-30
700428,134615,Business Loan,58269,4.14,5,Active,0,2025-07-14
700429,107624,Auto Loan,18071,11.7,5,Paid Off,0,2025-07-15
700430,113661,Mortgage,590576,6.74,30,Active,0,2025-02-01
700431,137736,Personal Loan,21189,4.8,3,Paid Off,0,2024-10-07
700432,126541,Mortgage,407675,8.3,30,Paid Off,0,2026-02-08
700433,113267,Mortgage,566818,7.64,30,Active,0,2024-09-29
700434,118082,Personal Loan,15079,3.69,1,Paid Off,0,2025-09-16
700435,148085,Personal Loan,12102,3.53,3,Paid Off,0,2022-06-14
700436,142767,Auto Loan,55166,10.93,6,Paid Off,0,2024-10-21
700437,104070,Business Loan,210228,11.82,10,Paid Off,0,2022-01-29
700438,116286,Personal Loan,14717,5.01,3,Paid Off,0,2022-05-24
700439,101118,Mortgage,223517,4.64,30,Active,0,2025-05-22
700440,110074,Business Loan,25818,6.35,10,Active,0,2022-05-17
700441,111373,Auto Loan,30147,4.07,3,Active,0,2026-06-05
700442,132684,Auto Loan,16277,4.69,5,Paid Off,0,2022-02-05
700443,146433,Business Loan,181870,4.32,10,Active,0,2021-11-22
700444,125349,Auto Loan,43575,4.51,6,Active,0,2023-05-25
700445,106715,Business Loan,60031,4.86,5,Paid Off,0,2026-01-30
700446,134567,Auto Loan,38813,5.68,3,Active,0,2023-10-08
700447,101030,Personal Loan,10886,4.08,5,Paid Off,0,2025-04-16
700448,122753,Auto Loan,43940,6.37,6,Paid Off,0,2024-01-31
700449,111761,Personal Loan,18198,5.94,3,Active,0,2024-09-24
700450,135896,Mortgage,567796,4.88,30,Paid Off,0,2024-01-23
700451,114492,Personal Loan,18794,6.66,5,Paid Off,0,2024-05-17
700452,125085,Personal Loan,19454,11.47,5,Paid Off,0,2025-03-01
700453,120395,Personal Loan,18856,11.75,3,Paid Off,0,2024-10-27
700454,104813,Mortgage,332998,9.94,30,Paid Off,0,2024-01-05
700455,108994,Business Loan,230118,6.5,5,Paid Off,0,2025-04-22
700456,149691,Personal Loan,4345,4.41,1,Paid Off,0,2026-01-04
700457,121374,Personal Loan,12062,11.76,1,Active,0,2022-04-24
700458,130242,Auto Loan,24830,4.9,6,Paid Off,0,2025-08-06
700459,147578,Mortgage,162061,7.22,30,Active,0,2026-01-24
700460,101164,Auto Loan,48313,4.01,5,Active,0,2023-04-19
700461,124810,Business Loan,38362,3.99,5,Active,0,2025-12-17
700462,121109,Personal Loan,22391,3.66,1,Paid Off,0,2023-08-23
700463,103697,Personal Loan,17751,3.96,5,Active,0,2022-07-19
700464,111438,Auto Loan,54681,3.51,6,Defaulted,1,2023-12-02
700465,104469,Mortgage,532476,6.66,30,Active,0,2022-08-26
700466,109807,Mortgage,554151,10.52,30,Paid Off,0,2024-08-01
700467,147767,Personal Loan,24053,3.86,5,Active,0,2023-10-01
700468,106748,Mortgage,440404,7.78,30,Active,0,2023-12-03
700469,149184,Auto Loan,52029,5.53,3,Active,0,2022-06-09
700470,117378,Personal Loan,20225,5.8,3,Active,0,2023-02-11
700471,136884,Mortgage,281855,6.91,30,Active,0,2024-10-24
700472,113356,Mortgage,311075,7.86,30,Active,0,2025-11-08
700473,132404,Personal Loan,9303,4.64,5,Paid Off,0,2022-05-24
700474,142454,Auto Loan,41545,4.25,6,Active,0,2025-01-08
700475,146065,Auto Loan,29611,5.08,3,Paid Off,0,2024-12-13
700476,111538,Personal Loan,3450,3.97,5,Paid Off,0,2026-06-07
700477,102008,Personal Loan,16890,8.27,3,Paid Off,0,2022-11-24
700478,103221,Auto Loan,23416,6.8,5,Paid Off,0,2022-02-14
700479,144996,Mortgage,559227,5.34,30,Paid Off,0,2024-10-11
700480,118762,Personal Loan,2607,9.08,5,Active,0,2022-06-05
700481,114165,Mortgage,441846,6.47,30,Paid Off,0,2022-03-08
700482,140683,Business Loan,29260,8.6,5,Paid Off,0,2023-04-25
700483,125080,Auto Loan,27474,6.52,6,Active,0,2026-05-31
700484,101822,Personal Loan,4491,4.59,5,Active,0,2021-10-20
700485,144661,Personal Loan,12113,6.77,3,Active,0,2024-05-07
700486,106848,Auto Loan,16025,6.35,5,Paid Off,0,2024-12-15
700487,112635,Auto Loan,53603,3.77,6,Paid Off,0,2023-12-28
700488,137668,Personal Loan,14117,6.29,1,Active,0,2022-01-25
700489,106095,Mortgage,400293,5.46,30,Active,0,2021-08-28
700490,139248,Business Loan,165655,5.29,5,Paid Off,0,2026-07-01
700491,110577,Auto Loan,40751,4.03,6,Active,0,2021-11-13
700492,131074,Auto Loan,25801,11.23,6,Paid Off,0,2021-08-01
700493,129112,Auto Loan,17781,4.65,6,Paid Off,0,2025-09-11
700494,110192,Mortgage,346098,5.19,30,Paid Off,0,2021-11-17
700495,100314,Personal Loan,14500,6.84,1,Paid Off,0,2024-05-11
700496,111449,Auto Loan,35038,7.12,3,Active,0,2022-09-11
700497,130745,Auto Loan,27491,4.8,3,Active,0,2025-06-04
700498,129702,Auto Loan,26979,3.79,5,Paid Off,0,2023-08-07
700499,127658,Auto Loan,17104,11.57,6,Paid Off,0,2025-07-03
700500,123685,Auto Loan,28219,4.74,6,Paid Off,0,2023-07-04
700501,128375,Personal Loan,14598,5.35,1,Paid Off,0,2022-12-10
700502,103085,Business Loan,112719,5.15,10,Active,0,2024-03-23
700503,149371,Business Loan,126437,10.52,5,Active,0,2022-05-23
700504,103751,Auto Loan,39701,6.04,5,Paid Off,0,2024-11-05
700505,105048,Personal Loan,5595,8.4,5,Active,0,2023-06-19
700506,129186,Personal Loan,10364,9.09,3,Active,0,2024-07-25
700507,130708,Mortgage,433640,4.92,30,Active,0,2024-09-20
700508,120146,Personal Loan,10781,5.59,3,Paid Off,0,2025-04-06
700509,132249,Business Loan,215123,9.09,5,Active,0,2026-01-11
700510,104969,Auto Loan,29104,5.93,5,Paid Off,0,2026-02-03
700511,130525,Personal Loan,4101,5.87,5,Paid Off,0,2021-10-20
700512,118494,Business Loan,126101,5.39,10,Paid Off,0,2022-12-03
700513,138064,Mortgage,325059,4.7,30,Active,0,2026-04-03
700514,141836,Mortgage,523729,6.78,30,Paid Off,0,2022-11-18
700515,132752,Business Loan,204903,7.93,5,Active,0,2021-12-27
700516,120073,Business Loan,171050,6.63,10,Paid Off,0,2024-02-27
700517,126273,Mortgage,174125,5.19,30,Paid Off,0,2021-08-04
700518,113649,Auto Loan,58501,6.69,5,Paid Off,0,2022-04-23
700519,125533,Business Loan,122529,6.76,5,Paid Off,0,2024-03-13
700520,117521,Auto Loan,18851,6.74,3,Active,0,2022-09-11
700521,125480,Mortgage,239989,9.12,30,Paid Off,0,2024-10-24
700522,148234,Auto Loan,23892,6.84,6,Active,0,2021-12-14
700523,148787,Auto Loan,44399,4.71,3,Paid Off,0,2024-07-15
700524,132389,Business Loan,40475,10.7,10,Paid Off,0,2021-09-15
700525,105086,Mortgage,416881,6.48,30,Paid Off,0,2026-04-07
700526,117252,Business Loan,213058,4.96,10,Active,0,2022-11-11
700527,104039,Mortgage,173107,6.49,30,Active,0,2021-10-10
700528,118386,Mortgage,179116,4.25,30,Paid Off,0,2024-07-20
700529,104246,Auto Loan,59345,4.17,5,Active,0,2022-07-04
700530,118627,Personal Loan,6104,4.96,3,Paid Off,0,2025-05-08
700531,100879,Auto Loan,30221,11.61,3,Active,0,2026-02-11
700532,123298,Business Loan,126651,9.39,5,Paid Off,0,2023-03-19
700533,129752,Auto Loan,28410,5.47,3,Paid Off,0,2026-07-13
700534,130172,Business Loan,230773,5.81,5,Paid Off,0,2023-04-28
700535,128559,Personal Loan,10065,5.03,3,Paid Off,0,2024-09-10
700536,118863,Mortgage,286229,7.94,30,Paid Off,0,2022-09-18
700537,143343,Auto Loan,26014,4.89,5,Active,0,2023-05-07
700538,134210,Business Loan,144358,5.0,5,Active,0,2023-05-11
700539,126083,Auto Loan,21322,6.45,6,Active,0,2024-06-30
700540,101941,Business Loan,238681,5.45,5,Paid Off,0,2026-03-01
700541,122225,Personal Loan,19776,5.61,3,Paid Off,0,2022-03-06
700542,144691,Auto Loan,31193,4.92,6,Active,0,2024-05-27
700543,143239,Mortgage,464443,7.48,30,Paid Off,0,2022-11-18
700544,123859,Auto Loan,13682,11.0,3,Active,0,2022-05-29
700545,114158,Auto Loan,21639,7.6,6,Paid Off,0,2022-07-30
700546,133875,Personal Loan,24218,6.42,5,Active,0,2022-06-24
700547,148104,Business Loan,100426,6.99,5,Active,0,2025-12-20
700548,123449,Mortgage,202043,6.12,30,Paid Off,0,2023-10-13
700549,106623,Auto Loan,13798,4.64,6,Paid Off,0,2023-09-27
700550,138264,Auto Loan,29696,6.08,3,Active,0,2021-07-19
700551,126241,Business Loan,131073,6.33,5,Active,0,2022-12-18
700552,147591,Auto Loan,30692,6.42,6,Paid Off,0,2022-05-24
700553,124155,Personal Loan,18295,6.35,5,Paid Off,0,2026-05-20
700554,132058,Personal Loan,20159,7.03,3,Paid Off,0,2021-10-13
700555,109331,Auto Loan,22273,6.95,5,Paid Off,0,2023-06-17
700556,143564,Auto Loan,48467,11.06,6,Paid Off,0,2026-01-23
700557,103493,Auto Loan,58405,5.28,6,Active,0,2024-03-18
700558,104878,Mortgage,534996,5.5,30,Active,0,2022-06-09
700559,147062,Mortgage,273790,4.25,30,Paid Off,0,2025-06-17
700560,100998,Mortgage,412537,11.22,30,Defaulted,1,2022-11-12
700561,137086,Auto Loan,13905,6.61,5,Paid Off,0,2022-02-24
700562,136437,Personal Loan,24009,8.85,5,Paid Off,0,2023-01-13
700563,134749,Personal Loan,12412,4.1,3,Paid Off,0,2023-12-28
700564,128616,Business Loan,65484,5.72,10,Paid Off,0,2024-06-15
700565,137095,Business Loan,47172,9.72,5,Paid Off,0,2022-05-01
700566,122810,Auto Loan,27598,4.35,6,Active,0,2025-06-30
700567,107142,Auto Loan,57687,11.91,3,Active,0,2026-03-12
700568,121558,Mortgage,177693,6.27,30,Paid Off,0,2021-07-27
700569,109935,Personal Loan,11312,6.04,5,Active,0,2023-02-10
700570,104788,Auto Loan,29795,6.39,5,Paid Off,0,2022-03-03
700571,130510,Mortgage,222286,5.43,30,Paid Off,0,2022-01-05
700572,131189,Personal Loan,16413,7.25,3,Paid Off,0,2025-02-16
700573,120083,Auto Loan,51696,4.98,5,Active,0,2022-03-12
700574,110823,Auto Loan,21616,6.68,5,Active,0,2026-04-07
700575,100672,Personal Loan,24911,8.84,3,Active,0,2022-01-08
700576,115594,Business Loan,96141,4.25,10,Active,0,2024-05-18
700577,143048,Personal Loan,16668,5.25,3,Active,0,2022-01-21
700578,121911,Auto Loan,14996,3.94,3,Paid Off,0,2022-05-13
700579,111868,Personal Loan,16346,5.32,5,Active,0,2025-09-23
700580,134690,Auto Loan,50834,3.94,5,Active,0,2022-06-22
700581,111321,Auto Loan,28681,11.58,3,Active,0,2022-08-04
700582,144211,Business Loan,106571,7.0,10,Paid Off,0,2021-10-28
700583,124614,Auto Loan,32692,6.44,5,Active,0,2023-09-25
700584,112005,Business Loan,196026,6.92,5,Active,0,2021-08-07
700585,103939,Mortgage,352128,7.29,30,Active,0,2022-06-28
700586,104613,Mortgage,439676,10.05,30,Active,0,2025-01-23
700587,136759,Mortgage,233190,7.42,30,Active,0,2024-08-07
700588,131458,Business Loan,97671,11.64,10,Paid Off,0,2026-05-16
700589,144952,Auto Loan,38734,6.67,3,Active,0,2025-04-16
700590,104347,Business Loan,116526,10.31,5,Paid Off,0,2025-10-10
700591,139327,Auto Loan,40776,4.76,6,Active,0,2023-09-22
700592,149922,Personal Loan,8399,5.21,3,Paid Off,0,2024-04-09
700593,122393,Auto Loan,13354,11.21,5,Active,0,2021-08-20
700594,103156,Business Loan,248379,5.25,10,Active,0,2025-12-13
700595,129917,Personal Loan,1074,4.66,5,Paid Off,0,2023-01-11
700596,137223,Business Loan,76770,4.22,10,Paid Off,0,2023-07-17
700597,113478,Auto Loan,58655,5.35,3,Defaulted,1,2025-04-08
700598,113871,Personal Loan,16599,11.44,1,Active,0,2022-05-20
700599,138555,Mortgage,286399,7.16,30,Active,0,2025-08-02
700600,125329,Auto Loan,31996,5.99,6,Active,0,2023-03-25
700601,144684,Personal Loan,6234,4.8,1,Active,0,2024-10-13
700602,100985,Mortgage,179555,5.28,30,Paid Off,0,2021-12-20
700603,137139,Business Loan,243500,6.94,10,Active,0,2025-12-03
700604,135033,Personal Loan,5139,7.73,3,Paid Off,0,2022-11-02
700605,123730,Business Loan,28195,6.66,5,Paid Off,0,2021-07-31
700606,107530,Auto Loan,13132,5.17,6,Paid Off,0,2023-03-31
700607,144394,Mortgage,594940,3.96,30,Paid Off,0,2025-09-16
700608,132948,Business Loan,242515,4.63,10,Active,0,2024-11-10
700609,130877,Business Loan,196758,4.37,10,Paid Off,0,2024-08-12
700610,129930,Auto Loan,55723,8.1,5,Active,0,2026-07-06
700611,123415,Mortgage,341855,11.5,30,Paid Off,0,2024-10-20
700612,106059,Business Loan,218387,8.28,5,Paid Off,0,2026-05-04
700613,123679,Business Loan,233327,5.07,5,Paid Off,0,2025-03-27
700614,115940,Mortgage,156692,5.0,30,Active,0,2025-05-07
700615,106948,Mortgage,470300,6.22,30,Paid Off,0,2023-02-11
700616,130095,Personal Loan,22975,7.15,1,Active,0,2024-10-24
700617,141339,Personal Loan,2893,7.15,1,Paid Off,0,2024-11-24
700618,149598,Mortgage,572725,3.8,30,Paid Off,0,2024-04-02
700619,133183,Auto Loan,14156,6.46,5,Defaulted,1,2021-08-24
700620,116580,Auto Loan,25456,4.35,5,Active,0,2022-09-26
700621,101388,Auto Loan,50403,5.99,5,Paid Off,0,2026-04-10
700622,121350,Business Loan,123032,6.46,10,Active,0,2021-09-01
700623,149750,Business Loan,247621,5.81,10,Paid Off,0,2023-03-17
700624,134431,Business Loan,165828,6.75,5,Active,0,2022-12-15
700625,124454,Mortgage,166107,5.09,30,Active,0,2022-09-06
700626,140359,Personal Loan,17760,7.56,1,Active,0,2024-03-13
700627,118577,Mortgage,558892,6.04,30,Active,0,2026-04-21
700628,133451,Auto Loan,17350,7.15,3,Active,0,2023-12-22
700629,147852,Personal Loan,12942,5.91,5,Active,0,2025-09-03
700630,100004,Business Loan,189785,6.8,5,Active,0,2022-03-20
700631,129182,Personal Loan,10268,6.26,5,Paid Off,0,2023-05-26
700632,108230,Mortgage,157911,6.71,30,Active,0,2022-01-23
700633,105946,Business Loan,209662,5.64,10,Active,0,2024-06-27
700634,107822,Business Loan,227227,4.95,10,Paid Off,0,2023-01-12
700635,119486,Business Loan,180813,4.24,5,Paid Off,0,2025-09-09
700636,115384,Mortgage,159204,6.16,30,Active,0,2023-11-06
700637,141099,Mortgage,239996,5.51,30,Active,0,2024-06-07
700638,118183,Auto Loan,51033,4.55,6,Paid Off,0,2025-05-24
700639,127161,Personal Loan,11094,3.73,5,Paid Off,0,2025-12-13
700640,111645,Personal Loan,4703,6.26,3,Active,0,2022-06-23
700641,124390,Auto Loan,54279,7.64,3,Active,0,2026-05-19
700642,104850,Auto Loan,30219,8.26,6,Active,0,2025-10-23
700643,147435,Auto Loan,31507,6.58,6,Paid Off,0,2022-12-29
700644,142206,Auto Loan,57245,10.91,3,Paid Off,0,2021-11-19
700645,145340,Personal Loan,24066,6.67,1,Paid Off,0,2024-09-08
700646,128169,Auto Loan,14430,6.95,5,Paid Off,0,2022-07-05
700647,103419,Personal Loan,1434,7.27,3,Paid Off,0,2022-08-25
700648,142590,Personal Loan,17284,8.03,5,Active,0,2026-02-09
700649,138734,Auto Loan,55274,3.55,3,Paid Off,0,2026-03-17
700650,136719,Mortgage,193088,5.75,30,Paid Off,0,2025-03-04
700651,129497,Personal Loan,18008,7.95,3,Active,0,2023-05-16
700652,104362,Personal Loan,9002,11.19,1,Defaulted,1,2023-08-19
700653,104028,Personal Loan,11820,6.58,1,Paid Off,0,2025-06-10
700654,103426,Mortgage,395396,6.63,30,Paid Off,0,2024-05-21
700655,120268,Mortgage,542777,7.67,30,Paid Off,0,2022-07-08
700656,120057,Business Loan,169255,4.18,10,Paid Off,0,2025-04-06
700657,111478,Auto Loan,48327,6.28,3,Paid Off,0,2026-04-15
700658,147944,Business Loan,92386,4.92,5,Active,0,2024-05-07
700659,129392,Auto Loan,56273,10.96,3,Active,0,2026-04-27
700660,129046,Auto Loan,38125,11.68,3,Paid Off,0,2024-07-16
700661,108564,Business Loan,35872,6.34,10,Paid Off,0,2023-12-09
700662,139506,Personal Loan,4341,11.18,1,Paid Off,0,2024-01-19
700663,149804,Personal Loan,15593,8.78,5,Active,0,2025-02-24
700664,125449,Mortgage,374939,11.65,30,Active,0,2024-10-06
700665,134921,Auto Loan,14533,6.68,3,Paid Off,0,2023-11-05
700666,130477,Personal Loan,15477,9.37,5,Paid Off,0,2022-02-25
700667,113519,Auto Loan,55341,7.22,3,Active,0,2021-11-24
700668,134007,Business Loan,219548,6.2,5,Paid Off,0,2024-05-02
700669,121315,Auto Loan,27176,8.98,3,Active,0,2022-06-08
700670,142424,Personal Loan,13305,6.34,1,Active,0,2021-12-14
700671,148900,Mortgage,171367,5.65,30,Active,0,2024-07-17
700672,147632,Business Loan,93839,10.49,10,Paid Off,0,2022-01-15
700673,149788,Business Loan,105857,5.39,5,Active,0,2024-04-17
700674,144231,Personal Loan,7206,10.67,5,Active,0,2026-04-22
700675,110723,Mortgage,163754,7.61,30,Paid Off,0,2024-06-30
700676,113154,Business Loan,155694,7.85,5,Defaulted,1,2022-03-09
700677,113762,Mortgage,517232,6.22,30,Active,0,2025-11-20
700678,142811,Auto Loan,10610,10.42,6,Active,0,2023-01-29
700679,130803,Mortgage,157829,5.45,30,Active,0,2023-04-16
700680,136260,Personal Loan,1972,6.23,5,Paid Off,0,2026-03-31
700681,121436,Mortgage,390406,4.09,30,Paid Off,0,2021-11-17
700682,125970,Mortgage,303679,6.41,30,Active,0,2025-03-21
700683,132203,Auto Loan,24269,6.26,5,Active,0,2026-01-14
700684,107180,Business Loan,237820,6.87,5,Active,0,2023-07-08
700685,141280,Business Loan,117079,11.47,10,Paid Off,0,2022-06-03
700686,128086,Mortgage,461948,5.65,30,Defaulted,1,2024-11-05
700687,113701,Auto Loan,17262,4.89,6,Paid Off,0,2022-08-18
700688,101003,Personal Loan,11989,5.91,1,Paid Off,0,2022-10-06
700689,109058,Mortgage,555414,10.16,30,Paid Off,0,2023-06-14
700690,144234,Business Loan,209242,7.84,5,Defaulted,1,2026-05-08
700691,125674,Personal Loan,17391,6.78,1,Paid Off,0,2024-10-20
700692,145055,Personal Loan,17340,8.55,1,Paid Off,0,2022-09-26
700693,135143,Personal Loan,15105,8.49,3,Active,0,2023-10-14
700694,138162,Mortgage,252476,10.44,30,Active,0,2024-12-24
700695,122476,Auto Loan,53010,6.39,5,Paid Off,0,2024-02-13
700696,123006,Auto Loan,26740,5.05,6,Paid Off,0,2024-04-05
700697,145343,Mortgage,482096,6.86,30,Paid Off,0,2026-05-14
700698,136127,Business Loan,236453,5.02,5,Paid Off,0,2022-03-24
700699,149709,Personal Loan,17457,5.56,5,Paid Off,0,2024-05-04
700700,113098,Business Loan,115648,8.4,5,Paid Off,0,2023-02-22
700701,137195,Auto Loan,58266,6.41,5,Active,0,2022-06-18
700702,104107,Auto Loan,17008,5.78,5,Paid Off,0,2025-02-02
700703,141335,Business Loan,97645,5.72,10,Active,0,2022-02-17
700704,125222,Business Loan,142470,9.67,5,Active,0,2025-08-11
700705,135839,Mortgage,320894,4.91,30,Active,0,2022-02-01
700706,129718,Auto Loan,56667,8.58,3,Active,0,2022-01-30
700707,146952,Auto Loan,26838,6.56,5,Paid Off,0,2022-01-16
700708,129827,Mortgage,247258,7.57,30,Paid Off,0,2024-07-18
700709,117542,Business Loan,173745,11.26,10,Active,0,2025-08-14
700710,124915,Auto Loan,31961,8.06,5,Paid Off,0,2021-12-18
700711,104513,Business Loan,82177,7.85,5,Active,0,2024-09-22
700712,119936,Personal Loan,21970,11.03,1,Active,0,2026-07-03
700713,146524,Mortgage,587086,4.32,30,Active,0,2025-03-23
700714,124510,Mortgage,384719,5.48,30,Paid Off,0,2023-05-08
700715,127441,Personal Loan,6131,7.26,1,Paid Off,0,2026-04-02
700716,112001,Business Loan,80446,6.13,5,Paid Off,0,2023-09-16
700717,123353,Mortgage,547352,4.13,30,Paid Off,0,2024-10-05
700718,127292,Auto Loan,27996,4.84,5,Active,0,2025-08-01
700719,134203,Mortgage,214561,4.87,30,Active,0,2024-03-09
700720,112147,Auto Loan,59630,4.47,6,Active,0,2025-08-07
700721,115291,Business Loan,210371,9.3,10,Active,0,2025-09-10
700722,146879,Mortgage,255838,5.37,30,Active,0,2024-11-13
700723,108690,Mortgage,250024,10.71,30,Defaulted,1,2022-06-14
700724,112653,Business Loan,50437,7.83,5,Active,0,2022-02-27
700725,131469,Personal Loan,16793,6.08,3,Active,0,2025-07-16
700726,102954,Business Loan,158708,6.84,5,Paid Off,0,2021-10-13
700727,103003,Auto Loan,41663,7.92,3,Active,0,2022-02-21
700728,115813,Auto Loan,54929,5.69,5,Active,0,2026-05-02
700729,106656,Mortgage,235592,5.36,30,Paid Off,0,2026-02-19
700730,112773,Mortgage,245361,6.95,30,Paid Off,0,2022-06-28
700731,139530,Personal Loan,8365,9.07,5,Paid Off,0,2021-10-17
700732,134407,Mortgage,532099,5.33,30,Active,0,2023-07-09
700733,108836,Business Loan,70195,6.64,10,Active,0,2025-03-09
700734,114617,Auto Loan,51460,8.05,5,Active,0,2023-12-31
700735,122835,Mortgage,280074,4.06,30,Active,0,2021-10-15
700736,115980,Business Loan,132395,5.75,10,Defaulted,1,2023-08-02
700737,137915,Auto Loan,51718,5.73,5,Active,0,2022-12-12
700738,101570,Mortgage,336525,8.54,30,Paid Off,0,2023-09-11
700739,135907,Mortgage,440086,5.53,30,Paid Off,0,2025-02-04
700740,126089,Personal Loan,18258,5.27,5,Active,0,2025-02-08
700741,120913,Mortgage,572044,4.27,30,Paid Off,0,2024-08-28
700742,109957,Mortgage,576952,5.76,30,Defaulted,1,2025-04-03
700743,118275,Auto Loan,20254,11.97,3,Paid Off,0,2026-04-17
700744,115431,Personal Loan,5133,5.13,1,Active,0,2021-09-25
700745,123493,Business Loan,69019,7.98,10,Active,0,2023-09-15
700746,115789,Mortgage,301481,8.7,30,Active,0,2024-11-11
700747,135779,Business Loan,42889,11.34,5,Paid Off,0,2024-05-20
700748,111980,Business Loan,72973,4.07,5,Active,0,2025-02-07
700749,144905,Mortgage,154556,7.78,30,Paid Off,0,2022-03-05
700750,135762,Personal Loan,24360,6.11,5,Active,0,2021-09-09
700751,127092,Business Loan,152842,4.69,5,Active,0,2023-12-19
700752,146834,Auto Loan,55606,4.27,6,Active,0,2025-02-15
700753,133437,Personal Loan,2254,3.77,1,Paid Off,0,2023-05-24
700754,147380,Auto Loan,45159,5.57,3,Paid Off,0,2022-07-31
700755,101590,Auto Loan,27917,3.99,5,Active,0,2025-11-18
700756,126755,Mortgage,269568,6.75,30,Active,0,2025-01-23
700757,121758,Business Loan,74101,5.89,5,Paid Off,0,2024-09-16
700758,103001,Business Loan,46051,5.24,10,Active,0,2023-11-27
700759,144111,Personal Loan,15568,4.8,1,Active,0,2021-08-03
700760,143519,Personal Loan,5171,8.68,1,Active,0,2026-05-02
700761,100628,Personal Loan,22021,4.82,1,Paid Off,0,2025-12-07
700762,120736,Business Loan,166279,9.85,5,Active,0,2021-07-23
700763,111902,Auto Loan,48914,6.05,5,Paid Off,0,2025-12-06
700764,106366,Personal Loan,11225,6.03,5,Paid Off,0,2022-08-15
700765,117132,Personal Loan,1547,6.69,1,Paid Off,0,2026-01-13
700766,109478,Business Loan,110294,8.13,5,Active,0,2024-02-29
700767,141870,Auto Loan,57065,5.26,6,Active,0,2024-04-07
700768,112932,Business Loan,63224,10.66,5,Active,0,2024-09-01
700769,113641,Business Loan,145565,5.78,10,Active,0,2025-01-18
700770,119626,Business Loan,245478,5.04,5,Active,0,2023-07-10
700771,109951,Business Loan,245028,6.25,10,Paid Off,0,2026-01-25
700772,128962,Auto Loan,44616,6.48,3,Active,0,2026-02-16
700773,128445,Auto Loan,37025,6.79,6,Paid Off,0,2022-01-11
700774,119698,Business Loan,105753,4.4,10,Active,0,2022-12-15
700775,144223,Business Loan,32666,7.69,10,Active,0,2025-04-26
700776,102996,Auto Loan,48264,5.36,6,Active,0,2022-12-16
700777,113637,Personal Loan,4594,3.62,3,Paid Off,0,2025-03-13
700778,122470,Personal Loan,2092,6.03,5,Active,0,2023-01-07
700779,136086,Mortgage,597258,6.59,30,Paid Off,0,2022-01-14
700780,128917,Personal Loan,3547,5.12,1,Active,0,2023-01-03
700781,117649,Mortgage,283414,5.31,30,Active,0,2025-07-16
700782,127955,Mortgage,182520,5.88,30,Active,0,2022-10-17
700783,102854,Business Loan,43654,7.0,5,Active,0,2025-09-13
700784,113389,Auto Loan,34566,8.33,3,Active,0,2022-03-02
700785,113048,Mortgage,539946,4.37,30,Active,0,2022-01-22
700786,122332,Business Loan,45620,6.65,5,Paid Off,0,2026-06-22
700787,130577,Business Loan,127460,5.06,5,Defaulted,1,2023-06-29
700788,134734,Mortgage,206874,6.38,30,Active,0,2024-06-01
700789,119538,Business Loan,231581,8.59,10,Paid Off,0,2025-07-05
700790,139586,Personal Loan,16479,10.16,3,Paid Off,0,2026-05-16
700791,105572,Business Loan,224156,3.74,5,Paid Off,0,2025-07-28
700792,147750,Mortgage,541090,5.56,30,Paid Off,0,2026-07-09
700793,130963,Auto Loan,25320,9.65,3,Active,0,2022-12-12
700794,135495,Business Loan,182519,4.03,10,Active,0,2026-02-12
700795,120262,Auto Loan,15040,7.53,3,Active,0,2022-06-29
700796,144659,Mortgage,582627,5.04,30,Paid Off,0,2026-03-28
700797,121745,Personal Loan,17782,4.3,3,Paid Off,0,2023-07-24
700798,147248,Business Loan,90469,4.71,5,Active,0,2026-02-08
700799,136227,Personal Loan,18816,4.48,5,Paid Off,0,2025-07-04
700800,128786,Mortgage,278946,6.93,30,Active,0,2021-12-28
700801,135619,Mortgage,430798,10.25,30,Active,0,2025-06-01
700802,145999,Mortgage,265548,11.37,30,Active,0,2021-07-23
700803,149512,Business Loan,193099,6.96,5,Paid Off,0,2023-12-27
700804,144514,Mortgage,175640,5.67,30,Active,0,2023-11-30
700805,128683,Personal Loan,12826,6.61,5,Paid Off,0,2025-08-25
700806,131548,Business Loan,214686,6.08,5,Paid Off,0,2024-09-07
700807,131964,Mortgage,323967,5.27,30,Paid Off,0,2021-07-23
700808,109433,Personal Loan,14011,5.54,1,Paid Off,0,2023-02-22
700809,122373,Mortgage,591385,11.14,30,Active,0,2023-01-02
700810,121622,Auto Loan,55915,6.22,5,Paid Off,0,2024-06-22
700811,112451,Business Loan,224310,9.16,10,Active,0,2026-06-23
700812,111799,Mortgage,499230,5.52,30,Paid Off,0,2026-05-15
700813,131388,Auto Loan,37151,5.12,3,Paid Off,0,2024-11-22
700814,120768,Personal Loan,8738,4.3,1,Active,0,2024-06-26
700815,104828,Mortgage,375898,3.77,30,Paid Off,0,2024-06-13
700816,114589,Personal Loan,24754,4.76,5,Paid Off,0,2025-12-28
700817,101507,Auto Loan,43891,4.3,3,Defaulted,1,2023-09-28
700818,118612,Mortgage,349733,10.46,30,Paid Off,0,2026-02-15
700819,119302,Mortgage,462596,3.63,30,Paid Off,0,2023-05-27
700820,138309,Business Loan,233957,4.57,5,Active,0,2025-04-27
700821,101738,Mortgage,332949,3.58,30,Paid Off,0,2024-09-18
700822,135875,Mortgage,553327,8.06,30,Active,0,2022-03-30
700823,147067,Personal Loan,12305,7.29,5,Paid Off,0,2024-12-02
700824,105114,Mortgage,486013,9.1,30,Active,0,2023-09-22
700825,124906,Business Loan,49423,6.12,10,Active,0,2023-10-22
700826,107635,Mortgage,526943,4.4,30,Paid Off,0,2023-12-08
700827,114398,Business Loan,52047,7.15,10,Defaulted,1,2024-05-12
700828,136170,Auto Loan,33111,5.09,5,Active,0,2024-11-14
700829,109183,Mortgage,545492,4.62,30,Paid Off,0,2025-01-26
700830,136796,Personal Loan,2736,5.0,3,Paid Off,0,2022-05-31
700831,137622,Mortgage,402965,11.85,30,Active,0,2025-03-06
700832,101655,Business Loan,136531,9.39,5,Active,0,2022-04-05
700833,104326,Auto Loan,38836,7.31,5,Paid Off,0,2021-10-29
700834,127377,Personal Loan,6098,10.07,1,Defaulted,1,2022-02-20
700835,119044,Business Loan,42362,6.83,10,Paid Off,0,2023-06-20
700836,144328,Business Loan,30123,6.86,10,Active,0,2025-10-28
700837,109661,Auto Loan,31167,10.5,6,Paid Off,0,2024-12-14
700838,115914,Mortgage,169925,5.33,30,Paid Off,0,2024-06-15
700839,125466,Business Loan,32091,9.45,10,Paid Off,0,2022-11-04
700840,113610,Personal Loan,23380,10.64,1,Paid Off,0,2023-04-17
700841,111670,Auto Loan,38285,4.59,5,Active,0,2024-09-15
700842,101219,Business Loan,213905,5.64,10,Paid Off,0,2024-01-24
700843,138863,Auto Loan,10297,7.38,3,Active,0,2022-02-15
700844,112557,Mortgage,196417,5.5,30,Defaulted,1,2024-09-09
700845,139143,Personal Loan,20325,6.07,5,Paid Off,0,2021-10-23
700846,135508,Auto Loan,10886,5.77,6,Active,0,2025-02-01
700847,111852,Mortgage,390035,6.47,30,Active,0,2026-01-13
700848,113238,Auto Loan,50056,5.9,5,Paid Off,0,2023-01-26
700849,129950,Business Loan,33377,9.4,10,Paid Off,0,2022-03-04
700850,127984,Auto Loan,14341,5.86,3,Paid Off,0,2024-11-02
700851,122090,Mortgage,246906,10.83,30,Active,0,2023-05-17
700852,148989,Personal Loan,5009,11.32,5,Paid Off,0,2021-10-16
700853,140639,Business Loan,142226,3.5,10,Active,0,2023-12-11
700854,128911,Mortgage,282403,7.35,30,Active,0,2025-11-11
700855,108570,Personal Loan,7482,5.5,1,Paid Off,0,2023-09-24
700856,138431,Business Loan,76915,4.32,10,Paid Off,0,2023-03-01
700857,140525,Business Loan,162689,6.84,5,Paid Off,0,2022-11-17
700858,135549,Mortgage,340145,6.09,30,Active,0,2025-01-07
700859,129487,Auto Loan,38716,4.11,3,Paid Off,0,2025-12-27
700860,126037,Auto Loan,19480,9.67,5,Active,0,2024-02-18
700861,119370,Personal Loan,14540,8.05,5,Defaulted,1,2023-03-21
700862,144734,Business Loan,35550,5.71,5,Paid Off,0,2024-01-21
700863,106915,Personal Loan,2061,3.76,5,Paid Off,0,2024-03-22
700864,114998,Personal Loan,5486,6.24,1,Active,0,2023-07-03
700865,116750,Mortgage,371866,6.52,30,Paid Off,0,2022-08-18
700866,129959,Mortgage,473228,4.94,30,Paid Off,0,2024-06-18
700867,128856,Personal Loan,22304,6.02,1,Active,0,2022-09-11
700868,138911,Mortgage,542384,9.95,30,Paid Off,0,2025-03-05
700869,105843,Mortgage,587190,7.48,30,Active,0,2023-08-19
700870,115769,Auto Loan,49581,3.92,3,Paid Off,0,2026-03-06
700871,127098,Auto Loan,43910,6.69,3,Paid Off,0,2021-07-24
700872,134726,Personal Loan,5288,3.56,5,Active,0,2026-05-04
700873,120930,Auto Loan,14581,9.2,6,Paid Off,0,2023-10-01
700874,112313,Business Loan,241809,6.93,10,Paid Off,0,2023-10-11
700875,108293,Personal Loan,5160,7.92,5,Active,0,2021-09-25
700876,149408,Business Loan,187074,6.47,10,Active,0,2024-04-10
700877,122319,Personal Loan,18408,11.49,3,Defaulted,1,2024-11-07
700878,120486,Business Loan,141571,8.74,5,Active,0,2021-08-28
700879,122610,Mortgage,385751,4.0,30,Active,0,2022-11-27
700880,112465,Business Loan,150444,6.57,10,Paid Off,0,2025-08-13
700881,141512,Business Loan,145372,6.63,10,Active,0,2025-12-18
700882,148609,Personal Loan,11132,6.48,5,Active,0,2021-09-08
700883,117672,Personal Loan,17488,5.23,5,Paid Off,0,2025-02-08
700884,108565,Business Loan,112499,9.42,10,Paid Off,0,2022-06-08
700885,142905,Personal Loan,20680,4.64,5,Paid Off,0,2025-06-16
700886,133294,Personal Loan,7942,6.01,1,Active,0,2024-03-21
700887,112928,Business Loan,204524,6.57,10,Paid Off,0,2024-04-17
700888,108383,Personal Loan,9521,3.93,3,Paid Off,0,2022-02-12
700889,126546,Mortgage,414554,10.86,30,Active,0,2024-03-04
700890,121160,Personal Loan,14457,5.34,1,Active,0,2023-08-13
700891,125331,Personal Loan,10460,6.5,1,Active,0,2022-08-09
700892,100416,Mortgage,569481,4.31,30,Paid Off,0,2024-06-30
700893,138313,Mortgage,252107,5.36,30,Active,0,2022-01-26
700894,140758,Mortgage,542841,3.93,30,Paid Off,0,2025-04-20
700895,101406,Mortgage,314895,5.6,30,Paid Off,0,2021-09-24
700896,127988,Personal Loan,4086,9.72,1,Defaulted,1,2023-04-22
700897,120657,Mortgage,305679,6.61,30,Paid Off,0,2023-12-11
700898,146981,Business Loan,92849,4.89,10,Active,0,2026-02-16
700899,129901,Personal Loan,13082,10.17,1,Active,0,2022-09-16
700900,132869,Business Loan,169802,3.86,10,Paid Off,0,2024-07-22
700901,121613,Mortgage,297122,8.0,30,Defaulted,1,2025-04-02
700902,118692,Personal Loan,11183,8.84,5,Active,0,2022-03-27
700903,114462,Mortgage,580051,6.3,30,Active,0,2025-01-04
700904,113529,Mortgage,420262,5.95,30,Paid Off,0,2023-05-26
700905,129804,Auto Loan,20281,10.65,5,Active,0,2022-06-16
700906,101444,Personal Loan,21667,6.29,3,Active,0,2024-03-01
700907,118218,Personal Loan,6638,6.65,1,Paid Off,0,2023-12-27
700908,145063,Business Loan,68854,4.16,5,Active,0,2024-11-28
700909,130646,Personal Loan,5679,4.62,1,Paid Off,0,2023-04-12
700910,149167,Personal Loan,18004,9.54,1,Paid Off,0,2022-12-15
700911,139989,Auto Loan,39159,11.28,3,Active,0,2025-04-22
700912,144755,Personal Loan,6584,11.97,5,Active,0,2024-10-02
700913,148345,Mortgage,535307,6.17,30,Paid Off,0,2023-03-22
700914,142969,Mortgage,556604,5.1,30,Active,0,2023-02-19
700915,120419,Business Loan,95081,6.9,5,Active,0,2021-07-21
700916,110896,Personal Loan,20256,11.42,5,Paid Off,0,2025-04-07
700917,145620,Business Loan,62920,9.18,5,Defaulted,1,2024-01-13
700918,136349,Business Loan,188747,3.54,10,Active,0,2022-06-23
700919,119312,Auto Loan,26819,3.55,3,Paid Off,0,2024-05-12
700920,105582,Mortgage,257408,10.2,30,Active,0,2025-06-13
700921,106682,Business Loan,181443,9.1,10,Paid Off,0,2026-03-21
700922,130679,Business Loan,243814,9.07,5,Active,0,2023-08-29
700923,128388,Mortgage,328436,10.83,30,Paid Off,0,2022-11-02
700924,106847,Auto Loan,19393,6.87,5,Active,0,2026-01-21
700925,115981,Personal Loan,11067,5.53,3,Paid Off,0,2022-05-30
700926,133675,Auto Loan,25775,6.09,3,Active,0,2026-07-16
700927,147503,Mortgage,497527,6.93,30,Active,0,2023-05-22
700928,107565,Business Loan,218970,6.15,10,Paid Off,0,2024-07-21
700929,120728,Business Loan,38186,5.1,10,Paid Off,0,2026-06-01
700930,107411,Auto Loan,17617,5.69,6,Active,0,2026-06-30
700931,125354,Business Loan,45146,11.37,10,Paid Off,0,2024-10-18
700932,147738,Personal Loan,18605,3.63,1,Active,0,2025-02-20
700933,109758,Auto Loan,35322,6.91,5,Active,0,2023-01-01
700934,109767,Auto Loan,11904,8.75,6,Paid Off,0,2024-04-28
700935,107133,Mortgage,565942,5.35,30,Paid Off,0,2022-09-04
700936,128593,Mortgage,599372,5.63,30,Active,0,2023-03-24
700937,141209,Business Loan,239811,5.4,5,Active,0,2025-11-14
700938,123111,Mortgage,225451,9.72,30,Active,0,2024-08-22
700939,144346,Personal Loan,3262,4.01,1,Paid Off,0,2024-10-13
700940,122809,Mortgage,532889,7.13,30,Active,0,2021-11-09
700941,120507,Mortgage,222853,6.05,30,Active,0,2024-03-16
700942,145705,Auto Loan,12260,4.45,3,Paid Off,0,2025-08-17
700943,121761,Personal Loan,8635,6.13,3,Active,0,2026-01-19
700944,121495,Business Loan,70299,5.07,5,Paid Off,0,2021-10-09
700945,111504,Mortgage,365315,5.81,30,Paid Off,0,2023-06-24
700946,132456,Mortgage,183705,6.53,30,Active,0,2026-06-09
700947,144209,Business Loan,171344,9.88,5,Active,0,2025-10-16
700948,143812,Business Loan,179687,4.77,10,Active,0,2023-12-08
700949,118264,Business Loan,166262,5.41,5,Active,0,2026-01-12
700950,141114,Personal Loan,21543,5.88,1,Active,0,2024-01-04
700951,120034,Auto Loan,48574,10.28,6,Active,0,2021-09-13
700952,110075,Business Loan,197764,4.24,10,Active,0,2024-09-11
700953,137296,Personal Loan,24508,5.9,3,Active,0,2022-10-17
700954,114276,Personal Loan,1706,4.82,3,Active,0,2025-09-23
700955,135780,Auto Loan,57890,6.87,6,Paid Off,0,2022-07-22
700956,116870,Mortgage,385791,6.94,30,Paid Off,0,2025-07-09
700957,104229,Personal Loan,24800,10.45,5,Active,0,2021-07-21
700958,149029,Business Loan,153293,6.35,5,Active,0,2022-04-03
700959,100167,Personal Loan,22071,4.0,3,Paid Off,0,2022-09-10
700960,114446,Auto Loan,43822,10.12,3,Paid Off,0,2025-06-23
700961,136716,Business Loan,73622,3.68,10,Active,0,2021-07-20
700962,136164,Business Loan,40795,3.85,10,Active,0,2024-09-11
700963,114473,Personal Loan,9923,6.14,1,Paid Off,0,2022-08-14
700964,144426,Auto Loan,59315,5.58,6,Paid Off,0,2026-02-22
700965,146116,Business Loan,168595,10.67,10,Active,0,2022-06-23
700966,130625,Auto Loan,58439,4.47,3,Active,0,2023-09-11
700967,109960,Auto Loan,12043,5.32,3,Active,0,2024-08-31
700968,138722,Personal Loan,2614,4.36,3,Active,0,2024-02-11
700969,128344,Personal Loan,22095,5.1,5,Active,0,2024-08-31
700970,116437,Auto Loan,54923,3.83,5,Paid Off,0,2022-09-18
700971,108853,Personal Loan,1669,4.11,5,Paid Off,0,2021-08-24
700972,117363,Auto Loan,20729,5.84,3,Active,0,2022-05-06
700973,104580,Personal Loan,24274,3.56,3,Paid Off,0,2022-11-30
700974,147303,Mortgage,344190,6.44,30,Paid Off,0,2022-09-26
700975,144679,Auto Loan,14279,4.24,3,Paid Off,0,2021-08-13
700976,115192,Auto Loan,38542,4.5,5,Active,0,2025-07-20
700977,131447,Business Loan,226389,5.98,5,Active,0,2021-09-23
700978,105525,Personal Loan,18309,8.8,3,Defaulted,1,2022-11-09
700979,139227,Mortgage,522371,11.88,30,Defaulted,1,2022-03-07
700980,103467,Business Loan,192784,6.22,10,Paid Off,0,2023-04-02
700981,115073,Personal Loan,7240,3.64,5,Paid Off,0,2026-05-02
700982,148705,Personal Loan,21512,9.85,1,Active,0,2022-03-21
700983,113609,Auto Loan,35714,5.1,3,Paid Off,0,2024-09-12
700984,118785,Business Loan,178881,4.46,5,Paid Off,0,2022-06-18
700985,139757,Business Loan,90794,9.69,10,Paid Off,0,2022-02-09
700986,124216,Mortgage,343942,6.03,30,Active,0,2025-04-08
700987,133985,Business Loan,153049,8.35,10,Paid Off,0,2022-01-20
700988,111625,Personal Loan,3797,4.01,3,Active,0,2024-02-19
700989,112136,Auto Loan,40723,4.53,3,Active,0,2023-07-05
700990,112628,Business Loan,88467,8.41,10,Paid Off,0,2025-10-19
700991,128347,Auto Loan,33762,5.41,3,Defaulted,1,2025-08-24
700992,143511,Mortgage,288231,5.56,30,Active,0,2024-09-12
700993,105872,Mortgage,270554,5.71,30,Active,0,2026-02-19
700994,148243,Auto Loan,27800,4.14,3,Paid Off,0,2021-12-15
700995,133981,Personal Loan,16008,11.33,3,Paid Off,0,2021-11-09
700996,131260,Business Loan,87762,9.9,10,Paid Off,0,2021-08-05
700997,112292,Business Loan,103245,5.95,10,Paid Off,0,2023-04-24
700998,142286,Mortgage,562999,11.61,30,Active,0,2023-09-20
700999,113664,Business Loan,91243,3.98,10,Paid Off,0,2025-08-15
701000,112950,Auto Loan,14711,11.18,3,Active,0,2024-01-11
701001,131756,Business Loan,101507,6.97,10,Active,0,2025-09-12
701002,114513,Auto Loan,36946,11.41,5,Paid Off,0,2022-05-13
701003,120457,Personal Loan,17588,6.65,5,Paid Off,0,2024-06-07
701004,141546,Personal Loan,21021,6.4,1,Paid Off,0,2025-08-05
701005,100850,Auto Loan,34127,6.76,6,Active,0,2024-05-03
701006,134767,Business Loan,131819,5.68,10,Active,0,2021-10-03
701007,124912,Business Loan,189452,4.05,10,Active,0,2022-05-19
701008,117969,Business Loan,51920,6.89,5,Paid Off,0,2025-02-01
701009,128376,Mortgage,314956,10.98,30,Active,0,2024-07-12
701010,109889,Personal Loan,18779,4.08,5,Active,0,2024-02-02
701011,146455,Auto Loan,24277,5.94,5,Active,0,2024-05-24
701012,138499,Mortgage,539018,6.9,30,Defaulted,1,2023-05-31
701013,116247,Business Loan,140260,5.77,10,Active,0,2023-07-26
701014,108786,Mortgage,558760,6.95,30,Paid Off,0,2024-01-23
701015,135429,Mortgage,350148,4.58,30,Active,0,2022-03-05
701016,119103,Personal Loan,22856,4.38,5,Paid Off,0,2025-10-22
701017,144142,Business Loan,233491,9.58,5,Paid Off,0,2022-04-09
701018,114786,Business Loan,144675,11.2,5,Paid Off,0,2025-06-01
701019,118216,Business Loan,39474,5.93,5,Paid Off,0,2024-01-11
701020,129736,Business Loan,57713,4.6,5,Paid Off,0,2026-02-06
701021,118194,Business Loan,146703,11.34,5,Active,0,2023-05-19
701022,142355,Personal Loan,6042,5.13,1,Paid Off,0,2024-07-26
701023,120185,Personal Loan,1596,6.43,5,Paid Off,0,2022-12-24
701024,138610,Auto Loan,22125,7.31,5,Active,0,2024-08-25
701025,122655,Personal Loan,12457,7.41,5,Paid Off,0,2026-01-12
701026,131785,Personal Loan,23937,4.93,3,Paid Off,0,2025-03-11
701027,136666,Auto Loan,34723,11.03,5,Paid Off,0,2025-06-05
701028,144904,Business Loan,102772,7.56,10,Active,0,2024-11-29
701029,106079,Mortgage,204569,5.51,30,Paid Off,0,2025-06-29
701030,115555,Mortgage,396754,4.27,30,Paid Off,0,2022-08-15
701031,148061,Personal Loan,24799,4.57,1,Active,0,2023-08-23
701032,124407,Auto Loan,51237,11.18,3,Active,0,2022-10-27
701033,144888,Mortgage,566912,10.35,30,Paid Off,0,2024-08-21
701034,106424,Business Loan,108520,5.43,10,Paid Off,0,2025-11-18
701035,146202,Mortgage,236188,6.99,30,Paid Off,0,2023-09-27
701036,142284,Personal Loan,1914,3.96,1,Paid Off,0,2025-07-13
701037,145698,Personal Loan,11342,7.06,5,Active,0,2025-03-20
701038,141460,Business Loan,238366,3.65,5,Active,0,2026-06-19
701039,128417,Mortgage,302744,9.69,30,Paid Off,0,2025-10-30
701040,118150,Personal Loan,8980,6.65,3,Paid Off,0,2024-02-25
701041,130623,Personal Loan,22839,5.19,1,Paid Off,0,2022-06-30
701042,103150,Personal Loan,21342,11.66,1,Paid Off,0,2023-07-01
701043,118184,Personal Loan,17686,10.77,1,Active,0,2022-07-17
701044,126730,Business Loan,217965,6.55,10,Active,0,2022-02-01
701045,112514,Auto Loan,37634,4.72,6,Active,0,2024-03-16
701046,136055,Auto Loan,30758,5.64,5,Active,0,2023-08-19
701047,140832,Business Loan,118239,9.89,5,Paid Off,0,2026-03-27
701048,134373,Business Loan,62580,6.64,10,Active,0,2026-05-04
701049,145452,Auto Loan,55069,7.79,3,Active,0,2021-08-16
701050,134307,Personal Loan,20486,10.28,5,Active,0,2021-12-26
701051,146161,Business Loan,81053,9.93,5,Paid Off,0,2025-04-17
701052,137975,Personal Loan,11815,8.52,3,Paid Off,0,2023-02-16
701053,121232,Business Loan,133981,4.71,10,Active,0,2021-12-02
701054,120326,Auto Loan,40830,6.75,3,Active,0,2022-04-16
701055,127004,Business Loan,171439,5.29,5,Paid Off,0,2025-07-09
701056,145593,Business Loan,73273,7.3,5,Paid Off,0,2024-06-02
701057,125847,Mortgage,502946,6.49,30,Paid Off,0,2021-08-31
701058,107439,Business Loan,166576,7.91,10,Paid Off,0,2022-12-10
701059,137340,Business Loan,134899,4.57,10,Paid Off,0,2025-10-12
701060,110026,Auto Loan,49837,11.96,5,Paid Off,0,2023-08-14
701061,120965,Business Loan,70260,5.76,10,Active,0,2026-01-10
701062,107284,Auto Loan,41776,8.29,6,Active,0,2022-08-23
701063,130274,Auto Loan,11933,9.55,3,Active,0,2026-05-11
701064,149967,Business Loan,185280,4.09,10,Active,0,2021-10-19
701065,131158,Business Loan,133926,4.82,5,Paid Off,0,2023-02-02
701066,115617,Personal Loan,23595,3.55,5,Defaulted,1,2022-08-17
701067,109618,Business Loan,145770,11.37,5,Active,0,2024-10-09
701068,128872,Business Loan,117761,5.06,10,Active,0,2021-07-26
701069,137267,Auto Loan,56682,10.85,6,Active,0,2024-06-14
701070,118810,Business Loan,225311,6.16,5,Paid Off,0,2024-01-01
701071,132953,Mortgage,282124,10.01,30,Paid Off,0,2025-06-15
701072,129893,Auto Loan,56513,7.39,3,Active,0,2021-09-19
701073,132504,Mortgage,412300,7.65,30,Defaulted,1,2025-01-29
701074,127731,Auto Loan,56204,4.27,3,Paid Off,0,2023-08-07
701075,131313,Mortgage,489266,6.91,30,Paid Off,0,2022-07-06
701076,131844,Auto Loan,44076,3.81,3,Paid Off,0,2024-10-16
701077,104273,Business Loan,218067,6.61,10,Paid Off,0,2024-03-25
701078,147403,Mortgage,542268,3.99,30,Paid Off,0,2024-09-20
701079,123361,Mortgage,292864,10.37,30,Active,0,2022-12-27
701080,102322,Mortgage,587054,11.35,30,Paid Off,0,2022-07-09
701081,114972,Mortgage,201622,3.81,30,Active,0,2024-07-16
701082,116451,Mortgage,335852,4.71,30,Active,0,2025-03-07
701083,114545,Business Loan,175852,6.03,10,Paid Off,0,2025-02-20
701084,119313,Business Loan,188715,7.96,5,Paid Off,0,2024-10-29
701085,123670,Personal Loan,22272,6.19,5,Paid Off,0,2022-12-18
701086,137049,Auto Loan,18260,10.85,5,Active,0,2026-02-26
701087,145912,Business Loan,205423,10.47,10,Paid Off,0,2022-08-31
701088,126319,Business Loan,193509,7.0,5,Active,0,2026-01-08
701089,133921,Auto Loan,20419,6.85,6,Paid Off,0,2024-12-11
701090,106322,Personal Loan,23687,4.33,5,Active,0,2023-08-31
701091,100465,Personal Loan,5876,8.72,1,Paid Off,0,2021-09-07
701092,103253,Personal Loan,22860,6.56,3,Active,0,2021-08-12
701093,110986,Personal Loan,2960,7.73,5,Active,0,2021-08-20
701094,114750,Auto Loan,25425,4.71,6,Active,0,2022-12-03
701095,114784,Business Loan,178241,3.93,5,Active,0,2021-09-10
701096,100564,Mortgage,401767,4.57,30,Active,0,2021-11-08
701097,143126,Auto Loan,29079,10.37,6,Paid Off,0,2023-02-17
701098,112724,Auto Loan,45418,10.55,5,Active,0,2026-03-20
701099,133807,Business Loan,183453,8.42,10,Paid Off,0,2026-05-08
701100,107298,Auto Loan,58613,4.72,6,Active,0,2024-04-05
701101,125388,Mortgage,480430,5.25,30,Paid Off,0,2026-01-03
701102,119685,Mortgage,241043,5.54,30,Paid Off,0,2026-06-04
701103,134488,Business Loan,231523,5.1,10,Active,0,2023-12-01
701104,137827,Auto Loan,44009,5.91,5,Active,0,2025-08-24
701105,103593,Auto Loan,35438,6.27,5,Active,0,2025-07-27
701106,112400,Personal Loan,1083,6.3,1,Active,0,2023-02-18
701107,129939,Auto Loan,45581,6.21,3,Paid Off,0,2025-04-27
701108,124854,Auto Loan,37248,5.52,6,Paid Off,0,2023-09-14
701109,121775,Auto Loan,58316,6.67,3,Defaulted,1,2023-05-13
701110,138918,Auto Loan,30653,3.82,6,Paid Off,0,2022-04-21
701111,107525,Auto Loan,10478,6.55,5,Active,0,2021-10-06
701112,108901,Business Loan,109841,4.55,5,Paid Off,0,2024-05-21
701113,124778,Business Loan,143955,5.34,5,Paid Off,0,2022-10-22
701114,140303,Auto Loan,16800,5.1,6,Active,0,2022-01-05
701115,139665,Business Loan,167216,6.71,5,Active,0,2024-01-28
701116,131512,Personal Loan,20324,6.35,3,Defaulted,1,2021-09-08
701117,126722,Business Loan,82049,4.59,10,Active,0,2023-10-20
701118,111904,Business Loan,95467,4.79,5,Active,0,2024-02-24
701119,132149,Personal Loan,8953,6.54,1,Paid Off,0,2025-01-18
701120,148831,Business Loan,111272,5.76,5,Paid Off,0,2023-04-20
701121,121257,Business Loan,149175,5.81,5,Paid Off,0,2023-06-03
701122,143772,Auto Loan,46214,9.33,6,Paid Off,0,2021-10-04
701123,142846,Auto Loan,49059,7.34,3,Paid Off,0,2025-12-23
701124,132748,Personal Loan,15900,4.29,5,Paid Off,0,2023-08-14
701125,134535,Auto Loan,47207,6.59,3,Paid Off,0,2024-09-07
701126,131920,Personal Loan,16370,6.04,5,Defaulted,1,2023-03-29
701127,134536,Auto Loan,21714,6.2,3,Paid Off,0,2024-02-09
701128,109073,Mortgage,373865,6.68,30,Active,0,2023-11-10
701129,102338,Personal Loan,9959,4.61,5,Paid Off,0,2022-06-12
701130,117026,Personal Loan,17704,6.53,1,Paid Off,0,2025-04-11
701131,120214,Mortgage,265799,7.04,30,Paid Off,0,2022-04-23
701132,110992,Auto Loan,12745,8.23,6,Paid Off,0,2026-02-02
701133,116339,Personal Loan,14979,3.52,5,Active,0,2026-03-08
701134,149126,Business Loan,32010,6.53,10,Active,0,2022-10-11
701135,142627,Mortgage,488556,3.95,30,Active,0,2025-10-06
701136,143376,Business Loan,236362,4.97,5,Active,0,2024-07-30
701137,107270,Auto Loan,57706,6.05,5,Defaulted,1,2023-06-02
701138,126457,Auto Loan,52282,6.81,5,Active,0,2025-03-13
701139,116281,Business Loan,61025,4.85,5,Active,0,2024-08-16
701140,108726,Personal Loan,17079,9.0,3,Defaulted,1,2023-05-02
701141,124192,Business Loan,191038,3.86,10,Active,0,2024-08-04
701142,129727,Business Loan,109586,6.36,10,Paid Off,0,2022-08-30
701143,101566,Mortgage,348703,3.64,30,Paid Off,0,2025-02-22
701144,143976,Personal Loan,8412,5.66,5,Active,0,2024-03-23
701145,111753,Auto Loan,13891,5.99,6,Paid Off,0,2025-10-13
701146,137022,Auto Loan,24948,6.69,5,Paid Off,0,2022-10-04
701147,134920,Mortgage,453898,6.56,30,Defaulted,1,2023-06-04
701148,113365,Auto Loan,33013,4.51,3,Paid Off,0,2022-05-29
701149,137398,Business Loan,47305,5.37,5,Paid Off,0,2023-08-27
701150,136168,Personal Loan,4742,11.16,1,Paid Off,0,2024-11-14
701151,112425,Auto Loan,49248,7.36,3,Paid Off,0,2025-07-31
701152,100644,Mortgage,395462,7.88,30,Paid Off,0,2022-10-17
701153,101039,Personal Loan,8695,5.37,5,Active,0,2023-08-08
701154,128076,Personal Loan,21406,3.76,5,Paid Off,0,2022-01-15
701155,111214,Business Loan,122685,6.94,5,Active,0,2025-02-18
701156,100332,Mortgage,277843,6.25,30,Active,0,2025-07-30
701157,106483,Personal Loan,15232,5.22,3,Paid Off,0,2023-12-02
701158,145638,Personal Loan,13669,8.78,3,Paid Off,0,2022-02-17
701159,132732,Auto Loan,10030,6.49,6,Active,0,2023-02-08
701160,108178,Mortgage,372809,10.85,30,Paid Off,0,2021-12-09
701161,116758,Mortgage,590969,7.57,30,Active,0,2024-02-21
701162,147721,Personal Loan,21667,7.84,5,Active,0,2025-03-16
701163,133287,Personal Loan,19109,6.13,1,Active,0,2024-07-21
701164,145682,Auto Loan,24476,5.72,3,Active,0,2022-04-29
701165,147933,Personal Loan,12472,5.87,3,Paid Off,0,2022-11-18
701166,135572,Auto Loan,37480,4.54,6,Paid Off,0,2024-07-21
701167,128809,Business Loan,234647,5.97,10,Paid Off,0,2023-12-06
701168,120361,Business Loan,175256,5.12,5,Paid Off,0,2023-03-12
701169,104449,Mortgage,466807,5.87,30,Active,0,2023-07-19
701170,147534,Auto Loan,30052,8.16,3,Paid Off,0,2025-08-12
701171,118203,Auto Loan,15390,9.31,6,Paid Off,0,2025-06-08
701172,118726,Auto Loan,30206,5.91,3,Paid Off,0,2023-09-28
701173,128131,Auto Loan,16142,8.94,3,Paid Off,0,2023-12-09
701174,112915,Auto Loan,46101,5.99,6,Active,0,2025-09-22
701175,146303,Mortgage,165061,6.46,30,Active,0,2026-06-19
701176,139061,Mortgage,417199,6.92,30,Paid Off,0,2021-12-26
701177,115509,Personal Loan,2650,11.04,1,Paid Off,0,2025-02-17
701178,116421,Auto Loan,55680,4.34,6,Active,0,2024-01-07
701179,102574,Business Loan,112776,3.76,5,Active,0,2023-08-11
701180,138350,Auto Loan,20796,8.49,6,Paid Off,0,2025-02-19
701181,134002,Auto Loan,50335,5.8,6,Active,0,2023-06-03
701182,110600,Business Loan,212486,10.28,5,Paid Off,0,2024-11-04
701183,106936,Auto Loan,26777,4.53,5,Active,0,2021-07-19
701184,134096,Personal Loan,8478,11.52,5,Paid Off,0,2023-11-10
701185,138822,Auto Loan,36171,5.27,3,Paid Off,0,2024-02-09
701186,130888,Auto Loan,31551,9.86,5,Active,0,2023-11-27
701187,101498,Mortgage,244398,9.77,30,Active,0,2024-05-26
701188,129445,Mortgage,405216,10.33,30,Active,0,2022-07-10
701189,129517,Personal Loan,10024,3.53,3,Active,0,2025-03-26
701190,132131,Business Loan,176063,4.8,10,Active,0,2025-01-14
701191,131914,Business Loan,62904,6.39,5,Paid Off,0,2025-02-08
701192,120537,Business Loan,244270,5.51,10,Active,0,2025-04-21
701193,131679,Auto Loan,58326,10.2,5,Paid Off,0,2026-05-27
701194,128406,Auto Loan,49592,3.62,6,Paid Off,0,2023-08-06
701195,149270,Auto Loan,45611,10.41,6,Paid Off,0,2025-01-08
701196,147068,Auto Loan,15949,9.99,6,Active,0,2021-11-26
701197,128691,Mortgage,382926,4.98,30,Active,0,2024-11-09
701198,148329,Personal Loan,7023,8.94,5,Paid Off,0,2023-02-28
701199,141820,Business Loan,167520,11.52,5,Paid Off,0,2024-10-08
701200,113534,Business Loan,130388,6.95,10,Active,0,2025-04-10
701201,135458,Personal Loan,24918,3.53,1,Paid Off,0,2022-04-10
701202,104859,Auto Loan,17077,6.06,5,Paid Off,0,2025-05-15
701203,130931,Personal Loan,12383,5.32,1,Active,0,2024-03-23
701204,114074,Business Loan,142962,5.19,10,Paid Off,0,2024-10-13
701205,139011,Business Loan,198315,3.68,5,Active,0,2024-10-01
701206,115444,Personal Loan,19362,7.68,5,Paid Off,0,2023-03-05
701207,142644,Personal Loan,10387,5.41,5,Active,0,2023-09-19
701208,142824,Personal Loan,16594,4.62,3,Active,0,2023-12-06
701209,100484,Business Loan,93786,7.82,5,Paid Off,0,2023-02-17
701210,140139,Business Loan,34431,4.36,5,Paid Off,0,2026-06-20
701211,135248,Personal Loan,6747,7.26,1,Paid Off,0,2023-06-15
701212,147552,Personal Loan,8457,8.84,3,Defaulted,1,2022-08-30
701213,135751,Mortgage,484148,6.86,30,Active,0,2025-07-14
701214,131134,Auto Loan,27777,4.09,3,Active,0,2026-04-26
701215,119232,Auto Loan,31150,10.27,5,Active,0,2023-02-09
701216,114475,Mortgage,255203,5.31,30,Paid Off,0,2023-11-25
701217,129800,Auto Loan,58844,5.68,3,Paid Off,0,2023-05-27
701218,131801,Personal Loan,9287,5.36,1,Active,0,2026-04-05
701219,124675,Auto Loan,25091,5.35,5,Paid Off,0,2021-07-26
701220,105236,Personal Loan,22201,5.53,5,Paid Off,0,2021-11-02
701221,128201,Personal Loan,13254,4.04,1,Paid Off,0,2022-04-17
701222,108042,Mortgage,221508,6.62,30,Active,0,2025-11-21
701223,103767,Business Loan,221807,6.0,10,Active,0,2024-02-07
701224,131209,Business Loan,206293,6.53,10,Active,0,2024-10-15
701225,122329,Business Loan,221330,4.84,5,Paid Off,0,2025-09-03
701226,137277,Business Loan,205581,6.75,5,Active,0,2024-05-09
701227,129832,Business Loan,83998,6.85,5,Active,0,2024-10-28
701228,107524,Personal Loan,15639,7.0,3,Active,0,2022-02-06
701229,106807,Auto Loan,34077,5.3,6,Active,0,2022-08-20
701230,111098,Personal Loan,7528,4.99,1,Paid Off,0,2021-10-10
701231,104729,Mortgage,578277,6.96,30,Active,0,2025-05-11
701232,106769,Auto Loan,37208,6.83,6,Paid Off,0,2021-12-25
701233,123257,Business Loan,87203,5.89,5,Paid Off,0,2024-02-27
701234,109553,Auto Loan,34336,5.07,6,Paid Off,0,2025-06-17
701235,111910,Auto Loan,13287,9.68,5,Paid Off,0,2026-01-14
701236,125133,Auto Loan,26101,5.84,5,Active,0,2025-09-17
701237,119366,Business Loan,47563,5.7,5,Paid Off,0,2025-12-13
701238,116002,Personal Loan,12344,3.85,5,Paid Off,0,2024-09-24
701239,101644,Personal Loan,11315,9.74,1,Active,0,2024-07-24
701240,145780,Auto Loan,39346,3.94,6,Paid Off,0,2024-09-05
701241,120134,Personal Loan,23991,4.87,5,Paid Off,0,2024-03-04
701242,128821,Business Loan,202994,5.71,5,Defaulted,1,2022-06-22
701243,127636,Mortgage,562566,4.84,30,Paid Off,0,2025-05-14
701244,140657,Auto Loan,31527,4.76,6,Paid Off,0,2021-07-19
701245,103279,Auto Loan,42750,7.05,3,Paid Off,0,2025-10-02
701246,143953,Personal Loan,6914,11.44,5,Paid Off,0,2022-12-30
701247,139537,Personal Loan,22465,10.72,3,Active,0,2024-02-06
701248,144980,Auto Loan,35194,4.97,6,Active,0,2025-10-18
701249,122665,Business Loan,246759,11.3,10,Active,0,2023-10-07
701250,108248,Personal Loan,6565,10.2,5,Active,0,2021-12-09
701251,116166,Auto Loan,16785,7.7,5,Active,0,2025-07-21
701252,131708,Personal Loan,20152,5.28,1,Active,0,2025-05-26
701253,137417,Mortgage,576244,5.32,30,Paid Off,0,2025-07-07
701254,138542,Mortgage,467386,4.72,30,Active,0,2025-06-06
701255,138705,Mortgage,178727,5.48,30,Active,0,2022-09-09
701256,140564,Business Loan,166505,9.75,10,Active,0,2022-12-22
701257,126084,Business Loan,41338,6.04,5,Active,0,2025-12-10
701258,117004,Business Loan,38643,4.53,10,Paid Off,0,2025-06-29
701259,142436,Auto Loan,42642,6.33,5,Active,0,2025-07-22
701260,106705,Personal Loan,1717,5.79,5,Active,0,2024-02-12
701261,110172,Mortgage,563003,3.72,30,Paid Off,0,2021-09-11
701262,122085,Business Loan,243654,5.49,5,Paid Off,0,2022-05-11
701263,148743,Mortgage,471111,5.43,30,Active,0,2022-10-19
701264,105152,Personal Loan,6295,6.67,3,Paid Off,0,2025-03-06
701265,113059,Auto Loan,33239,6.07,6,Active,0,2024-05-21
701266,117721,Auto Loan,59149,9.84,5,Active,0,2026-02-21
701267,142213,Personal Loan,8119,4.77,5,Active,0,2021-08-10
701268,124801,Personal Loan,18278,5.86,3,Paid Off,0,2023-11-14
701269,120155,Auto Loan,21546,4.79,5,Active,0,2022-10-05
701270,105146,Personal Loan,1233,7.2,3,Paid Off,0,2023-07-01
701271,132729,Personal Loan,2117,11.17,1,Paid Off,0,2022-03-02
701272,149252,Personal Loan,9860,5.25,1,Paid Off,0,2025-12-15
701273,149476,Personal Loan,2472,11.05,5,Defaulted,1,2023-05-27
701274,139442,Personal Loan,13068,5.53,1,Active,0,2025-07-11
701275,143120,Personal Loan,5228,6.0,5,Active,0,2024-11-29
701276,118576,Auto Loan,36543,5.34,6,Paid Off,0,2023-10-26
701277,141584,Mortgage,471095,6.91,30,Paid Off,0,2022-10-24
701278,135108,Business Loan,78466,5.49,5,Active,0,2026-03-06
701279,136717,Business Loan,136011,5.71,10,Active,0,2022-07-31
701280,120616,Business Loan,150135,10.8,5,Active,0,2022-02-21
701281,117768,Auto Loan,33723,4.79,5,Active,0,2025-10-12
701282,116397,Auto Loan,17567,11.05,5,Active,0,2021-08-09
701283,101232,Auto Loan,18721,6.02,3,Active,0,2024-06-15
701284,140279,Personal Loan,18593,4.65,5,Active,0,2023-04-05
701285,111069,Auto Loan,53860,8.9,5,Paid Off,0,2024-06-25
701286,132393,Mortgage,480300,10.65,30,Active,0,2021-12-02
701287,109430,Personal Loan,17264,5.64,3,Active,0,2024-11-24
701288,117863,Mortgage,270883,3.95,30,Active,0,2024-03-16
701289,134417,Auto Loan,36275,6.37,3,Active,0,2024-01-08
701290,144844,Business Loan,181597,6.04,5,Defaulted,1,2025-07-07
701291,127616,Personal Loan,11533,5.36,5,Active,0,2024-11-08
701292,113034,Business Loan,174236,4.2,5,Paid Off,0,2025-04-12
701293,101603,Auto Loan,52178,6.81,3,Active,0,2023-06-27
701294,125036,Personal Loan,9864,5.6,3,Active,0,2024-01-17
701295,143368,Business Loan,107535,8.27,5,Paid Off,0,2023-02-09
701296,108537,Mortgage,505677,4.21,30,Paid Off,0,2026-05-11
701297,128601,Business Loan,93907,6.34,5,Active,0,2024-07-05
701298,130644,Business Loan,132548,5.78,10,Paid Off,0,2025-03-23
701299,137321,Auto Loan,38831,7.63,5,Paid Off,0,2023-04-05
701300,117284,Mortgage,316930,11.49,30,Paid Off,0,2023-10-22
701301,108375,Personal Loan,18408,4.92,5,Active,0,2024-01-02
701302,132582,Mortgage,231421,5.89,30,Paid Off,0,2022-08-29
701303,149232,Business Loan,38975,10.81,10,Active,0,2022-08-15
701304,115350,Mortgage,291564,5.38,30,Paid Off,0,2021-07-21
701305,142885,Personal Loan,14446,11.97,5,Active,0,2021-08-06
701306,133626,Personal Loan,5088,5.0,3,Active,0,2021-09-02
701307,101536,Personal Loan,9495,6.11,3,Active,0,2022-05-01
701308,142911,Business Loan,79869,11.27,5,Active,0,2021-10-29
701309,121190,Mortgage,555917,11.62,30,Active,0,2026-06-09
701310,101181,Mortgage,563679,4.38,30,Active,0,2023-02-03
701311,106583,Mortgage,201338,6.92,30,Paid Off,0,2023-12-21
701312,111499,Auto Loan,50811,4.68,3,Paid Off,0,2022-11-30
701313,130780,Personal Loan,22123,6.7,5,Active,0,2023-10-12
701314,110126,Personal Loan,22223,11.67,1,Active,0,2024-01-08
701315,113022,Business Loan,184720,5.76,10,Paid Off,0,2025-09-06
701316,134212,Personal Loan,20356,7.33,3,Paid Off,0,2023-06-08
701317,148907,Auto Loan,40723,10.37,6,Paid Off,0,2025-08-03
701318,121228,Mortgage,536437,4.65,30,Paid Off,0,2024-02-15
701319,104455,Personal Loan,10799,11.66,5,Active,0,2024-12-26
701320,108440,Auto Loan,14641,3.53,6,Active,0,2025-11-30
701321,105712,Mortgage,217702,4.03,30,Active,0,2023-08-11
701322,127662,Business Loan,157984,4.32,5,Active,0,2025-05-12
701323,119824,Personal Loan,16415,5.43,1,Active,0,2024-02-04
701324,131175,Mortgage,401418,7.42,30,Active,0,2022-08-19
701325,111709,Business Loan,93323,3.84,5,Paid Off,0,2021-08-31
701326,115719,Auto Loan,39214,5.1,6,Paid Off,0,2024-09-03
701327,120475,Personal Loan,10804,4.38,1,Active,0,2022-07-31
701328,118424,Auto Loan,39463,11.81,5,Paid Off,0,2024-10-13
701329,109549,Mortgage,299482,5.96,30,Paid Off,0,2024-08-29
701330,143965,Mortgage,216650,5.09,30,Defaulted,1,2024-05-19
701331,131206,Auto Loan,50911,3.82,5,Paid Off,0,2023-06-13
701332,112967,Mortgage,340905,4.38,30,Active,0,2022-09-02
701333,141470,Business Loan,135255,6.02,10,Active,0,2024-07-23
701334,146710,Mortgage,190906,5.31,30,Paid Off,0,2024-12-23
701335,109293,Personal Loan,16436,6.36,5,Active,0,2025-07-22
701336,138335,Mortgage,318799,11.32,30,Paid Off,0,2024-02-29
701337,118614,Business Loan,109766,5.37,10,Paid Off,0,2026-03-12
701338,138274,Personal Loan,7221,5.19,5,Active,0,2025-01-04
701339,104519,Auto Loan,20963,4.61,6,Paid Off,0,2026-01-13
701340,122109,Auto Loan,18913,6.26,6,Paid Off,0,2023-09-20
701341,142242,Mortgage,548407,10.98,30,Active,0,2026-02-09
701342,118222,Auto Loan,16367,6.6,5,Defaulted,1,2026-04-21
701343,145395,Business Loan,207244,6.87,5,Active,0,2024-03-31
701344,104884,Mortgage,336798,4.46,30,Paid Off,0,2024-04-18
701345,104506,Auto Loan,14090,5.1,5,Active,0,2025-07-28
701346,142663,Auto Loan,54178,6.14,5,Active,0,2022-08-17
701347,125811,Personal Loan,15895,5.96,5,Paid Off,0,2025-10-09
701348,111124,Personal Loan,19759,5.59,3,Active,0,2024-09-18
701349,100664,Auto Loan,32941,9.84,6,Active,0,2025-11-09
701350,119130,Business Loan,165778,4.25,5,Paid Off,0,2022-03-21
701351,140410,Personal Loan,9033,11.34,3,Paid Off,0,2025-06-03
701352,118299,Personal Loan,18130,5.01,3,Active,0,2025-07-27
701353,106684,Business Loan,151346,5.53,5,Active,0,2022-09-20
701354,100501,Business Loan,234462,9.46,5,Active,0,2024-03-22
701355,128098,Business Loan,153009,4.63,10,Active,0,2023-08-02
701356,144871,Mortgage,410192,11.78,30,Paid Off,0,2022-03-31
701357,132650,Auto Loan,39771,5.97,3,Active,0,2024-02-28
701358,141288,Business Loan,25826,5.39,10,Paid Off,0,2022-10-03
701359,133570,Business Loan,156604,5.49,10,Paid Off,0,2025-12-27
701360,131892,Personal Loan,14899,5.04,1,Paid Off,0,2021-11-13
701361,149650,Auto Loan,39526,3.94,6,Paid Off,0,2022-11-23
701362,148951,Business Loan,35383,5.53,10,Paid Off,0,2024-02-01
701363,118087,Personal Loan,16078,6.35,5,Paid Off,0,2026-05-10
701364,111178,Personal Loan,12694,5.73,1,Active,0,2022-04-01
701365,119602,Personal Loan,11008,6.55,5,Paid Off,0,2025-04-12
701366,113251,Business Loan,116125,5.58,10,Active,0,2022-08-24
701367,116416,Personal Loan,12862,7.7,5,Paid Off,0,2021-09-09
701368,123206,Auto Loan,47614,4.9,3,Active,0,2026-04-25
701369,139880,Auto Loan,43210,6.51,3,Active,0,2021-11-08
701370,139375,Auto Loan,34599,9.59,3,Paid Off,0,2022-09-28
701371,111436,Mortgage,183052,6.24,30,Paid Off,0,2024-03-23
701372,145269,Mortgage,167341,6.07,30,Paid Off,0,2025-01-30
701373,129463,Business Loan,199461,5.47,5,Paid Off,0,2023-12-19
701374,106736,Mortgage,175707,5.33,30,Active,0,2023-06-15
701375,120686,Personal Loan,2934,9.72,3,Active,0,2022-11-30
701376,117049,Business Loan,41632,6.64,5,Active,0,2025-09-11
701377,145511,Personal Loan,14948,6.48,5,Paid Off,0,2024-03-20
701378,104844,Auto Loan,52475,4.54,6,Active,0,2022-08-27
701379,103272,Auto Loan,58158,7.46,3,Defaulted,1,2025-08-03
701380,132713,Business Loan,229067,8.38,5,Paid Off,0,2024-10-22
701381,133177,Business Loan,232295,3.97,10,Active,0,2025-04-27
701382,149770,Auto Loan,40368,9.51,5,Paid Off,0,2023-07-06
701383,131807,Mortgage,251463,3.87,30,Active,0,2026-02-14
701384,133269,Auto Loan,45040,6.67,6,Paid Off,0,2024-08-10
701385,116095,Mortgage,442392,4.49,30,Paid Off,0,2021-11-08
701386,108904,Mortgage,532537,3.92,30,Paid Off,0,2024-09-21
701387,108406,Personal Loan,6579,3.86,1,Paid Off,0,2025-03-20
701388,105012,Auto Loan,48317,10.0,3,Defaulted,1,2022-10-16
701389,104243,Personal Loan,18694,5.03,1,Paid Off,0,2023-03-17
701390,115418,Auto Loan,13216,4.42,5,Active,0,2023-09-22
701391,141123,Business Loan,124394,5.24,10,Paid Off,0,2026-03-24
701392,129755,Auto Loan,41438,5.49,6,Paid Off,0,2023-02-06
701393,132163,Auto Loan,10719,6.52,3,Active,0,2023-06-26
701394,131979,Mortgage,498749,11.71,30,Defaulted,1,2023-10-19
701395,136443,Personal Loan,24980,6.22,1,Active,0,2024-03-02
701396,116481,Auto Loan,43788,6.01,5,Active,0,2022-12-01
701397,101114,Auto Loan,52691,5.84,6,Active,0,2022-11-29
701398,114875,Business Loan,192612,11.99,10,Paid Off,0,2023-06-23
701399,106266,Personal Loan,8881,7.5,5,Active,0,2023-03-14
701400,139208,Personal Loan,1907,11.21,3,Active,0,2025-06-22
701401,132426,Business Loan,210600,7.81,5,Active,0,2025-05-03
701402,111917,Mortgage,156787,3.81,30,Paid Off,0,2024-01-15
701403,123180,Business Loan,236718,5.84,5,Active,0,2024-10-17
701404,141353,Mortgage,256755,5.45,30,Active,0,2024-11-01
701405,135148,Personal Loan,4203,4.41,3,Defaulted,1,2021-11-13
701406,130572,Business Loan,158098,5.17,5,Paid Off,0,2023-11-22
701407,147806,Business Loan,76934,5.94,10,Active,0,2024-07-11
701408,145285,Auto Loan,55522,5.42,6,Active,0,2026-04-19
701409,142790,Business Loan,104547,6.17,10,Active,0,2022-08-11
701410,120996,Business Loan,212535,7.25,5,Paid Off,0,2022-02-18
701411,134298,Mortgage,244038,5.82,30,Paid Off,0,2024-05-08
701412,122048,Auto Loan,36239,7.29,3,Active,0,2024-07-03
701413,102528,Auto Loan,26483,5.99,5,Paid Off,0,2023-11-21
701414,130518,Business Loan,151369,6.35,10,Active,0,2022-10-14
701415,129540,Business Loan,236645,6.09,5,Paid Off,0,2022-03-09
701416,127440,Mortgage,543504,6.72,30,Active,0,2023-10-10
701417,143854,Business Loan,34784,9.59,10,Active,0,2023-08-05
701418,126938,Personal Loan,7349,4.43,1,Paid Off,0,2023-04-14
701419,102984,Auto Loan,26654,6.58,6,Paid Off,0,2026-04-03
701420,114773,Mortgage,319394,11.85,30,Paid Off,0,2021-10-25
701421,127927,Personal Loan,17485,7.96,1,Paid Off,0,2024-03-10
701422,122425,Business Loan,240536,6.34,10,Active,0,2022-04-07
701423,126389,Mortgage,541334,3.62,30,Active,0,2025-04-24
701424,142168,Personal Loan,2854,9.05,1,Active,0,2023-09-13
701425,145902,Personal Loan,7333,10.28,3,Paid Off,0,2025-01-14
701426,119185,Business Loan,206956,6.47,10,Active,0,2024-10-28
701427,118986,Mortgage,583838,6.43,30,Active,0,2022-04-27
701428,129620,Mortgage,260459,9.41,30,Paid Off,0,2025-08-01
701429,120560,Business Loan,233625,5.3,10,Paid Off,0,2023-07-14
701430,135149,Business Loan,177002,6.11,5,Paid Off,0,2023-08-20
701431,124234,Mortgage,436109,6.04,30,Active,0,2021-09-18
701432,115433,Business Loan,27159,11.18,10,Paid Off,0,2022-06-20
701433,102863,Auto Loan,56867,6.51,6,Paid Off,0,2023-08-10
701434,123219,Personal Loan,15936,9.45,3,Active,0,2022-01-02
701435,116662,Personal Loan,13838,6.59,1,Paid Off,0,2023-11-12
701436,115767,Personal Loan,24037,4.82,5,Paid Off,0,2023-12-16
701437,114478,Mortgage,283023,7.68,30,Active,0,2023-01-28
701438,109955,Mortgage,549334,5.23,30,Active,0,2021-09-08
701439,131402,Auto Loan,50081,4.3,5,Active,0,2025-12-05
701440,121049,Personal Loan,2191,5.18,5,Paid Off,0,2021-10-09
701441,134969,Mortgage,449272,4.78,30,Paid Off,0,2021-12-13
701442,124268,Mortgage,396740,9.86,30,Paid Off,0,2025-12-20
701443,123204,Mortgage,462005,10.55,30,Paid Off,0,2026-01-01
701444,103377,Auto Loan,12785,6.02,3,Active,0,2021-11-01
701445,101599,Business Loan,32076,11.1,10,Active,0,2023-09-01
701446,100476,Business Loan,28626,5.92,5,Active,0,2026-02-26
701447,110798,Personal Loan,11776,8.79,5,Active,0,2023-02-20
701448,108639,Personal Loan,4686,6.06,1,Paid Off,0,2022-07-31
701449,122142,Personal Loan,2431,8.83,1,Paid Off,0,2026-05-13
701450,122182,Personal Loan,15444,4.43,5,Active,0,2024-07-21
701451,109932,Personal Loan,16712,4.14,3,Defaulted,1,2025-09-14
701452,121046,Mortgage,293100,6.12,30,Active,0,2023-01-28
701453,145442,Auto Loan,29195,7.03,6,Paid Off,0,2022-03-19
701454,136231,Personal Loan,9238,4.69,5,Active,0,2024-11-01
701455,143952,Business Loan,41911,4.72,10,Active,0,2024-06-06
701456,138326,Business Loan,158121,8.88,5,Active,0,2026-05-06
701457,138592,Personal Loan,12586,5.4,1,Active,0,2023-07-18
701458,117781,Personal Loan,23196,7.88,1,Active,0,2023-03-26
701459,129875,Personal Loan,17424,6.2,3,Paid Off,0,2024-04-27
701460,131070,Mortgage,164756,6.55,30,Defaulted,1,2023-08-23
701461,122256,Business Loan,122959,4.56,10,Active,0,2024-03-03
701462,109459,Business Loan,225296,8.54,10,Active,0,2023-01-15
701463,110665,Business Loan,239724,5.94,5,Active,0,2023-09-19
701464,108331,Business Loan,239376,6.32,5,Active,0,2025-05-26
701465,125865,Auto Loan,49317,4.71,6,Active,0,2023-10-01
701466,148001,Mortgage,513481,3.9,30,Paid Off,0,2026-05-13
701467,117554,Mortgage,541403,10.91,30,Active,0,2022-02-21
701468,138886,Mortgage,345730,4.17,30,Active,0,2023-10-30
701469,128590,Auto Loan,43188,5.81,5,Paid Off,0,2023-01-14
701470,115302,Auto Loan,29061,10.63,5,Paid Off,0,2022-11-12
701471,127980,Auto Loan,38907,5.66,6,Paid Off,0,2021-12-23
701472,119593,Auto Loan,42525,5.53,5,Active,0,2022-06-26
701473,111839,Business Loan,163185,10.18,5,Active,0,2022-04-10
701474,119062,Auto Loan,40489,5.86,3,Active,0,2023-01-10
701475,126700,Business Loan,120717,8.18,10,Paid Off,0,2025-10-27
701476,139868,Mortgage,263035,6.57,30,Paid Off,0,2024-09-01
701477,118826,Mortgage,264669,6.59,30,Active,0,2023-08-23
701478,144782,Personal Loan,23710,5.01,1,Paid Off,0,2026-05-08
701479,113473,Business Loan,41591,5.25,5,Defaulted,1,2021-09-01
701480,101811,Auto Loan,35968,9.62,6,Paid Off,0,2026-02-02
701481,105576,Mortgage,187826,5.74,30,Paid Off,0,2023-07-30
701482,113604,Business Loan,144250,5.75,5,Paid Off,0,2026-07-04
701483,145814,Mortgage,562175,3.62,30,Paid Off,0,2025-07-03
701484,119287,Personal Loan,17717,10.8,1,Paid Off,0,2022-02-17
701485,145444,Personal Loan,8654,9.7,3,Paid Off,0,2026-03-31
701486,102213,Mortgage,164220,5.02,30,Active,0,2023-11-08
701487,127630,Business Loan,122443,8.11,10,Paid Off,0,2025-12-26
701488,143904,Business Loan,184245,4.18,10,Active,0,2024-08-06
701489,130731,Mortgage,187240,5.77,30,Active,0,2026-05-07
701490,121255,Auto Loan,56951,11.62,3,Paid Off,0,2022-04-06
701491,122982,Auto Loan,24180,5.87,6,Paid Off,0,2024-04-12
701492,116039,Mortgage,467993,6.83,30,Active,0,2024-12-25
701493,102672,Mortgage,471214,10.51,30,Paid Off,0,2023-12-22
701494,129363,Personal Loan,21970,6.61,5,Paid Off,0,2022-01-07
701495,102608,Personal Loan,19534,9.83,3,Active,0,2022-11-26
701496,120496,Business Loan,73156,4.45,5,Active,0,2024-02-05
701497,147608,Auto Loan,50661,4.36,5,Paid Off,0,2026-07-15
701498,105159,Personal Loan,24428,8.28,1,Paid Off,0,2025-05-18
701499,139381,Mortgage,530616,4.85,30,Active,0,2025-05-18
701500,135576,Auto Loan,27471,8.12,5,Paid Off,0,2026-03-06
701501,134234,Personal Loan,13831,5.37,1,Paid Off,0,2023-02-16
701502,132777,Business Loan,92672,11.99,10,Active,0,2022-05-03
701503,111401,Business Loan,55742,8.28,10,Active,0,2024-09-09
701504,110504,Business Loan,142514,4.5,10,Active,0,2024-02-08
701505,133526,Personal Loan,3052,6.96,1,Active,0,2021-11-09
701506,141589,Personal Loan,20654,5.05,3,Paid Off,0,2024-09-22
701507,105754,Business Loan,201994,9.49,10,Paid Off,0,2023-01-15
701508,144770,Auto Loan,36713,4.96,5,Active,0,2024-11-20
701509,122011,Business Loan,73062,6.5,10,Paid Off,0,2024-09-06
701510,145388,Mortgage,356825,10.93,30,Paid Off,0,2025-02-08
701511,120937,Personal Loan,17929,9.1,5,Paid Off,0,2024-04-03
701512,121934,Auto Loan,51492,11.68,3,Active,0,2022-05-07
701513,108034,Personal Loan,15686,11.34,3,Active,0,2025-01-26
701514,107126,Auto Loan,49026,4.12,3,Active,0,2022-01-30
701515,147615,Mortgage,306950,9.92,30,Active,0,2024-09-10
701516,147790,Mortgage,543402,6.64,30,Active,0,2022-10-30
701517,146122,Mortgage,491443,6.77,30,Active,0,2025-11-20
701518,135846,Mortgage,245907,6.77,30,Paid Off,0,2023-05-26
701519,134582,Mortgage,219330,4.25,30,Active,0,2026-03-15
701520,113082,Auto Loan,28791,6.66,5,Active,0,2025-10-26
701521,140646,Mortgage,369788,4.83,30,Active,0,2024-01-03
701522,121905,Personal Loan,16449,5.84,5,Paid Off,0,2022-12-09
701523,125238,Business Loan,92196,5.72,10,Active,0,2023-10-11
701524,135975,Mortgage,231792,5.85,30,Paid Off,0,2026-03-03
701525,106496,Mortgage,529177,4.37,30,Paid Off,0,2024-04-18
701526,143693,Mortgage,431795,6.39,30,Paid Off,0,2026-03-02
701527,133524,Auto Loan,39582,6.93,6,Paid Off,0,2025-08-15
701528,120701,Auto Loan,17181,5.69,6,Paid Off,0,2025-11-28
701529,113312,Business Loan,191029,5.87,5,Active,0,2023-06-25
701530,110036,Auto Loan,58154,9.9,5,Active,0,2024-07-02
701531,114164,Mortgage,413325,8.22,30,Paid Off,0,2021-12-04
701532,131154,Personal Loan,20240,6.31,3,Paid Off,0,2022-06-03
701533,124948,Auto Loan,34396,6.01,5,Paid Off,0,2024-08-06
701534,135308,Business Loan,104478,6.35,10,Paid Off,0,2024-11-13
701535,147763,Auto Loan,24905,6.27,3,Active,0,2022-09-22
701536,132907,Business Loan,173240,6.81,5,Active,0,2022-11-17
701537,145609,Mortgage,247371,10.67,30,Paid Off,0,2024-11-12
701538,105253,Personal Loan,22870,4.66,1,Active,0,2023-09-04
701539,119104,Mortgage,509885,5.22,30,Defaulted,1,2022-03-13
701540,132805,Business Loan,50705,4.72,10,Active,0,2021-12-17
701541,140516,Personal Loan,18725,7.66,5,Paid Off,0,2023-01-18
701542,103882,Mortgage,239955,7.73,30,Paid Off,0,2023-12-10
701543,122988,Personal Loan,15515,4.31,1,Active,0,2025-06-14
701544,131224,Personal Loan,24274,5.54,3,Active,0,2023-11-29
701545,103418,Personal Loan,2206,5.56,1,Paid Off,0,2023-10-07
701546,138929,Auto Loan,28735,7.85,6,Paid Off,0,2025-11-16
701547,123541,Business Loan,175656,6.9,5,Paid Off,0,2022-01-12
701548,126354,Auto Loan,32984,6.79,6,Active,0,2023-03-09
701549,119771,Personal Loan,18143,6.36,5,Active,0,2024-01-07
701550,110189,Personal Loan,14372,7.07,1,Active,0,2024-05-08
701551,144562,Auto Loan,43148,11.55,3,Paid Off,0,2024-06-25
701552,144560,Business Loan,31510,6.06,10,Paid Off,0,2024-02-18
701553,144944,Personal Loan,16000,10.53,3,Active,0,2025-08-28
701554,105195,Business Loan,101291,9.36,10,Paid Off,0,2023-10-18
701555,137255,Mortgage,472368,9.87,30,Active,0,2022-09-27
701556,131610,Auto Loan,40452,3.97,6,Active,0,2025-08-05
701557,102191,Personal Loan,14126,10.03,5,Paid Off,0,2026-03-06
701558,131039,Auto Loan,23897,5.39,3,Active,0,2025-07-28
701559,146776,Auto Loan,55432,3.52,6,Active,0,2022-09-07
701560,107785,Business Loan,30157,11.42,10,Paid Off,0,2025-01-05
701561,146172,Mortgage,187809,3.69,30,Paid Off,0,2022-05-26
701562,142978,Auto Loan,31036,3.56,3,Active,0,2025-02-08
701563,148126,Auto Loan,52745,11.93,3,Active,0,2022-03-13
701564,103154,Business Loan,122664,6.65,5,Paid Off,0,2024-09-08
701565,122795,Auto Loan,59868,8.64,3,Paid Off,0,2024-12-31
701566,129895,Auto Loan,35695,5.07,5,Active,0,2021-11-21
701567,116912,Business Loan,145053,4.54,5,Paid Off,0,2023-07-25
701568,141042,Mortgage,447022,4.56,30,Active,0,2026-04-01
701569,142715,Personal Loan,18767,6.39,3,Active,0,2022-05-06
701570,107441,Business Loan,116088,5.66,10,Paid Off,0,2024-04-03
701571,112848,Auto Loan,36065,11.02,3,Paid Off,0,2026-02-28
701572,112619,Business Loan,47641,10.1,5,Paid Off,0,2022-11-24
701573,119746,Personal Loan,6900,7.07,1,Paid Off,0,2026-07-02
701574,101422,Personal Loan,15011,9.83,1,Paid Off,0,2024-05-08
701575,126894,Mortgage,474669,5.09,30,Active,0,2022-07-22
701576,106065,Personal Loan,18091,6.1,3,Active,0,2022-10-10
701577,137616,Auto Loan,41174,5.83,3,Active,0,2024-04-01
701578,137028,Mortgage,224765,5.72,30,Active,0,2025-03-26
701579,143197,Auto Loan,30728,3.82,3,Active,0,2023-07-18
701580,129228,Mortgage,274154,5.05,30,Paid Off,0,2024-07-26
701581,129835,Auto Loan,16484,3.65,5,Active,0,2023-11-20
701582,122685,Auto Loan,30713,5.42,5,Active,0,2024-05-21
701583,122341,Personal Loan,7962,5.17,3,Active,0,2025-05-28
701584,145713,Auto Loan,47486,8.08,6,Active,0,2023-11-23
701585,134759,Auto Loan,28252,5.32,5,Paid Off,0,2023-12-08
701586,105215,Personal Loan,18762,4.45,5,Paid Off,0,2023-09-03
701587,148812,Business Loan,71051,10.73,5,Paid Off,0,2023-04-13
701588,144917,Mortgage,259356,5.66,30,Paid Off,0,2021-10-18
701589,139364,Auto Loan,48572,4.17,5,Paid Off,0,2024-05-26
701590,147378,Personal Loan,14092,7.6,5,Paid Off,0,2023-01-08
701591,102899,Mortgage,383592,9.52,30,Paid Off,0,2023-01-20
701592,113307,Business Loan,83716,4.65,5,Active,0,2022-01-12
701593,118861,Business Loan,175200,8.09,10,Paid Off,0,2026-01-27
701594,114160,Business Loan,153429,3.62,10,Paid Off,0,2025-05-30
701595,115153,Auto Loan,42412,4.22,6,Paid Off,0,2021-09-18
701596,102561,Auto Loan,42850,6.39,6,Active,0,2023-05-31
701597,107308,Mortgage,401453,6.36,30,Paid Off,0,2023-06-25
701598,119223,Personal Loan,1314,6.32,5,Paid Off,0,2023-06-04
701599,139543,Personal Loan,2049,3.66,3,Active,0,2025-02-20
701600,133680,Auto Loan,29672,6.11,5,Defaulted,1,2021-11-13
701601,139097,Personal Loan,19233,4.6,5,Active,0,2023-09-19
701602,144840,Business Loan,115355,5.25,5,Active,0,2025-01-17
701603,144614,Personal Loan,21665,6.14,1,Active,0,2025-01-10
701604,127191,Auto Loan,41157,5.8,5,Active,0,2023-11-30
701605,117476,Personal Loan,6051,3.87,3,Paid Off,0,2021-08-23
701606,114803,Auto Loan,42996,6.0,5,Paid Off,0,2025-06-23
701607,126837,Personal Loan,10356,6.71,1,Active,0,2021-07-27
701608,110262,Auto Loan,58460,5.38,6,Paid Off,0,2022-11-02
701609,144190,Business Loan,49151,5.3,5,Active,0,2024-05-09
701610,143278,Mortgage,474369,7.69,30,Paid Off,0,2024-11-27
701611,130948,Personal Loan,16354,6.39,3,Paid Off,0,2022-07-25
701612,142989,Personal Loan,14512,6.57,1,Paid Off,0,2021-08-11
701613,119709,Mortgage,370681,6.13,30,Paid Off,0,2022-05-04
701614,128468,Auto Loan,29050,5.3,3,Paid Off,0,2024-12-08
701615,100543,Auto Loan,13343,5.73,3,Paid Off,0,2025-04-26
701616,123822,Auto Loan,59226,5.99,5,Active,0,2023-04-16
701617,128066,Business Loan,94232,6.42,5,Paid Off,0,2025-07-20
701618,134415,Mortgage,378416,7.35,30,Defaulted,1,2024-01-18
701619,139627,Mortgage,265497,5.17,30,Paid Off,0,2025-01-28
701620,101163,Mortgage,344888,11.73,30,Active,0,2023-01-18
701621,129746,Personal Loan,3899,3.55,5,Paid Off,0,2021-08-19
701622,102210,Auto Loan,41010,4.83,5,Paid Off,0,2025-07-22
701623,123001,Mortgage,388185,8.55,30,Active,0,2025-04-18
701624,132300,Personal Loan,22955,5.93,5,Paid Off,0,2025-12-29
701625,146320,Auto Loan,20654,4.77,5,Active,0,2024-02-28
701626,128827,Mortgage,207666,11.08,30,Paid Off,0,2022-02-08
701627,144404,Business Loan,144646,7.71,5,Paid Off,0,2023-11-28
701628,118198,Mortgage,247037,4.74,30,Active,0,2021-08-09
701629,101901,Business Loan,208077,6.34,5,Active,0,2022-08-23
701630,137460,Personal Loan,1136,7.52,3,Active,0,2023-04-19
701631,117692,Personal Loan,10454,11.46,1,Paid Off,0,2023-03-24
701632,128200,Auto Loan,20193,4.24,5,Paid Off,0,2021-09-07
701633,124782,Mortgage,571084,4.07,30,Paid Off,0,2022-10-05
701634,128968,Auto Loan,32723,6.56,3,Paid Off,0,2021-10-08
701635,138888,Mortgage,596184,5.7,30,Active,0,2024-01-12
701636,135968,Personal Loan,14497,8.3,5,Paid Off,0,2025-03-07
701637,130875,Personal Loan,4877,5.25,3,Active,0,2024-01-16
701638,138948,Business Loan,136187,4.88,10,Active,0,2023-09-30
701639,115359,Mortgage,261141,4.63,30,Active,0,2021-12-03
701640,142751,Auto Loan,32977,8.65,3,Paid Off,0,2022-02-06
701641,144469,Auto Loan,39119,3.9,6,Active,0,2025-10-17
701642,119714,Business Loan,189741,5.96,5,Active,0,2024-04-19
701643,111607,Personal Loan,1955,5.26,3,Paid Off,0,2026-01-01
701644,136167,Auto Loan,20357,6.53,3,Paid Off,0,2022-02-18
701645,135571,Personal Loan,14397,5.26,3,Active,0,2021-08-15
701646,130441,Personal Loan,11944,7.19,1,Active,0,2021-11-04
701647,139646,Mortgage,414753,5.61,30,Paid Off,0,2023-01-29
701648,145246,Business Loan,157132,4.38,10,Active,0,2022-10-16
701649,110434,Personal Loan,23679,3.85,1,Active,0,2022-09-03
701650,145591,Personal Loan,18441,4.33,1,Paid Off,0,2022-02-19
701651,133540,Auto Loan,18807,4.2,5,Paid Off,0,2023-07-12
701652,104162,Personal Loan,14949,3.76,3,Active,0,2025-03-19
701653,124261,Business Loan,119153,6.48,5,Active,0,2024-09-20
701654,127618,Personal Loan,9014,7.27,5,Paid Off,0,2022-02-27
701655,117466,Business Loan,125724,4.81,5,Paid Off,0,2022-07-20
701656,102441,Business Loan,233718,5.35,5,Paid Off,0,2022-02-25
701657,106211,Mortgage,447152,5.61,30,Active,0,2023-03-29
701658,116368,Personal Loan,24372,4.29,5,Active,0,2023-06-23
701659,106896,Auto Loan,30227,6.93,5,Paid Off,0,2023-03-25
701660,127590,Auto Loan,36873,10.6,3,Paid Off,0,2021-11-10
701661,127721,Personal Loan,4604,4.17,3,Defaulted,1,2026-05-03
701662,106400,Mortgage,574544,6.13,30,Active,0,2024-05-11
701663,146282,Mortgage,308015,6.38,30,Paid Off,0,2022-06-17
701664,130127,Mortgage,435224,5.61,30,Paid Off,0,2024-03-21
701665,119027,Personal Loan,18450,5.12,3,Active,0,2025-07-02
701666,133821,Business Loan,188950,6.07,10,Active,0,2024-09-11
701667,132756,Business Loan,78960,5.2,5,Active,0,2022-03-31
701668,147477,Personal Loan,24203,5.89,5,Active,0,2023-12-16
701669,131632,Mortgage,267891,5.38,30,Paid Off,0,2021-07-21
701670,118558,Mortgage,510384,10.06,30,Paid Off,0,2021-07-30
701671,116625,Mortgage,585572,5.34,30,Active,0,2025-06-18
701672,117531,Personal Loan,18232,3.56,1,Active,0,2024-04-17
701673,137647,Mortgage,356496,3.97,30,Paid Off,0,2021-12-21
701674,133395,Mortgage,467132,9.06,30,Active,0,2023-02-06
701675,117827,Mortgage,512425,6.42,30,Active,0,2023-06-14
701676,114427,Mortgage,502056,4.66,30,Active,0,2025-03-30
701677,101005,Business Loan,206884,5.96,5,Paid Off,0,2023-06-07
701678,105488,Business Loan,115976,4.17,10,Active,0,2025-06-22
701679,145615,Mortgage,365942,4.54,30,Paid Off,0,2022-02-03
701680,117406,Auto Loan,18027,9.55,6,Paid Off,0,2024-05-07
701681,100454,Mortgage,269286,6.02,30,Paid Off,0,2024-04-26
701682,104244,Business Loan,150874,10.24,5,Active,0,2026-04-04
701683,139505,Auto Loan,56697,5.39,3,Paid Off,0,2022-03-07
701684,143383,Business Loan,223175,6.62,5,Active,0,2022-01-15
701685,134292,Mortgage,468975,6.6,30,Active,0,2023-03-27
701686,141413,Mortgage,462980,5.03,30,Paid Off,0,2022-02-26
701687,144591,Personal Loan,4957,5.61,1,Paid Off,0,2026-03-08
701688,131953,Personal Loan,11217,6.95,1,Paid Off,0,2023-07-12
701689,129980,Mortgage,179361,8.52,30,Active,0,2024-09-19
701690,109391,Personal Loan,5489,5.32,3,Paid Off,0,2025-04-05
701691,122338,Business Loan,225363,6.86,5,Active,0,2025-01-23
701692,111708,Auto Loan,44545,5.19,6,Paid Off,0,2024-11-16
701693,112966,Mortgage,535303,7.32,30,Active,0,2022-04-15
701694,145664,Personal Loan,20798,10.97,5,Defaulted,1,2026-05-15
701695,112824,Personal Loan,24521,4.28,5,Paid Off,0,2022-05-30
701696,129861,Personal Loan,11095,6.78,5,Paid Off,0,2023-04-12
701697,136407,Business Loan,218279,3.78,10,Paid Off,0,2023-11-25
701698,119204,Business Loan,135270,5.86,5,Defaulted,1,2022-06-15
701699,107776,Auto Loan,57489,7.33,3,Paid Off,0,2026-02-11
701700,135972,Personal Loan,13359,3.59,3,Paid Off,0,2025-06-23
701701,146215,Auto Loan,21931,11.33,5,Paid Off,0,2022-09-20
701702,126542,Personal Loan,6617,3.9,3,Paid Off,0,2025-10-27
701703,126716,Mortgage,463023,6.84,30,Active,0,2025-07-10
701704,141853,Auto Loan,59092,6.05,6,Paid Off,0,2023-07-07
701705,115469,Auto Loan,18098,3.88,3,Active,0,2021-10-09
701706,127055,Mortgage,575619,5.8,30,Active,0,2021-07-18
701707,111062,Personal Loan,24413,10.35,3,Active,0,2023-11-02
701708,112110,Business Loan,209370,6.43,10,Paid Off,0,2021-07-18
701709,114518,Personal Loan,9305,5.62,5,Active,0,2023-05-28
701710,137532,Personal Loan,15264,4.5,1,Active,0,2024-04-27
701711,133612,Mortgage,509516,3.75,30,Active,0,2024-06-28
701712,113433,Personal Loan,15750,6.71,1,Active,0,2024-10-14
701713,103053,Personal Loan,15491,5.43,3,Paid Off,0,2024-10-14
701714,117452,Personal Loan,19770,10.63,5,Paid Off,0,2022-04-18
701715,127505,Business Loan,57192,4.94,10,Paid Off,0,2024-05-19
701716,148930,Mortgage,550447,10.45,30,Active,0,2022-07-06
701717,120000,Auto Loan,38941,10.4,5,Active,0,2025-07-13
701718,139079,Auto Loan,31636,6.94,3,Active,0,2023-12-21
701719,109273,Business Loan,238874,4.16,5,Active,0,2023-08-31
701720,110134,Business Loan,160637,5.22,10,Active,0,2021-11-14
701721,102982,Auto Loan,14702,4.55,3,Active,0,2023-07-07
701722,131599,Mortgage,477374,5.57,30,Paid Off,0,2025-10-17
701723,147437,Mortgage,515243,6.1,30,Active,0,2026-01-09
701724,140223,Personal Loan,22712,4.39,3,Active,0,2023-12-22
701725,105770,Business Loan,221173,8.93,5,Active,0,2023-12-10
701726,134870,Auto Loan,36890,3.76,3,Paid Off,0,2026-03-21
701727,128999,Auto Loan,34743,4.71,3,Paid Off,0,2025-11-22
701728,116320,Auto Loan,50582,3.62,5,Active,0,2024-09-20
701729,138544,Auto Loan,59940,6.58,3,Paid Off,0,2025-07-05
701730,114815,Personal Loan,19345,6.7,3,Active,0,2023-01-17
701731,117962,Business Loan,245630,6.46,10,Paid Off,0,2024-08-27
701732,123647,Mortgage,210650,4.99,30,Paid Off,0,2025-07-07
701733,108479,Auto Loan,41835,8.0,6,Paid Off,0,2024-03-01
701734,122895,Auto Loan,57786,4.36,5,Active,0,2023-09-07
701735,118853,Business Loan,144253,7.88,5,Paid Off,0,2025-05-17
701736,139474,Personal Loan,3096,4.23,3,Defaulted,1,2025-03-09
701737,109353,Auto Loan,21604,6.93,5,Paid Off,0,2022-07-31
701738,125042,Business Loan,235980,6.81,10,Active,0,2025-06-02
701739,146015,Business Loan,218501,4.67,5,Active,0,2024-08-11
701740,102757,Business Loan,84659,6.21,5,Paid Off,0,2025-08-11
701741,112214,Auto Loan,14103,8.41,3,Active,0,2026-07-14
701742,123491,Business Loan,47819,3.94,10,Active,0,2023-08-03
701743,128027,Business Loan,210089,6.65,10,Paid Off,0,2026-05-03
701744,104128,Mortgage,417840,5.36,30,Paid Off,0,2023-03-21
701745,130611,Personal Loan,13303,6.82,1,Active,0,2023-12-06
701746,107915,Mortgage,422191,6.6,30,Active,0,2022-02-13
701747,127687,Business Loan,64334,4.18,10,Active,0,2024-07-16
701748,125572,Auto Loan,44448,6.5,6,Active,0,2025-04-19
701749,102182,Mortgage,403593,6.48,30,Paid Off,0,2022-12-31
701750,129965,Personal Loan,4151,5.21,3,Paid Off,0,2024-04-12
701751,126216,Auto Loan,56968,5.21,3,Paid Off,0,2021-10-30
701752,104822,Business Loan,213227,11.64,10,Active,0,2023-09-01
701753,102110,Business Loan,54060,3.75,10,Active,0,2023-09-18
701754,120931,Business Loan,179709,6.67,5,Paid Off,0,2024-07-19
701755,125270,Personal Loan,10100,8.28,1,Active,0,2023-01-05
701756,100176,Business Loan,200908,4.35,5,Paid Off,0,2026-02-15
701757,105683,Business Loan,113680,7.39,10,Active,0,2022-01-07
701758,147937,Mortgage,507102,6.92,30,Active,0,2021-11-16
701759,132858,Auto Loan,41647,4.57,6,Paid Off,0,2024-04-22
701760,128221,Mortgage,560764,4.61,30,Active,0,2025-06-17
701761,128530,Auto Loan,22502,11.13,6,Active,0,2024-11-04
701762,115849,Auto Loan,59465,4.06,6,Active,0,2023-07-16
701763,123744,Business Loan,65469,6.91,10,Active,0,2023-01-03
701764,143283,Personal Loan,12221,3.6,5,Paid Off,0,2022-03-11
701765,120613,Personal Loan,5495,9.34,1,Paid Off,0,2024-07-20
701766,127819,Mortgage,446177,8.82,30,Active,0,2024-03-31
701767,138872,Mortgage,528112,4.98,30,Active,0,2023-08-03
701768,127587,Mortgage,404944,9.65,30,Paid Off,0,2023-04-09
701769,141889,Business Loan,201776,6.95,5,Paid Off,0,2025-11-23
701770,123872,Auto Loan,11109,6.53,6,Paid Off,0,2025-12-21
701771,110915,Personal Loan,21243,5.31,1,Active,0,2023-12-11
701772,122989,Personal Loan,1334,5.1,3,Paid Off,0,2023-08-16
701773,147401,Mortgage,415529,4.32,30,Paid Off,0,2026-03-25
701774,120374,Mortgage,426508,10.92,30,Active,0,2025-12-26
701775,124683,Business Loan,75544,6.56,5,Paid Off,0,2023-02-11
701776,108053,Personal Loan,13405,11.36,1,Paid Off,0,2022-08-01
701777,101741,Mortgage,234158,3.69,30,Active,0,2022-05-24
701778,125116,Business Loan,233766,6.97,5,Paid Off,0,2022-01-02
701779,124184,Auto Loan,22979,4.69,6,Paid Off,0,2021-09-21
701780,113631,Business Loan,230789,10.87,10,Active,0,2025-12-29
701781,104303,Auto Loan,55640,8.97,5,Paid Off,0,2021-07-31
701782,121987,Personal Loan,23833,4.37,3,Active,0,2024-06-18
701783,135719,Personal Loan,16019,6.15,1,Active,0,2022-11-16
701784,123460,Business Loan,177952,6.97,10,Paid Off,0,2021-10-19
701785,110444,Auto Loan,48489,11.4,3,Active,0,2022-12-06
701786,142406,Auto Loan,55706,7.73,5,Paid Off,0,2022-12-01
701787,115709,Business Loan,177328,6.74,5,Paid Off,0,2022-07-13
701788,133009,Personal Loan,1802,5.86,3,Active,0,2025-01-23
701789,110279,Business Loan,191805,3.78,5,Active,0,2024-10-07
701790,120945,Business Loan,124653,10.73,10,Active,0,2022-08-07
701791,105653,Mortgage,444960,4.42,30,Paid Off,0,2023-07-08
701792,104816,Personal Loan,13343,6.84,5,Paid Off,0,2024-09-12
701793,136890,Mortgage,541261,5.69,30,Active,0,2021-08-07
701794,139173,Personal Loan,12917,11.15,1,Active,0,2024-04-22
701795,115056,Business Loan,215168,6.44,5,Active,0,2023-04-15
701796,113943,Auto Loan,37144,9.44,3,Active,0,2024-06-23
701797,121681,Mortgage,549615,4.05,30,Paid Off,0,2024-07-23
701798,135499,Personal Loan,10201,3.52,5,Active,0,2025-10-01
701799,111028,Business Loan,160883,10.06,5,Paid Off,0,2024-10-22
701800,104448,Auto Loan,14931,5.15,6,Active,0,2024-07-21
701801,139838,Personal Loan,23888,6.17,1,Paid Off,0,2023-10-14
701802,142196,Auto Loan,49868,7.43,6,Active,0,2024-04-16
701803,132525,Auto Loan,35289,6.1,3,Active,0,2021-08-05
701804,130352,Business Loan,135476,4.25,10,Active,0,2023-10-13
701805,127614,Business Loan,169201,6.09,10,Active,0,2022-02-07
701806,120949,Personal Loan,24929,5.29,5,Active,0,2025-11-02
701807,145484,Personal Loan,15618,6.77,5,Active,0,2025-11-17
701808,138587,Personal Loan,5096,3.71,5,Paid Off,0,2026-04-07
701809,117249,Mortgage,452665,5.26,30,Paid Off,0,2022-10-07
701810,103431,Business Loan,67572,10.98,5,Active,0,2024-09-24
701811,146130,Personal Loan,15394,11.04,3,Active,0,2024-08-16
701812,101792,Business Loan,50935,5.57,10,Active,0,2025-08-26
701813,104865,Personal Loan,20316,4.41,3,Active,0,2023-11-05
701814,127415,Auto Loan,33508,6.13,6,Paid Off,0,2022-06-15
701815,117914,Business Loan,122828,5.4,10,Paid Off,0,2023-12-06
701816,137332,Mortgage,262793,8.89,30,Active,0,2023-03-15
701817,107592,Business Loan,247086,4.08,10,Active,0,2025-01-02
701818,147134,Mortgage,235261,5.07,30,Paid Off,0,2025-05-14
701819,144990,Mortgage,236763,10.5,30,Active,0,2025-03-30
701820,140268,Personal Loan,11556,5.19,5,Paid Off,0,2022-01-07
701821,105169,Personal Loan,7313,5.27,3,Active,0,2023-03-07
701822,135151,Business Loan,168053,6.57,10,Active,0,2025-07-15
701823,146635,Business Loan,53238,4.96,5,Active,0,2025-12-24
701824,132957,Business Loan,93471,5.83,5,Active,0,2024-02-29
701825,140261,Mortgage,443551,6.43,30,Paid Off,0,2024-02-06
701826,111807,Personal Loan,21785,4.09,1,Paid Off,0,2025-09-21
701827,142048,Auto Loan,37823,11.32,3,Paid Off,0,2025-01-21
701828,102710,Personal Loan,22832,6.27,5,Active,0,2022-12-08
701829,112883,Mortgage,409661,5.48,30,Paid Off,0,2024-08-30
701830,146275,Mortgage,317955,5.5,30,Active,0,2024-05-26
701831,144108,Auto Loan,55788,3.67,3,Active,0,2022-12-06
701832,105227,Personal Loan,23649,6.09,3,Active,0,2025-08-30
701833,134401,Personal Loan,13907,5.94,5,Active,0,2025-07-28
701834,146086,Auto Loan,11606,3.64,5,Paid Off,0,2024-08-24
701835,105186,Personal Loan,17217,11.74,1,Active,0,2022-01-17
701836,113709,Auto Loan,50311,8.21,6,Paid Off,0,2025-08-26
701837,118172,Personal Loan,11111,3.79,3,Paid Off,0,2024-11-28
701838,139229,Auto Loan,38866,6.17,3,Active,0,2024-08-25
701839,102579,Personal Loan,24666,3.59,3,Defaulted,1,2025-03-17
701840,135600,Mortgage,397475,4.69,30,Active,0,2025-07-19
701841,138532,Business Loan,72039,4.28,10,Paid Off,0,2022-10-26
701842,129484,Auto Loan,30240,6.89,5,Active,0,2025-03-21
701843,125442,Mortgage,550608,4.24,30,Paid Off,0,2022-06-28
701844,146697,Auto Loan,44998,4.9,6,Active,0,2024-12-09
701845,101584,Personal Loan,24443,5.43,3,Active,0,2024-03-22
701846,147459,Auto Loan,50781,7.97,6,Paid Off,0,2023-02-16
701847,118329,Personal Loan,14994,10.94,3,Active,0,2022-08-01
701848,108188,Auto Loan,41174,5.69,5,Paid Off,0,2025-08-22
701849,108931,Personal Loan,5115,5.67,1,Paid Off,0,2024-06-26
701850,133140,Business Loan,159410,6.69,10,Paid Off,0,2024-03-23
701851,121588,Mortgage,429963,6.48,30,Active,0,2026-04-26
701852,130813,Mortgage,596566,8.47,30,Paid Off,0,2021-12-29
701853,145260,Auto Loan,21456,10.65,5,Active,0,2023-07-29
701854,104867,Business Loan,188617,6.62,10,Paid Off,0,2022-07-17
701855,109100,Personal Loan,20788,5.95,1,Active,0,2021-07-27
701856,121006,Business Loan,223777,9.48,10,Paid Off,0,2023-01-27
701857,142995,Business Loan,106505,6.81,5,Active,0,2025-03-17
701858,128563,Mortgage,471693,6.74,30,Active,0,2021-09-04
701859,141965,Mortgage,163797,9.19,30,Paid Off,0,2024-09-23
701860,121028,Auto Loan,23033,4.08,6,Active,0,2024-10-02
701861,121397,Mortgage,287204,5.08,30,Active,0,2024-01-28
701862,130758,Business Loan,220751,5.2,5,Paid Off,0,2021-11-16
701863,126869,Auto Loan,13477,6.4,5,Paid Off,0,2022-07-18
701864,101704,Personal Loan,13788,4.78,3,Paid Off,0,2023-04-16
701865,141473,Personal Loan,17837,6.7,3,Active,0,2021-11-27
701866,149578,Auto Loan,58163,6.99,6,Active,0,2026-05-18
701867,147742,Business Loan,214169,4.68,10,Paid Off,0,2024-11-20
701868,111568,Mortgage,379719,5.48,30,Defaulted,1,2024-02-16
701869,131448,Personal Loan,7511,6.81,3,Paid Off,0,2022-04-24
701870,130878,Auto Loan,56192,3.64,6,Active,0,2021-11-28
701871,134154,Business Loan,215538,4.83,10,Active,0,2025-01-16
701872,108407,Auto Loan,59167,5.47,5,Paid Off,0,2026-01-07
701873,145876,Personal Loan,11076,6.13,3,Paid Off,0,2025-09-30
701874,110016,Personal Loan,6813,5.57,3,Paid Off,0,2022-11-30
701875,111044,Business Loan,153118,8.11,10,Paid Off,0,2026-06-03
701876,128437,Auto Loan,26402,4.21,6,Active,0,2025-12-13
701877,127224,Auto Loan,35598,4.14,5,Active,0,2022-07-08
701878,125453,Auto Loan,59708,3.97,5,Active,0,2024-10-29
701879,104421,Mortgage,276032,4.81,30,Active,0,2026-02-07
701880,101276,Business Loan,244971,4.59,5,Paid Off,0,2023-10-16
701881,127243,Auto Loan,36894,4.66,5,Active,0,2023-08-04
701882,100330,Auto Loan,57456,4.49,3,Paid Off,0,2022-07-24
701883,120294,Auto Loan,48703,5.19,3,Paid Off,0,2025-06-30
701884,102432,Auto Loan,23415,10.62,5,Defaulted,1,2023-10-01
701885,106347,Auto Loan,32850,6.62,5,Paid Off,0,2024-11-18
701886,131809,Business Loan,99486,4.47,10,Paid Off,0,2025-11-28
701887,123468,Mortgage,379032,5.46,30,Paid Off,0,2022-09-01
701888,117391,Mortgage,530184,6.88,30,Paid Off,0,2024-08-04
701889,136044,Mortgage,423356,9.59,30,Paid Off,0,2024-12-24
701890,139580,Auto Loan,37224,5.3,6,Active,0,2025-12-02
701891,120255,Mortgage,370067,7.77,30,Paid Off,0,2024-06-24
701892,126719,Mortgage,313618,3.89,30,Paid Off,0,2021-08-31
701893,109725,Business Loan,212870,10.66,5,Paid Off,0,2023-09-29
701894,142725,Personal Loan,22381,6.64,1,Active,0,2025-12-09
701895,114845,Auto Loan,22897,10.37,6,Active,0,2023-07-13
701896,104883,Business Loan,103039,5.57,5,Active,0,2023-11-02
701897,140465,Auto Loan,37824,3.65,3,Paid Off,0,2023-08-13
701898,141336,Business Loan,168022,6.96,10,Paid Off,0,2026-02-28
701899,109798,Business Loan,236762,5.02,5,Active,0,2024-11-07
701900,116429,Mortgage,447920,5.91,30,Paid Off,0,2023-08-05
701901,104264,Personal Loan,19436,5.7,1,Active,0,2021-10-09
701902,128501,Business Loan,42845,6.0,5,Active,0,2021-11-17
701903,148836,Auto Loan,47395,4.48,6,Paid Off,0,2025-01-10
701904,119785,Business Loan,198084,6.45,5,Active,0,2026-02-11
701905,115631,Business Loan,163165,6.08,10,Active,0,2023-02-10
701906,111901,Auto Loan,44923,6.19,6,Active,0,2024-11-24
701907,116112,Auto Loan,20063,5.66,3,Paid Off,0,2022-05-12
701908,103715,Auto Loan,35522,5.86,3,Paid Off,0,2023-12-09
701909,143725,Personal Loan,4819,5.02,3,Paid Off,0,2022-03-25
701910,101180,Auto Loan,43820,6.25,5,Active,0,2023-07-13
701911,106067,Auto Loan,41103,10.09,5,Paid Off,0,2023-11-27
701912,136253,Business Loan,136843,6.31,10,Paid Off,0,2025-06-12
701913,141883,Mortgage,545077,6.26,30,Active,0,2026-01-27
701914,100949,Auto Loan,43263,5.04,3,Paid Off,0,2025-01-29
701915,136502,Personal Loan,22082,7.53,3,Active,0,2024-03-30
701916,108200,Auto Loan,46178,10.7,3,Paid Off,0,2024-04-01
701917,149180,Auto Loan,49455,6.91,6,Active,0,2023-04-07
701918,148904,Auto Loan,17345,8.38,6,Paid Off,0,2025-12-21
701919,148861,Mortgage,573656,5.55,30,Paid Off,0,2026-02-10
701920,142699,Personal Loan,15234,7.21,3,Active,0,2023-01-20
701921,144390,Auto Loan,44083,5.41,5,Paid Off,0,2025-09-05
701922,112146,Auto Loan,46446,6.26,5,Active,0,2023-11-19
701923,129208,Auto Loan,19040,9.67,5,Active,0,2023-06-27
701924,137981,Auto Loan,11154,7.49,5,Active,0,2022-08-14
701925,120969,Business Loan,181263,8.04,5,Active,0,2021-11-27
701926,107990,Business Loan,74544,4.83,10,Paid Off,0,2026-04-21
701927,104672,Personal Loan,23615,6.92,3,Paid Off,0,2024-10-07
701928,104459,Mortgage,161120,10.93,30,Defaulted,1,2023-12-31
701929,125593,Auto Loan,47172,5.93,3,Paid Off,0,2025-03-16
701930,111113,Auto Loan,38283,10.6,5,Active,0,2025-01-01
701931,134680,Auto Loan,59469,11.41,6,Paid Off,0,2025-11-21
701932,115868,Personal Loan,22333,4.63,5,Active,0,2023-05-17
701933,131413,Personal Loan,8214,9.29,3,Paid Off,0,2022-02-28
701934,113620,Business Loan,211724,6.2,5,Active,0,2026-01-04
701935,104155,Auto Loan,21971,5.11,6,Paid Off,0,2025-03-02
701936,127884,Business Loan,153372,6.76,10,Active,0,2026-02-28
701937,116929,Business Loan,203733,3.74,10,Paid Off,0,2025-02-01
701938,126669,Mortgage,192526,6.89,30,Active,0,2024-08-23
701939,146226,Personal Loan,13100,3.79,3,Active,0,2026-03-03
701940,129242,Auto Loan,26993,3.68,6,Paid Off,0,2026-05-14
701941,127539,Auto Loan,30232,6.03,3,Active,0,2026-01-25
701942,125149,Mortgage,328317,12.0,30,Paid Off,0,2023-02-16
701943,120794,Business Loan,223122,7.17,10,Active,0,2023-02-19
701944,118684,Mortgage,347122,5.52,30,Active,0,2024-04-17
701945,144361,Business Loan,189911,6.97,5,Paid Off,0,2022-04-27
701946,113326,Personal Loan,9770,8.81,1,Defaulted,1,2023-07-10
701947,134829,Auto Loan,41791,5.11,6,Paid Off,0,2024-03-13
701948,129952,Business Loan,176045,6.59,5,Active,0,2026-05-30
701949,122771,Auto Loan,43122,9.64,6,Active,0,2023-08-25
701950,116947,Personal Loan,21293,5.63,5,Paid Off,0,2025-08-25
701951,107708,Mortgage,471963,8.61,30,Paid Off,0,2022-01-16
701952,121155,Auto Loan,33559,5.99,5,Active,0,2023-04-24
701953,102360,Personal Loan,2737,5.19,3,Paid Off,0,2024-05-21
701954,149375,Business Loan,210874,3.93,10,Active,0,2023-02-06
701955,133641,Mortgage,325915,8.72,30,Active,0,2026-05-13
701956,134694,Business Loan,57858,4.83,5,Active,0,2025-09-28
701957,149723,Business Loan,30216,4.83,10,Paid Off,0,2025-05-11
701958,136525,Business Loan,90368,6.4,10,Defaulted,1,2023-05-09
701959,112006,Auto Loan,57956,5.68,3,Active,0,2023-04-16
701960,131489,Auto Loan,40812,5.81,5,Active,0,2021-10-14
701961,139707,Personal Loan,2820,9.47,3,Paid Off,0,2025-03-30
701962,117008,Mortgage,406369,9.65,30,Active,0,2025-10-30
701963,126175,Auto Loan,38667,7.84,5,Active,0,2024-12-20
701964,130833,Personal Loan,23521,9.45,5,Active,0,2024-05-11
701965,121444,Auto Loan,42237,11.04,5,Paid Off,0,2024-02-04
701966,143179,Auto Loan,37748,5.82,5,Defaulted,1,2024-01-12
701967,129987,Business Loan,208891,6.47,10,Paid Off,0,2022-10-30
701968,130721,Auto Loan,24995,4.15,5,Active,0,2023-09-15
701969,124787,Auto Loan,16570,11.6,3,Active,0,2022-06-15
701970,144491,Auto Loan,41657,9.97,3,Active,0,2021-12-14
701971,144778,Auto Loan,42348,4.16,6,Paid Off,0,2024-11-13
701972,132429,Auto Loan,59100,10.19,6,Defaulted,1,2021-11-05
701973,110989,Auto Loan,27048,3.61,5,Paid Off,0,2025-01-27
701974,122847,Business Loan,168459,3.76,10,Paid Off,0,2025-06-09
701975,106676,Personal Loan,17432,5.82,3,Paid Off,0,2025-09-24
701976,114528,Personal Loan,13668,10.25,1,Paid Off,0,2025-12-30
701977,115809,Personal Loan,9596,8.35,5,Active,0,2022-07-10
701978,103502,Personal Loan,10973,8.83,5,Active,0,2024-05-12
701979,111948,Mortgage,437405,4.4,30,Active,0,2023-05-04
701980,111209,Business Loan,194859,6.96,5,Paid Off,0,2025-03-18
701981,104108,Business Loan,192824,3.52,5,Paid Off,0,2022-01-08
701982,105035,Auto Loan,58159,5.06,3,Active,0,2026-01-17
701983,143562,Personal Loan,1889,6.48,1,Active,0,2021-09-05
701984,118272,Business Loan,204817,5.34,10,Paid Off,0,2021-12-17
701985,147262,Business Loan,180167,10.39,5,Active,0,2022-02-24
701986,102522,Business Loan,167828,6.48,10,Paid Off,0,2024-11-17
701987,123166,Mortgage,170105,5.18,30,Active,0,2021-07-28
701988,124676,Personal Loan,14422,6.78,1,Paid Off,0,2025-10-17
701989,138153,Personal Loan,24082,4.64,5,Paid Off,0,2026-01-15
701990,107168,Auto Loan,21795,5.07,5,Paid Off,0,2024-04-01
701991,112365,Mortgage,252947,3.66,30,Active,0,2026-02-20
701992,121082,Personal Loan,16421,7.36,1,Active,0,2024-01-30
701993,143741,Business Loan,80055,5.26,5,Paid Off,0,2022-10-15
701994,139135,Business Loan,79938,6.16,10,Active,0,2022-11-08
701995,133582,Auto Loan,52753,10.14,6,Paid Off,0,2024-05-29
701996,131702,Mortgage,378941,10.86,30,Active,0,2022-05-31
701997,138237,Mortgage,217220,6.97,30,Active,0,2021-11-26
701998,122358,Mortgage,308157,5.04,30,Active,0,2025-09-10
701999,148246,Mortgage,534072,9.92,30,Active,0,2025-04-09
702000,105929,Mortgage,155159,4.34,30,Paid Off,0,2022-07-20
702001,138282,Auto Loan,56745,4.55,5,Paid Off,0,2024-12-29
702002,140523,Business Loan,59716,6.34,10,Paid Off,0,2023-09-03
702003,114749,Mortgage,568211,5.06,30,Active,0,2021-11-17
702004,111034,Business Loan,243463,6.38,5,Paid Off,0,2023-11-15
702005,125200,Personal Loan,11144,4.06,5,Defaulted,1,2024-04-22
702006,129458,Business Loan,150287,10.96,5,Paid Off,0,2023-01-20
702007,101175,Mortgage,298995,8.26,30,Paid Off,0,2023-12-17
702008,138937,Auto Loan,45906,4.47,5,Active,0,2022-06-12
702009,148125,Mortgage,502266,5.28,30,Active,0,2022-02-19
702010,147642,Mortgage,218838,3.99,30,Paid Off,0,2024-12-14
702011,106049,Personal Loan,5350,8.43,5,Active,0,2025-04-05
702012,135664,Personal Loan,20090,6.82,3,Paid Off,0,2024-04-12
702013,138144,Mortgage,154500,6.47,30,Paid Off,0,2024-03-31
702014,133825,Auto Loan,42835,5.92,5,Paid Off,0,2025-07-09
702015,125386,Auto Loan,57659,5.52,3,Paid Off,0,2023-02-10
702016,141041,Personal Loan,7750,6.99,3,Active,0,2023-03-03
702017,124932,Mortgage,205700,5.68,30,Active,0,2024-12-16
702018,109763,Business Loan,137637,5.22,5,Active,0,2025-12-07
702019,136881,Auto Loan,11078,4.91,5,Paid Off,0,2022-11-13
702020,103776,Mortgage,320466,4.15,30,Active,0,2024-06-27
702021,110003,Mortgage,435197,11.42,30,Active,0,2025-03-26
702022,113033,Business Loan,244211,5.53,5,Active,0,2022-04-03
702023,119663,Business Loan,98587,7.62,5,Active,0,2023-01-09
702024,103037,Personal Loan,1495,4.83,1,Active,0,2025-03-02
702025,146901,Personal Loan,16443,6.56,5,Paid Off,0,2025-07-22
702026,107063,Business Loan,68822,6.19,5,Active,0,2022-11-10
702027,104233,Personal Loan,14887,10.49,5,Defaulted,1,2022-04-06
702028,127604,Auto Loan,54574,5.42,5,Paid Off,0,2026-06-08
702029,119646,Business Loan,181386,5.48,5,Paid Off,0,2021-09-15
702030,104982,Personal Loan,23291,7.77,3,Active,0,2025-01-22
702031,121176,Business Loan,234830,7.89,5,Paid Off,0,2022-09-02
702032,148271,Personal Loan,21055,6.87,1,Paid Off,0,2024-02-14
702033,100469,Auto Loan,52027,4.4,3,Active,0,2023-03-11
702034,112859,Personal Loan,20926,6.08,5,Active,0,2023-08-31
702035,133449,Personal Loan,17693,8.12,1,Paid Off,0,2021-08-31
702036,118378,Mortgage,491119,6.35,30,Paid Off,0,2022-01-15
702037,125309,Auto Loan,58247,5.84,6,Paid Off,0,2025-04-27
702038,124708,Personal Loan,19744,6.3,1,Paid Off,0,2025-12-01
702039,129070,Auto Loan,55676,3.68,5,Active,0,2023-12-15
702040,104775,Business Loan,224338,5.96,10,Paid Off,0,2024-07-29
702041,125024,Mortgage,569421,10.6,30,Paid Off,0,2022-12-31
702042,133432,Business Loan,84391,11.66,5,Paid Off,0,2023-03-26
702043,117075,Auto Loan,57522,3.84,3,Paid Off,0,2025-03-12
702044,118054,Business Loan,85241,6.18,10,Paid Off,0,2021-11-02
702045,111668,Personal Loan,8181,6.67,1,Active,0,2022-10-04
702046,101097,Mortgage,338987,6.05,30,Active,0,2025-11-01
702047,105370,Business Loan,215036,9.35,10,Paid Off,0,2025-01-10
702048,139072,Mortgage,570669,10.42,30,Active,0,2022-09-04
702049,130513,Mortgage,572502,5.11,30,Defaulted,1,2021-12-19
702050,101282,Personal Loan,18003,5.38,5,Active,0,2025-01-23
702051,137580,Business Loan,235961,3.98,5,Active,0,2023-05-18
702052,141091,Business Loan,101917,3.55,10,Defaulted,1,2023-01-12
702053,112581,Auto Loan,30018,5.63,5,Paid Off,0,2024-02-17
702054,139515,Mortgage,516211,6.8,30,Paid Off,0,2021-12-07
702055,148074,Mortgage,584025,9.64,30,Paid Off,0,2026-02-20
702056,115477,Business Loan,77090,6.42,10,Paid Off,0,2025-09-03
702057,105522,Auto Loan,22124,4.73,3,Active,0,2021-11-12
702058,123811,Auto Loan,56321,9.77,6,Active,0,2024-08-22
702059,148466,Personal Loan,13812,8.39,1,Active,0,2022-07-18
702060,133046,Business Loan,56757,10.15,10,Active,0,2023-08-22
702061,138195,Business Loan,32195,5.58,10,Active,0,2023-02-28
702062,121193,Business Loan,143324,5.37,10,Paid Off,0,2025-02-15
702063,145271,Business Loan,63749,6.64,10,Active,0,2023-11-07
702064,110741,Mortgage,487848,6.47,30,Paid Off,0,2022-12-04
702065,148559,Auto Loan,47332,8.27,5,Paid Off,0,2022-04-20
702066,125841,Mortgage,364674,9.15,30,Active,0,2021-07-25
702067,143816,Business Loan,90768,3.9,10,Defaulted,1,2023-02-16
702068,100842,Personal Loan,7656,10.39,5,Active,0,2023-04-01
702069,110054,Business Loan,101640,5.99,10,Active,0,2025-02-24
702070,102059,Auto Loan,18502,3.62,5,Paid Off,0,2023-09-15
702071,106204,Mortgage,166477,11.69,30,Paid Off,0,2024-08-04
702072,106175,Personal Loan,4718,9.3,3,Active,0,2022-03-06
702073,107365,Auto Loan,13143,9.56,3,Active,0,2023-03-30
702074,138301,Personal Loan,21712,8.0,3,Paid Off,0,2026-03-27
702075,103919,Personal Loan,18981,6.59,1,Active,0,2022-06-03
702076,132633,Business Loan,190008,9.37,10,Paid Off,0,2022-04-06
702077,112551,Mortgage,323813,6.02,30,Paid Off,0,2025-04-08
702078,140576,Personal Loan,5857,4.18,3,Paid Off,0,2024-06-17
702079,133748,Business Loan,233312,7.95,10,Active,0,2024-01-03
702080,109531,Mortgage,389883,6.06,30,Active,0,2025-09-09
702081,107220,Business Loan,125430,7.32,10,Active,0,2024-12-07
702082,121671,Personal Loan,19921,6.29,5,Paid Off,0,2022-11-11
702083,116781,Auto Loan,46087,3.71,5,Active,0,2022-02-28
702084,141581,Auto Loan,10356,6.61,5,Active,0,2025-02-13
702085,149612,Personal Loan,4600,4.61,5,Paid Off,0,2022-04-28
702086,110389,Business Loan,174201,3.6,10,Paid Off,0,2025-12-24
702087,129212,Business Loan,98960,7.35,10,Active,0,2023-02-01
702088,117176,Business Loan,61101,8.42,5,Paid Off,0,2021-12-28
702089,146988,Personal Loan,8428,11.7,5,Active,0,2025-01-13
702090,147498,Auto Loan,58024,5.89,3,Paid Off,0,2022-08-30
702091,101710,Personal Loan,12403,3.88,3,Active,0,2023-08-09
702092,147541,Business Loan,33047,10.97,10,Active,0,2021-07-25
702093,146407,Mortgage,325823,11.69,30,Paid Off,0,2024-05-10
702094,126941,Auto Loan,26577,5.15,5,Active,0,2025-10-25
702095,133611,Business Loan,75024,8.07,5,Paid Off,0,2021-11-27
702096,128107,Auto Loan,16304,8.83,5,Paid Off,0,2023-10-12
702097,131398,Auto Loan,56285,5.84,5,Active,0,2023-11-30
702098,146192,Personal Loan,23211,5.44,3,Active,0,2022-01-25
702099,103168,Business Loan,66993,9.26,10,Paid Off,0,2023-10-24
702100,148315,Mortgage,313240,11.75,30,Active,0,2021-12-22
702101,125984,Mortgage,253705,5.31,30,Paid Off,0,2024-05-17
702102,105046,Personal Loan,12953,6.17,3,Paid Off,0,2025-07-28
702103,115712,Personal Loan,11599,9.07,3,Paid Off,0,2024-05-18
702104,103210,Mortgage,181406,4.64,30,Paid Off,0,2025-03-08
702105,145042,Auto Loan,23105,5.45,3,Active,0,2025-09-09
702106,114085,Auto Loan,18900,10.22,5,Paid Off,0,2026-06-09
702107,114764,Personal Loan,4941,3.62,1,Paid Off,0,2022-11-18
702108,144102,Personal Loan,11405,8.57,5,Paid Off,0,2025-04-13
702109,119413,Mortgage,169075,10.88,30,Active,0,2024-11-19
702110,104348,Mortgage,558794,9.02,30,Paid Off,0,2022-07-31
702111,112725,Business Loan,240942,4.38,5,Paid Off,0,2023-02-08
702112,134024,Auto Loan,29675,6.03,5,Paid Off,0,2026-02-05
702113,141113,Personal Loan,9164,11.07,1,Paid Off,0,2024-10-05
702114,137931,Mortgage,490627,10.92,30,Paid Off,0,2024-06-11
702115,116253,Auto Loan,26297,5.8,5,Paid Off,0,2024-01-08
702116,142984,Business Loan,60002,3.55,10,Paid Off,0,2025-11-24
702117,127291,Personal Loan,4034,9.65,5,Defaulted,1,2023-11-26
702118,113912,Personal Loan,17988,9.41,1,Defaulted,1,2023-12-01
702119,126574,Mortgage,239609,8.31,30,Active,0,2026-06-26
702120,143740,Personal Loan,3860,8.23,3,Active,0,2024-02-19
702121,115673,Business Loan,242847,5.82,5,Active,0,2024-02-09
702122,103396,Auto Loan,47204,10.73,5,Paid Off,0,2024-03-05
702123,111070,Personal Loan,4670,4.46,1,Active,0,2026-06-24
702124,145455,Business Loan,215090,6.09,5,Paid Off,0,2023-10-02
702125,109887,Business Loan,218488,6.83,10,Active,0,2023-06-24
702126,122903,Mortgage,227484,6.63,30,Defaulted,1,2026-01-04
702127,116828,Business Loan,172302,6.57,10,Paid Off,0,2023-03-28
702128,120251,Business Loan,176712,9.66,10,Active,0,2024-06-24
702129,143249,Personal Loan,20590,11.33,1,Defaulted,1,2023-01-09
702130,133083,Personal Loan,21126,9.81,1,Active,0,2022-01-30
702131,148498,Personal Loan,19833,3.65,3,Active,0,2022-01-26
702132,113247,Mortgage,450514,6.89,30,Paid Off,0,2024-08-16
702133,118097,Business Loan,115679,4.97,5,Paid Off,0,2023-09-21
702134,120565,Auto Loan,27213,5.13,3,Active,0,2021-10-20
702135,135974,Auto Loan,26161,8.79,3,Paid Off,0,2024-10-11
702136,132459,Mortgage,334407,8.52,30,Defaulted,1,2024-02-19
702137,107272,Personal Loan,10667,6.33,1,Active,0,2023-11-24
702138,118874,Business Loan,25451,3.67,5,Defaulted,1,2025-07-25
702139,117624,Business Loan,78575,10.98,5,Active,0,2024-05-28
702140,137773,Personal Loan,4859,4.96,3,Active,0,2023-04-15
702141,104829,Business Loan,44154,5.48,10,Paid Off,0,2024-04-19
702142,104855,Mortgage,323456,5.68,30,Paid Off,0,2022-07-03
702143,133173,Personal Loan,8005,4.94,1,Paid Off,0,2026-01-03
702144,121212,Mortgage,498980,7.99,30,Paid Off,0,2024-12-13
702145,116754,Business Loan,243637,7.57,5,Active,0,2022-07-19
702146,132891,Business Loan,198387,5.23,10,Paid Off,0,2025-03-25
702147,127947,Personal Loan,7824,6.91,3,Paid Off,0,2024-12-18
702148,115335,Auto Loan,24835,11.81,3,Paid Off,0,2023-01-07
702149,146683,Mortgage,441918,3.63,30,Paid Off,0,2025-08-16
702150,116162,Mortgage,370264,6.04,30,Active,0,2025-10-17
702151,124449,Personal Loan,1364,9.91,1,Active,0,2022-07-01
702152,103570,Auto Loan,12279,5.98,5,Paid Off,0,2026-07-07
702153,129637,Business Loan,111885,3.51,5,Paid Off,0,2022-09-24
702154,142039,Personal Loan,15840,5.48,5,Active,0,2024-04-05
702155,116125,Business Loan,65214,4.55,5,Paid Off,0,2022-06-19
702156,107949,Mortgage,425539,6.21,30,Active,0,2026-07-06
702157,144804,Business Loan,176619,6.95,10,Paid Off,0,2025-05-21
702158,134330,Personal Loan,19301,6.12,3,Active,0,2021-10-20
702159,102493,Business Loan,176049,10.65,5,Active,0,2024-03-22
702160,147486,Personal Loan,22564,11.12,1,Paid Off,0,2023-11-01
702161,113150,Personal Loan,6810,11.98,1,Paid Off,0,2025-03-18
702162,133198,Business Loan,68085,4.29,10,Paid Off,0,2022-09-11
702163,117031,Auto Loan,15097,9.52,5,Paid Off,0,2022-01-26
702164,139393,Business Loan,101263,3.88,10,Active,0,2021-11-11
702165,147114,Business Loan,224948,10.09,10,Active,0,2025-03-20
702166,114595,Auto Loan,46740,7.0,5,Paid Off,0,2022-01-19
702167,133942,Personal Loan,8933,5.69,5,Active,0,2023-05-09
702168,115500,Auto Loan,17172,6.44,6,Defaulted,1,2024-10-04
702169,111165,Auto Loan,25878,7.11,5,Paid Off,0,2022-09-11
702170,148146,Auto Loan,36456,4.38,6,Paid Off,0,2025-09-27
702171,129645,Personal Loan,12608,7.86,3,Active,0,2026-07-11
702172,136288,Business Loan,152675,8.21,5,Active,0,2026-01-18
702173,133599,Mortgage,406015,5.83,30,Paid Off,0,2025-02-26
702174,118442,Personal Loan,9400,6.57,5,Active,0,2025-05-11
702175,106923,Personal Loan,14919,5.53,5,Paid Off,0,2022-01-17
702176,136511,Business Loan,173953,9.13,5,Paid Off,0,2023-05-05
702177,146481,Auto Loan,34589,7.46,5,Active,0,2024-08-29
702178,108492,Personal Loan,2403,10.23,5,Active,0,2022-02-13
702179,129050,Mortgage,167929,6.64,30,Active,0,2025-02-26
702180,119647,Mortgage,391312,11.62,30,Active,0,2026-02-17
702181,111474,Personal Loan,24817,3.91,1,Active,0,2021-12-19
702182,125787,Personal Loan,23790,10.55,5,Defaulted,1,2026-03-02
702183,110271,Mortgage,589459,7.95,30,Paid Off,0,2025-09-12
702184,119304,Personal Loan,1409,6.48,3,Defaulted,1,2024-12-31
702185,128153,Personal Loan,23328,6.36,1,Active,0,2024-05-09
702186,127705,Business Loan,79644,5.69,5,Active,0,2024-05-22
702187,147008,Auto Loan,12230,5.78,3,Defaulted,1,2023-02-28
702188,137284,Personal Loan,2288,4.31,5,Paid Off,0,2024-07-28
702189,140351,Auto Loan,24872,7.01,3,Paid Off,0,2025-08-13
702190,123678,Business Loan,216985,6.04,10,Paid Off,0,2024-05-08
702191,101863,Auto Loan,44221,4.51,5,Paid Off,0,2023-06-03
702192,139934,Auto Loan,25970,9.9,6,Active,0,2025-12-18
702193,102593,Mortgage,282597,5.4,30,Active,0,2026-07-12
702194,111037,Mortgage,311805,11.27,30,Paid Off,0,2023-11-10
702195,133899,Auto Loan,17677,11.32,6,Paid Off,0,2023-10-16
702196,104976,Mortgage,573798,4.47,30,Paid Off,0,2023-04-18
702197,113632,Auto Loan,34818,4.77,3,Active,0,2023-09-17
702198,120638,Business Loan,223575,4.7,10,Active,0,2024-05-15
702199,133647,Business Loan,159482,5.02,5,Paid Off,0,2024-06-28
702200,136557,Personal Loan,12082,5.3,3,Active,0,2026-01-21
702201,122309,Personal Loan,24083,6.78,3,Active,0,2021-10-21
702202,126376,Personal Loan,10350,5.56,3,Active,0,2025-05-06
702203,141376,Personal Loan,11329,10.22,3,Paid Off,0,2023-08-18
702204,128503,Mortgage,511081,5.01,30,Paid Off,0,2022-10-04
702205,134232,Auto Loan,20135,7.67,6,Active,0,2024-06-30
702206,103698,Business Loan,113950,7.73,5,Defaulted,1,2025-11-27
702207,126139,Auto Loan,53917,5.43,3,Paid Off,0,2021-11-06
702208,142602,Mortgage,370946,6.28,30,Paid Off,0,2025-11-07
702209,129490,Personal Loan,10478,6.43,1,Active,0,2025-03-01
702210,145839,Business Loan,48496,4.82,10,Paid Off,0,2025-05-27
702211,114736,Personal Loan,4337,6.06,3,Paid Off,0,2024-07-21
702212,135955,Mortgage,310216,5.5,30,Paid Off,0,2024-09-13
702213,103519,Personal Loan,8267,6.76,1,Paid Off,0,2025-07-19
702214,129413,Auto Loan,16087,7.08,5,Paid Off,0,2022-06-11
702215,143374,Personal Loan,13244,5.57,1,Active,0,2025-06-12
702216,104962,Mortgage,303634,4.92,30,Active,0,2022-07-01
702217,147215,Auto Loan,28230,6.47,6,Defaulted,1,2023-10-08
702218,117770,Personal Loan,7632,9.82,1,Active,0,2024-09-12
702219,116071,Mortgage,333052,6.86,30,Paid Off,0,2024-07-22
702220,145842,Personal Loan,7931,5.95,3,Paid Off,0,2026-05-27
702221,103885,Business Loan,59830,6.11,5,Active,0,2026-03-04
702222,121824,Business Loan,107488,5.3,5,Defaulted,1,2022-12-22
702223,115724,Auto Loan,16681,4.42,3,Active,0,2022-04-18
702224,102004,Business Loan,29835,6.87,5,Active,0,2025-06-15
702225,106056,Auto Loan,24538,5.17,5,Active,0,2025-06-11
702226,122292,Personal Loan,6353,7.36,3,Active,0,2025-11-21
702227,103136,Auto Loan,38006,6.43,5,Active,0,2024-01-27
702228,121728,Business Loan,109464,5.24,5,Active,0,2023-07-02
702229,113097,Mortgage,282092,4.0,30,Paid Off,0,2023-10-02
702230,134427,Mortgage,421464,6.34,30,Active,0,2023-12-04
702231,144343,Mortgage,222209,5.66,30,Defaulted,1,2024-12-20
702232,149721,Mortgage,434328,6.89,30,Active,0,2021-08-19
702233,144726,Auto Loan,42440,4.63,3,Paid Off,0,2024-01-22
702234,104315,Personal Loan,5383,10.08,1,Active,0,2022-04-08
702235,111433,Auto Loan,35743,5.2,3,Paid Off,0,2026-07-04
702236,133238,Personal Loan,20367,8.04,3,Defaulted,1,2023-12-04
702237,147412,Personal Loan,12435,3.76,1,Paid Off,0,2024-12-27
702238,129366,Business Loan,119001,5.26,10,Active,0,2022-04-19
702239,131023,Personal Loan,2217,8.06,1,Paid Off,0,2023-09-11
702240,117621,Mortgage,312385,6.43,30,Paid Off,0,2024-12-28
702241,113352,Auto Loan,32111,6.0,3,Paid Off,0,2024-11-14
702242,125260,Personal Loan,4114,8.54,5,Paid Off,0,2023-01-20
702243,104805,Business Loan,222360,10.25,5,Paid Off,0,2024-12-16
702244,145636,Auto Loan,11311,5.91,6,Paid Off,0,2022-10-10
702245,129468,Personal Loan,20782,4.32,1,Paid Off,0,2023-11-20
702246,130896,Personal Loan,23300,6.58,3,Active,0,2023-04-28
702247,122883,Personal Loan,14108,6.45,5,Paid Off,0,2022-01-29
702248,142328,Auto Loan,21172,11.16,6,Paid Off,0,2024-02-22
702249,128814,Mortgage,258385,9.91,30,Active,0,2025-06-18
702250,134796,Mortgage,546451,6.22,30,Paid Off,0,2026-06-18
702251,148680,Business Loan,45863,4.85,5,Active,0,2022-06-26
702252,116522,Mortgage,460877,3.97,30,Active,0,2026-06-07
702253,134410,Mortgage,360469,3.74,30,Active,0,2024-10-15
702254,130293,Mortgage,560671,6.97,30,Paid Off,0,2025-10-02
702255,116861,Business Loan,200224,5.78,5,Active,0,2024-08-01
702256,137199,Mortgage,177403,6.72,30,Paid Off,0,2023-11-10
702257,137714,Auto Loan,37118,9.68,6,Paid Off,0,2023-12-03
702258,126361,Business Loan,240982,4.98,5,Active,0,2024-04-26
702259,123392,Auto Loan,29842,3.65,5,Active,0,2022-06-26
702260,140906,Mortgage,482148,8.0,30,Paid Off,0,2024-03-23
702261,136273,Mortgage,478676,9.41,30,Paid Off,0,2023-03-16
702262,134975,Mortgage,304384,6.83,30,Active,0,2021-08-11
702263,148571,Personal Loan,9239,7.53,5,Paid Off,0,2025-12-21
702264,122636,Mortgage,318279,4.2,30,Paid Off,0,2022-03-26
702265,138160,Business Loan,167581,6.35,10,Paid Off,0,2023-01-09
702266,132790,Mortgage,439049,9.42,30,Active,0,2024-12-21
702267,134515,Personal Loan,12030,6.63,5,Paid Off,0,2024-12-24
702268,100341,Business Loan,70108,9.53,5,Paid Off,0,2022-09-20
702269,128851,Auto Loan,46395,8.58,6,Paid Off,0,2025-09-02
702270,115639,Business Loan,131516,5.04,5,Paid Off,0,2023-12-31
702271,107481,Auto Loan,55950,6.91,6,Paid Off,0,2026-01-17
702272,122172,Personal Loan,8626,6.83,3,Active,0,2024-09-17
702273,116235,Auto Loan,25099,10.2,3,Paid Off,0,2021-12-07
702274,134439,Personal Loan,22001,3.97,5,Active,0,2025-06-25
702275,109303,Mortgage,331547,6.5,30,Active,0,2025-08-05
702276,131763,Personal Loan,19953,6.41,3,Paid Off,0,2022-01-17
702277,104408,Auto Loan,27688,6.7,5,Paid Off,0,2025-09-25
702278,115127,Business Loan,46923,6.13,5,Paid Off,0,2026-01-02
702279,120465,Mortgage,414251,4.38,30,Active,0,2023-03-01
702280,115178,Auto Loan,15337,5.0,3,Active,0,2023-05-13
702281,116048,Mortgage,588698,3.68,30,Active,0,2024-05-31
702282,122269,Auto Loan,21637,5.82,6,Paid Off,0,2024-03-24
702283,148938,Auto Loan,51592,11.77,5,Paid Off,0,2023-04-16
702284,119681,Mortgage,515732,5.47,30,Active,0,2023-08-26
702285,118683,Business Loan,182510,4.34,10,Paid Off,0,2022-10-10
702286,135535,Personal Loan,17594,9.8,3,Active,0,2021-09-03
702287,116107,Mortgage,180639,5.43,30,Active,0,2023-10-26
702288,113759,Auto Loan,46847,6.45,3,Paid Off,0,2024-03-12
702289,124493,Mortgage,229948,10.19,30,Paid Off,0,2023-02-13
702290,133814,Personal Loan,11469,4.08,5,Active,0,2021-08-02
702291,138796,Mortgage,280546,5.49,30,Defaulted,1,2024-12-30
702292,109828,Mortgage,194673,8.61,30,Paid Off,0,2025-05-01
702293,137810,Auto Loan,49592,7.15,6,Active,0,2022-12-07
702294,145297,Mortgage,309757,11.01,30,Active,0,2023-12-12
702295,136296,Mortgage,541450,6.1,30,Paid Off,0,2023-08-17
702296,119138,Mortgage,222624,6.64,30,Paid Off,0,2025-08-06
702297,128889,Mortgage,192581,4.27,30,Active,0,2023-04-13
702298,111429,Auto Loan,32031,7.58,6,Paid Off,0,2023-07-16
702299,108473,Auto Loan,48000,4.22,5,Paid Off,0,2021-12-21
702300,131428,Mortgage,588620,3.71,30,Paid Off,0,2022-02-16
702301,125229,Personal Loan,23017,5.78,3,Paid Off,0,2022-08-19
702302,148133,Business Loan,104729,10.67,10,Active,0,2022-10-16
702303,105343,Business Loan,84978,4.09,5,Paid Off,0,2024-12-25
702304,106429,Mortgage,491969,6.2,30,Active,0,2025-03-29
702305,110098,Mortgage,422513,5.38,30,Paid Off,0,2022-09-11
702306,132319,Auto Loan,57081,3.91,5,Paid Off,0,2023-03-03
702307,119891,Business Loan,170206,9.42,10,Active,0,2025-09-11
702308,107468,Business Loan,221024,4.07,5,Paid Off,0,2025-08-12
702309,134029,Personal Loan,19390,6.93,1,Paid Off,0,2023-02-24
702310,138247,Mortgage,325393,3.59,30,Active,0,2025-06-16
702311,109620,Personal Loan,24497,11.26,3,Paid Off,0,2025-03-04
702312,124560,Mortgage,177492,7.51,30,Active,0,2022-02-04
702313,105297,Personal Loan,12047,5.09,3,Active,0,2026-01-09
702314,110439,Mortgage,530677,8.56,30,Active,0,2024-03-17
702315,118110,Mortgage,251767,11.99,30,Active,0,2024-08-01
702316,109561,Personal Loan,18434,4.72,1,Paid Off,0,2023-09-21
702317,148360,Auto Loan,14795,5.62,6,Active,0,2024-08-27
702318,107456,Personal Loan,21678,6.19,3,Paid Off,0,2025-06-04
702319,108663,Mortgage,522332,6.5,30,Active,0,2022-03-06
702320,143405,Business Loan,147324,3.95,5,Active,0,2022-12-30
702321,113506,Business Loan,42092,6.18,10,Paid Off,0,2025-11-13
702322,106890,Personal Loan,21348,8.35,3,Active,0,2022-02-13
702323,146830,Business Loan,99714,6.3,5,Active,0,2022-06-03
702324,146703,Personal Loan,5263,6.08,1,Paid Off,0,2025-01-03
702325,139126,Auto Loan,42360,5.67,5,Active,0,2024-12-02
702326,138472,Auto Loan,40199,6.33,6,Active,0,2021-08-27
702327,106193,Business Loan,185689,4.4,10,Paid Off,0,2023-08-08
702328,133180,Mortgage,499937,6.39,30,Paid Off,0,2023-07-26
702329,104252,Mortgage,194238,8.0,30,Paid Off,0,2025-06-19
702330,115953,Auto Loan,28295,3.57,5,Paid Off,0,2025-01-19
702331,130520,Auto Loan,34821,4.61,3,Paid Off,0,2024-12-12
702332,122807,Business Loan,184124,8.76,5,Defaulted,1,2023-04-04
702333,121583,Personal Loan,11819,4.78,5,Active,0,2025-03-18
702334,102418,Personal Loan,6324,6.37,5,Active,0,2023-10-25
702335,143473,Auto Loan,54545,5.71,5,Active,0,2026-02-27
702336,124109,Business Loan,74917,5.28,5,Active,0,2025-09-03
702337,136560,Business Loan,54297,6.0,10,Paid Off,0,2022-10-23
702338,131405,Auto Loan,49713,11.77,5,Paid Off,0,2021-12-18
702339,129905,Business Loan,30890,8.4,10,Active,0,2026-07-17
702340,101954,Auto Loan,36350,5.2,5,Active,0,2022-05-27
702341,135071,Auto Loan,19656,8.03,6,Active,0,2022-05-25
702342,145790,Mortgage,171895,4.6,30,Defaulted,1,2024-04-02
702343,110657,Auto Loan,33521,4.25,5,Active,0,2026-06-28
702344,103025,Personal Loan,10803,6.69,5,Paid Off,0,2023-03-30
702345,127391,Business Loan,226415,5.9,5,Active,0,2025-03-29
702346,113970,Business Loan,43678,4.49,5,Paid Off,0,2025-04-04
702347,102116,Business Loan,61196,6.33,10,Active,0,2025-09-05
702348,144218,Auto Loan,21724,4.1,6,Active,0,2023-08-19
702349,118633,Mortgage,377813,6.61,30,Active,0,2022-03-10
702350,107920,Mortgage,229110,11.34,30,Active,0,2023-06-04
702351,131122,Personal Loan,11205,8.53,3,Paid Off,0,2024-10-25
702352,107342,Business Loan,179340,10.23,10,Paid Off,0,2024-06-14
702353,122167,Auto Loan,22460,5.39,6,Active,0,2024-08-13
702354,114131,Mortgage,579122,7.37,30,Paid Off,0,2024-02-01
702355,102868,Auto Loan,52745,4.17,3,Active,0,2024-09-26
702356,103653,Auto Loan,48771,5.45,6,Active,0,2025-02-20
702357,121994,Personal Loan,13117,4.17,3,Active,0,2023-01-26
702358,122371,Business Loan,241818,6.79,10,Active,0,2022-12-11
702359,126473,Business Loan,70022,6.3,5,Paid Off,0,2026-07-10
702360,109736,Personal Loan,4618,6.47,1,Paid Off,0,2022-08-01
702361,149793,Mortgage,412677,4.17,30,Paid Off,0,2026-03-06
702362,126600,Mortgage,592204,3.89,30,Paid Off,0,2023-12-10
702363,125541,Auto Loan,35770,10.81,6,Paid Off,0,2026-03-07
702364,138905,Business Loan,73027,5.48,10,Active,0,2023-04-19
702365,115085,Business Loan,182190,7.2,10,Paid Off,0,2024-05-14
702366,140412,Auto Loan,40845,6.99,5,Paid Off,0,2024-04-02
702367,118278,Personal Loan,5692,10.54,1,Active,0,2023-01-22
702368,118289,Business Loan,246102,4.02,5,Defaulted,1,2023-12-04
702369,102969,Mortgage,298021,4.6,30,Active,0,2024-09-09
702370,128556,Business Loan,160944,8.11,10,Active,0,2024-08-31
702371,106835,Business Loan,142212,5.56,5,Defaulted,1,2023-02-19
702372,145467,Mortgage,503369,9.39,30,Active,0,2024-01-24
702373,113579,Personal Loan,4044,9.96,1,Paid Off,0,2025-07-23
702374,132128,Business Loan,130637,8.5,10,Paid Off,0,2024-05-17
702375,123443,Auto Loan,33822,4.42,5,Active,0,2024-11-12
702376,100144,Personal Loan,11361,10.4,3,Paid Off,0,2025-05-04
702377,129706,Auto Loan,15278,10.75,6,Paid Off,0,2023-04-27
702378,109877,Auto Loan,25100,5.15,6,Paid Off,0,2021-07-25
702379,117581,Business Loan,102247,6.39,5,Active,0,2022-01-10
702380,133251,Mortgage,315745,10.75,30,Paid Off,0,2025-10-17
702381,116344,Auto Loan,54633,4.75,3,Paid Off,0,2021-12-09
702382,124103,Mortgage,292441,6.16,30,Paid Off,0,2024-11-25
702383,147234,Auto Loan,50734,10.26,3,Paid Off,0,2022-06-29
702384,104622,Business Loan,106681,6.4,10,Active,0,2025-05-03
702385,140552,Auto Loan,22899,5.85,3,Paid Off,0,2025-07-27
702386,101253,Mortgage,417671,8.43,30,Paid Off,0,2023-05-14
702387,113075,Business Loan,26685,3.69,5,Active,0,2023-12-20
702388,128364,Auto Loan,19732,4.72,3,Paid Off,0,2022-01-05
702389,107143,Business Loan,30210,9.06,10,Active,0,2024-11-05
702390,117838,Auto Loan,49980,6.57,3,Paid Off,0,2024-10-20
702391,131492,Personal Loan,6328,11.52,5,Paid Off,0,2026-07-04
702392,130168,Business Loan,71788,4.24,10,Active,0,2023-05-28
702393,141840,Mortgage,367001,5.65,30,Active,0,2023-03-26
702394,140084,Auto Loan,32629,7.94,6,Active,0,2026-04-09
702395,112800,Auto Loan,54533,6.32,6,Active,0,2022-01-06
702396,106194,Mortgage,487035,5.72,30,Paid Off,0,2023-02-08
702397,113685,Business Loan,234350,7.5,10,Active,0,2023-03-03
702398,123379,Personal Loan,1601,10.1,3,Paid Off,0,2024-07-07
702399,127063,Business Loan,212346,4.89,10,Paid Off,0,2021-12-31
702400,134162,Auto Loan,53779,7.42,6,Paid Off,0,2025-10-29
702401,145520,Mortgage,525855,7.06,30,Active,0,2026-03-08
702402,116542,Personal Loan,7906,4.36,1,Active,0,2024-01-31
702403,114563,Business Loan,207102,10.87,5,Paid Off,0,2026-04-14
702404,126765,Auto Loan,43238,4.22,5,Paid Off,0,2026-03-26
702405,149615,Mortgage,369048,5.38,30,Paid Off,0,2026-06-12
702406,110853,Business Loan,53942,3.87,10,Paid Off,0,2021-12-23
702407,129180,Mortgage,246154,9.3,30,Paid Off,0,2025-02-24
702408,139362,Business Loan,81158,6.77,5,Paid Off,0,2023-08-06
702409,138959,Personal Loan,3762,5.14,5,Paid Off,0,2026-01-18
702410,112371,Personal Loan,16654,6.76,1,Active,0,2022-05-25
702411,144509,Business Loan,177654,4.18,10,Active,0,2023-04-29
702412,128232,Mortgage,426345,4.94,30,Paid Off,0,2023-05-15
702413,112123,Business Loan,33007,5.03,5,Active,0,2026-04-01
702414,117311,Mortgage,456293,8.73,30,Active,0,2021-10-04
702415,133817,Personal Loan,5308,3.64,3,Paid Off,0,2023-07-25
702416,103617,Business Loan,170875,6.36,5,Paid Off,0,2024-05-01
702417,101121,Business Loan,195203,5.29,5,Paid Off,0,2024-01-14
702418,148745,Auto Loan,39719,6.58,6,Active,0,2022-10-03
702419,126185,Mortgage,593589,5.12,30,Active,0,2026-02-02
702420,131588,Business Loan,73043,7.18,10,Active,0,2025-01-06
702421,143813,Personal Loan,15213,9.11,3,Paid Off,0,2021-10-22
702422,124803,Mortgage,585484,11.13,30,Active,0,2022-05-29
702423,128452,Mortgage,324758,4.85,30,Active,0,2021-09-25
702424,135351,Auto Loan,55496,4.69,3,Active,0,2023-03-01
702425,132605,Mortgage,275491,4.94,30,Active,0,2022-05-18
702426,131577,Auto Loan,53971,6.16,6,Paid Off,0,2024-04-14
702427,132897,Business Loan,236630,11.83,5,Active,0,2024-10-02
702428,121748,Mortgage,445148,4.48,30,Active,0,2021-08-20
702429,110210,Business Loan,244797,6.82,5,Active,0,2022-06-19
702430,130478,Mortgage,545026,5.04,30,Paid Off,0,2025-07-14
702431,124526,Auto Loan,48154,6.14,6,Active,0,2024-04-14
702432,139453,Personal Loan,22206,10.66,3,Paid Off,0,2024-11-07
702433,148002,Business Loan,141108,5.47,5,Paid Off,0,2022-12-11
702434,121365,Auto Loan,36038,5.83,3,Active,0,2022-08-23
702435,122815,Personal Loan,13993,9.83,1,Active,0,2026-03-15
702436,133753,Personal Loan,22890,6.94,1,Paid Off,0,2023-09-26
702437,141619,Auto Loan,23629,6.78,6,Paid Off,0,2023-02-27
702438,120330,Personal Loan,7584,8.79,1,Paid Off,0,2024-01-23
702439,127651,Mortgage,358562,4.9,30,Active,0,2025-12-06
702440,116033,Mortgage,156930,9.3,30,Paid Off,0,2025-07-28
702441,145693,Mortgage,328264,5.24,30,Paid Off,0,2026-01-18
702442,143867,Business Loan,38877,8.38,10,Active,0,2025-07-06
702443,107879,Business Loan,52109,6.98,10,Active,0,2022-05-15
702444,102084,Personal Loan,3861,3.75,5,Active,0,2024-05-26
702445,136920,Personal Loan,22808,10.96,3,Active,0,2026-01-25
702446,112687,Auto Loan,24017,4.91,6,Active,0,2022-08-31
702447,113321,Business Loan,209290,5.73,10,Paid Off,0,2024-10-12
702448,117832,Personal Loan,9096,7.35,5,Active,0,2025-08-19
702449,132610,Mortgage,261973,5.82,30,Active,0,2022-05-04
702450,146168,Auto Loan,24978,4.99,3,Active,0,2022-12-22
702451,145417,Mortgage,156152,5.9,30,Defaulted,1,2024-03-13
702452,104035,Auto Loan,49718,7.84,6,Paid Off,0,2023-04-11
702453,123656,Auto Loan,34978,5.57,3,Paid Off,0,2023-03-01
702454,119012,Auto Loan,19484,10.06,5,Active,0,2025-10-07
702455,144033,Business Loan,75679,6.24,10,Paid Off,0,2022-09-01
702456,100399,Auto Loan,35163,7.74,3,Active,0,2022-04-26
702457,128160,Business Loan,248307,9.89,5,Active,0,2022-05-27
702458,117436,Mortgage,199968,5.56,30,Paid Off,0,2023-04-17
702459,141095,Auto Loan,26208,4.66,6,Active,0,2024-06-28
702460,122494,Mortgage,330484,4.06,30,Paid Off,0,2024-05-26
702461,130822,Auto Loan,16545,6.85,5,Defaulted,1,2025-03-12
702462,120050,Personal Loan,2212,9.88,5,Paid Off,0,2025-05-02
702463,140022,Personal Loan,2624,11.64,1,Paid Off,0,2025-11-06
702464,112759,Auto Loan,12636,4.0,3,Active,0,2024-03-21
702465,131166,Personal Loan,12282,6.64,5,Paid Off,0,2024-02-10
702466,106467,Mortgage,381541,4.6,30,Paid Off,0,2022-03-05
702467,132237,Personal Loan,5153,9.09,1,Active,0,2022-05-06
702468,101372,Auto Loan,28496,6.7,6,Active,0,2025-06-16
702469,138358,Auto Loan,36834,6.82,3,Paid Off,0,2023-09-24
702470,100926,Mortgage,258938,6.74,30,Active,0,2025-10-20
702471,135817,Business Loan,139566,6.61,10,Active,0,2025-01-02
702472,110115,Auto Loan,51013,8.06,5,Active,0,2022-06-30
702473,108318,Mortgage,213722,5.27,30,Paid Off,0,2026-06-28
702474,126072,Auto Loan,12963,7.75,6,Paid Off,0,2022-04-19
702475,129729,Auto Loan,39003,6.38,5,Active,0,2024-07-25
702476,109625,Personal Loan,7407,5.04,3,Active,0,2023-12-15
702477,103785,Business Loan,93971,5.76,10,Active,0,2025-10-29
702478,120885,Personal Loan,17799,5.82,3,Paid Off,0,2023-10-22
702479,106904,Business Loan,168547,3.97,10,Active,0,2025-03-10
702480,106478,Personal Loan,12800,5.83,3,Paid Off,0,2023-01-20
702481,127148,Mortgage,496454,4.45,30,Paid Off,0,2022-07-14
702482,133657,Personal Loan,23582,9.85,1,Active,0,2026-01-04
702483,138899,Personal Loan,3847,3.7,3,Paid Off,0,2023-08-06
702484,126816,Mortgage,167793,6.34,30,Paid Off,0,2022-05-04
702485,135546,Personal Loan,10730,11.31,1,Active,0,2024-04-17
702486,141571,Business Loan,224725,6.8,5,Paid Off,0,2023-04-18
702487,124447,Mortgage,460218,6.38,30,Active,0,2026-03-18
702488,130245,Mortgage,179058,7.94,30,Active,0,2024-10-12
702489,122557,Auto Loan,15836,11.36,6,Paid Off,0,2023-08-04
702490,145578,Auto Loan,32130,11.97,6,Defaulted,1,2022-11-29
702491,117735,Business Loan,173734,4.86,10,Paid Off,0,2023-07-31
702492,125980,Mortgage,215914,10.09,30,Active,0,2022-10-31
702493,105864,Mortgage,165757,6.23,30,Active,0,2022-12-16
702494,106529,Auto Loan,45823,6.33,6,Paid Off,0,2025-07-25
702495,110536,Personal Loan,19964,4.82,5,Active,0,2025-05-06
702496,128212,Business Loan,166974,6.31,5,Active,0,2026-06-21
702497,107360,Business Loan,160349,6.11,5,Paid Off,0,2022-12-31
702498,138902,Mortgage,514601,11.5,30,Active,0,2023-09-25
702499,112510,Auto Loan,32630,4.21,6,Active,0,2023-03-10
702500,110453,Business Loan,217763,6.31,5,Active,0,2021-08-16
702501,118377,Personal Loan,2230,5.79,5,Paid Off,0,2025-05-19
702502,120737,Mortgage,189169,9.79,30,Defaulted,1,2025-01-26
702503,143335,Auto Loan,59630,5.31,5,Paid Off,0,2024-01-18
702504,108393,Auto Loan,15037,6.36,5,Paid Off,0,2022-07-03
702505,121102,Mortgage,156063,6.08,30,Defaulted,1,2026-01-07
702506,101162,Mortgage,540753,9.3,30,Paid Off,0,2026-06-04
702507,102531,Mortgage,217389,4.59,30,Paid Off,0,2022-02-10
702508,107844,Personal Loan,12267,7.94,3,Active,0,2022-11-08
702509,126047,Business Loan,127556,6.73,10,Active,0,2024-05-14
702510,139016,Personal Loan,6813,4.41,3,Paid Off,0,2022-12-14
702511,141842,Business Loan,161779,10.58,10,Paid Off,0,2022-01-06
702512,112702,Auto Loan,30936,5.54,3,Paid Off,0,2021-12-27
702513,133512,Auto Loan,48070,8.34,6,Paid Off,0,2025-12-31
702514,119802,Personal Loan,20237,6.07,1,Active,0,2021-12-25
702515,105751,Mortgage,228262,6.59,30,Defaulted,1,2025-01-12
702516,134355,Mortgage,518929,7.18,30,Paid Off,0,2023-12-18
702517,130769,Mortgage,245228,11.78,30,Active,0,2021-08-19
702518,136492,Auto Loan,24922,3.91,6,Paid Off,0,2024-03-08
702519,125057,Mortgage,547836,8.94,30,Active,0,2024-10-10
702520,115821,Personal Loan,3152,9.4,1,Active,0,2021-10-19
702521,128283,Mortgage,562234,4.81,30,Active,0,2022-02-22
702522,113650,Personal Loan,18006,4.45,3,Paid Off,0,2021-11-18
702523,140570,Business Loan,173713,5.55,5,Defaulted,1,2023-02-11
702524,117172,Auto Loan,27928,6.3,6,Active,0,2026-04-13
702525,112283,Personal Loan,23406,5.49,5,Active,0,2023-05-24
702526,135460,Mortgage,204830,5.93,30,Paid Off,0,2021-09-24
702527,134059,Auto Loan,33585,4.3,5,Paid Off,0,2023-09-18
702528,135235,Personal Loan,21750,8.99,3,Paid Off,0,2023-06-19
702529,126633,Auto Loan,56434,6.41,3,Active,0,2024-09-23
702530,124470,Auto Loan,57527,6.9,5,Active,0,2026-05-25
702531,118415,Personal Loan,3724,3.83,3,Active,0,2022-04-16
702532,118954,Business Loan,62544,11.89,5,Paid Off,0,2023-07-26
702533,137193,Personal Loan,15105,9.27,1,Paid Off,0,2022-04-14
702534,120718,Auto Loan,37060,6.88,5,Active,0,2025-09-12
702535,137400,Auto Loan,30199,4.28,3,Paid Off,0,2024-02-15
702536,103263,Business Loan,214826,11.64,10,Active,0,2026-03-10
702537,146179,Auto Loan,28774,5.95,5,Active,0,2023-02-08
702538,131125,Personal Loan,17087,5.13,3,Paid Off,0,2026-01-11
702539,142232,Mortgage,359714,5.74,30,Paid Off,0,2022-06-17
702540,143713,Personal Loan,11646,5.28,3,Paid Off,0,2026-02-25
702541,107024,Personal Loan,22413,5.04,5,Paid Off,0,2025-04-05
702542,117498,Auto Loan,45260,6.19,3,Active,0,2021-11-16
702543,129712,Business Loan,110340,6.18,5,Active,0,2023-05-10
702544,132787,Auto Loan,54510,11.49,6,Active,0,2022-05-25
702545,115107,Personal Loan,11220,7.22,1,Paid Off,0,2021-12-12
702546,102476,Personal Loan,1425,6.05,5,Paid Off,0,2023-12-21
702547,148077,Personal Loan,13770,6.85,1,Paid Off,0,2022-07-03
702548,111348,Personal Loan,7029,9.65,5,Paid Off,0,2025-07-29
702549,129034,Personal Loan,6785,4.05,5,Active,0,2026-03-08
702550,101911,Personal Loan,5797,10.34,1,Paid Off,0,2023-03-30
702551,127727,Auto Loan,10629,6.21,6,Paid Off,0,2023-12-24
702552,136499,Personal Loan,17678,5.93,5,Active,0,2025-12-22
702553,142093,Personal Loan,8032,8.78,3,Paid Off,0,2023-11-09
702554,149530,Auto Loan,46455,5.59,3,Paid Off,0,2021-12-26
702555,127311,Auto Loan,30595,6.43,3,Defaulted,1,2021-08-14
702556,114598,Business Loan,40427,6.82,5,Paid Off,0,2023-04-04
702557,112074,Business Loan,147253,6.75,5,Paid Off,0,2023-11-22
702558,141320,Business Loan,54160,5.76,5,Paid Off,0,2025-06-21
702559,128987,Auto Loan,25426,4.79,6,Paid Off,0,2023-05-01
702560,102098,Mortgage,223917,6.93,30,Active,0,2022-05-26
702561,119533,Auto Loan,17340,6.89,6,Paid Off,0,2025-02-04
702562,134939,Mortgage,338337,5.7,30,Active,0,2026-01-16
702563,108023,Business Loan,63949,5.85,5,Active,0,2025-11-16
702564,113253,Mortgage,590484,4.41,30,Paid Off,0,2024-03-19
702565,101985,Mortgage,547904,11.4,30,Active,0,2021-09-23
702566,126011,Personal Loan,5295,5.35,1,Active,0,2025-03-12
702567,103335,Auto Loan,53235,7.67,6,Active,0,2023-04-05
702568,126620,Personal Loan,7341,10.38,3,Paid Off,0,2021-11-01
702569,111744,Business Loan,237791,10.74,5,Active,0,2024-07-14
702570,118476,Personal Loan,22099,6.9,3,Paid Off,0,2023-05-29
702571,147611,Auto Loan,37104,5.99,5,Active,0,2022-08-11
702572,125536,Auto Loan,10783,5.11,6,Defaulted,1,2025-11-12
702573,120864,Mortgage,376189,4.03,30,Active,0,2025-05-23
702574,143446,Business Loan,81301,4.89,10,Paid Off,0,2024-11-25
702575,108006,Auto Loan,40507,5.94,5,Paid Off,0,2024-07-25
702576,129076,Mortgage,508096,3.79,30,Paid Off,0,2023-04-10
702577,143720,Business Loan,223618,5.93,10,Active,0,2023-02-10
702578,123000,Auto Loan,26747,5.49,6,Paid Off,0,2025-03-18
702579,128193,Personal Loan,19310,4.91,5,Paid Off,0,2025-01-14
702580,121512,Personal Loan,23147,4.06,3,Active,0,2021-12-21
702581,121024,Personal Loan,24886,7.0,1,Active,0,2025-07-25
702582,115294,Auto Loan,38617,4.18,5,Active,0,2025-05-09
702583,111661,Auto Loan,15128,9.93,3,Defaulted,1,2024-12-14
702584,131718,Auto Loan,51434,4.88,6,Paid Off,0,2026-01-12
702585,142115,Auto Loan,50352,6.0,3,Active,0,2025-07-05
702586,128241,Business Loan,70378,4.03,5,Active,0,2022-08-24
702587,143151,Business Loan,221881,3.71,10,Paid Off,0,2023-12-26
702588,109694,Mortgage,357338,5.21,30,Paid Off,0,2025-06-26
702589,125565,Business Loan,101893,8.96,10,Active,0,2022-03-24
702590,134444,Mortgage,264283,9.91,30,Paid Off,0,2023-02-14
702591,114109,Personal Loan,24091,6.35,3,Active,0,2023-10-12
702592,112958,Mortgage,347242,7.15,30,Active,0,2024-09-14
702593,123314,Auto Loan,13719,5.63,5,Paid Off,0,2024-02-15
702594,117926,Auto Loan,46259,5.77,3,Active,0,2024-04-27
702595,120413,Business Loan,133126,9.05,5,Paid Off,0,2023-06-25
702596,122458,Personal Loan,23304,5.92,3,Paid Off,0,2025-11-05
702597,144362,Business Loan,47762,5.65,10,Paid Off,0,2024-04-12
702598,105676,Auto Loan,36703,9.92,3,Paid Off,0,2023-08-16
702599,143366,Auto Loan,21241,4.82,3,Active,0,2021-10-14
702600,133871,Personal Loan,1828,3.6,3,Paid Off,0,2026-03-11
702601,100609,Personal Loan,10127,5.62,1,Active,0,2022-03-04
702602,130920,Personal Loan,7237,10.9,5,Active,0,2024-03-29
702603,125259,Business Loan,32669,6.16,10,Active,0,2024-09-18
702604,130393,Auto Loan,20587,3.75,3,Active,0,2026-05-13
702605,138325,Personal Loan,20750,6.94,1,Paid Off,0,2022-06-27
702606,144288,Auto Loan,23308,5.55,6,Paid Off,0,2022-08-14
702607,148464,Personal Loan,18704,5.34,3,Active,0,2023-08-03
702608,109289,Auto Loan,47338,4.46,3,Active,0,2023-01-02
702609,126406,Personal Loan,13183,8.04,1,Paid Off,0,2023-10-03
702610,128058,Auto Loan,37220,6.53,3,Active,0,2022-02-18
702611,122295,Mortgage,336083,11.56,30,Paid Off,0,2023-09-07
702612,122051,Business Loan,230570,5.44,5,Active,0,2023-07-28
702613,144451,Auto Loan,42821,6.24,3,Paid Off,0,2023-02-21
702614,112512,Mortgage,539311,4.54,30,Active,0,2023-11-06
702615,148575,Business Loan,142662,3.61,10,Active,0,2025-07-08
702616,118775,Mortgage,576229,6.06,30,Paid Off,0,2025-08-11
702617,115714,Personal Loan,13884,8.46,3,Paid Off,0,2025-01-08
702618,107976,Mortgage,322973,4.86,30,Active,0,2021-07-30
702619,133175,Personal Loan,11333,4.72,5,Active,0,2024-04-20
702620,147634,Business Loan,189295,5.86,5,Defaulted,1,2024-09-30
702621,108344,Business Loan,233099,4.05,10,Paid Off,0,2023-04-19
702622,130589,Personal Loan,13954,4.76,1,Active,0,2025-11-28
702623,111897,Personal Loan,22538,11.93,1,Paid Off,0,2023-10-06
702624,125495,Business Loan,96354,4.66,10,Paid Off,0,2023-03-10
702625,122321,Business Loan,67031,3.88,10,Active,0,2025-04-05
702626,117679,Personal Loan,19260,11.01,3,Active,0,2021-09-28
702627,112469,Personal Loan,6495,9.86,1,Active,0,2023-01-30
702628,104657,Mortgage,218921,6.38,30,Active,0,2024-03-31
702629,148393,Personal Loan,7561,11.33,5,Active,0,2022-03-28
702630,101687,Mortgage,543143,4.43,30,Active,0,2021-11-30
702631,122181,Mortgage,169718,4.01,30,Paid Off,0,2021-10-29
702632,112791,Business Loan,29162,11.97,10,Paid Off,0,2025-08-22
702633,108040,Mortgage,537840,5.22,30,Active,0,2024-06-23
702634,131061,Auto Loan,20057,5.19,3,Active,0,2025-09-24
702635,135026,Mortgage,519591,6.57,30,Active,0,2025-04-15
702636,114829,Auto Loan,33805,5.99,6,Paid Off,0,2023-08-28
702637,138848,Business Loan,114082,5.0,10,Paid Off,0,2024-06-05
702638,120062,Auto Loan,37256,4.09,3,Paid Off,0,2025-01-04
702639,128277,Business Loan,155621,5.53,5,Defaulted,1,2023-10-06
702640,134547,Business Loan,248304,6.81,5,Paid Off,0,2024-10-05
702641,110904,Auto Loan,56912,7.49,3,Active,0,2023-02-05
702642,119220,Personal Loan,19188,9.52,3,Active,0,2021-07-21
702643,124429,Business Loan,229611,6.32,5,Active,0,2025-08-20
702644,147349,Auto Loan,54888,11.32,6,Paid Off,0,2024-12-14
702645,118111,Auto Loan,51296,6.42,5,Active,0,2026-06-13
702646,103541,Auto Loan,38520,6.09,3,Paid Off,0,2024-12-12
702647,125562,Personal Loan,23227,6.71,3,Paid Off,0,2024-04-15
702648,106759,Mortgage,392157,5.29,30,Paid Off,0,2023-01-16
702649,133829,Personal Loan,22259,6.37,1,Paid Off,0,2025-07-07
702650,121275,Personal Loan,8415,6.94,5,Defaulted,1,2023-09-18
702651,138232,Mortgage,165404,6.87,30,Active,0,2023-04-12
702652,114350,Auto Loan,50261,7.23,6,Paid Off,0,2025-11-22
702653,101226,Personal Loan,13931,7.22,3,Active,0,2022-06-17
702654,109159,Auto Loan,55799,6.6,3,Paid Off,0,2024-05-27
702655,125665,Auto Loan,28776,8.59,5,Active,0,2023-11-21
702656,120544,Business Loan,191237,4.75,5,Paid Off,0,2024-08-07
702657,104119,Mortgage,234714,5.65,30,Active,0,2022-12-08
702658,100277,Mortgage,433275,6.61,30,Paid Off,0,2026-06-20
702659,119036,Personal Loan,21997,5.5,1,Active,0,2021-12-10
702660,120046,Auto Loan,32516,11.58,3,Active,0,2025-03-30
702661,138648,Personal Loan,24104,3.52,1,Paid Off,0,2025-05-04
702662,137312,Mortgage,345696,8.35,30,Active,0,2024-03-25
702663,100853,Mortgage,482407,5.68,30,Paid Off,0,2024-11-24
702664,143086,Auto Loan,44764,10.11,6,Paid Off,0,2022-12-23
702665,146493,Auto Loan,22173,4.98,3,Active,0,2022-03-19
702666,119535,Business Loan,62818,4.25,5,Paid Off,0,2023-06-17
702667,116463,Mortgage,535665,4.55,30,Paid Off,0,2025-04-22
702668,136746,Personal Loan,19881,5.79,3,Active,0,2026-06-18
702669,129860,Personal Loan,23519,5.59,5,Active,0,2021-12-31
702670,100884,Business Loan,93128,5.29,5,Paid Off,0,2021-11-10
702671,147842,Mortgage,535279,5.89,30,Active,0,2021-12-08
702672,121461,Business Loan,168040,6.84,10,Paid Off,0,2026-05-06
702673,109403,Mortgage,253803,11.81,30,Paid Off,0,2024-06-30
702674,133415,Mortgage,306671,6.35,30,Active,0,2023-03-04
702675,140743,Personal Loan,19133,6.71,1,Active,0,2024-10-09
702676,123976,Personal Loan,10960,6.71,1,Active,0,2026-01-01
702677,128139,Mortgage,518739,4.51,30,Active,0,2023-06-22
702678,146078,Business Loan,175350,5.17,5,Active,0,2024-11-21
702679,120717,Business Loan,147669,5.15,10,Paid Off,0,2022-08-01
702680,127647,Auto Loan,45273,11.96,3,Paid Off,0,2025-12-01
702681,129970,Auto Loan,14294,11.82,3,Active,0,2022-06-20
702682,124242,Business Loan,54712,9.07,10,Paid Off,0,2026-03-19
702683,103035,Mortgage,572809,6.04,30,Paid Off,0,2024-07-04
702684,106976,Personal Loan,3888,10.47,1,Paid Off,0,2024-03-14
702685,131765,Mortgage,570330,4.29,30,Paid Off,0,2023-01-10
702686,123701,Business Loan,35440,4.36,5,Active,0,2022-11-04
702687,122077,Mortgage,305425,6.08,30,Paid Off,0,2023-10-21
702688,119235,Personal Loan,9729,6.39,1,Paid Off,0,2025-03-10
702689,119892,Personal Loan,10010,11.79,3,Active,0,2022-01-08
702690,136414,Business Loan,65995,11.43,5,Paid Off,0,2025-06-10
702691,143915,Auto Loan,20341,6.37,3,Paid Off,0,2024-05-16
702692,114697,Auto Loan,48307,5.8,5,Active,0,2026-06-10
702693,128275,Mortgage,169433,7.92,30,Paid Off,0,2026-07-10
702694,149861,Personal Loan,24848,5.27,5,Paid Off,0,2025-12-18
702695,149924,Auto Loan,32659,5.96,6,Active,0,2025-09-21
702696,149959,Auto Loan,10059,5.11,3,Paid Off,0,2025-04-13
702697,110092,Mortgage,311692,4.13,30,Paid Off,0,2025-12-10
702698,147576,Personal Loan,18857,5.06,5,Paid Off,0,2022-07-23
702699,134858,Mortgage,254798,6.61,30,Active,0,2025-11-21
702700,112805,Auto Loan,38311,4.59,5,Paid Off,0,2025-10-29
702701,112422,Personal Loan,13965,7.55,1,Defaulted,1,2022-10-01
702702,128728,Personal Loan,10342,6.55,3,Active,0,2022-12-10
702703,141923,Business Loan,118743,11.85,5,Paid Off,0,2025-07-21
702704,128236,Auto Loan,59959,5.53,6,Paid Off,0,2021-10-27
702705,123310,Mortgage,598339,5.8,30,Active,0,2023-04-11
702706,127811,Business Loan,77290,5.78,10,Active,0,2023-08-19
702707,114711,Personal Loan,18501,10.57,5,Paid Off,0,2025-11-28
702708,118794,Auto Loan,38520,9.93,5,Active,0,2021-08-06
702709,106888,Business Loan,204256,6.57,5,Active,0,2023-02-10
702710,100771,Personal Loan,22691,6.6,5,Paid Off,0,2023-01-10
702711,102767,Mortgage,312380,6.68,30,Active,0,2021-10-03
702712,133762,Auto Loan,10233,5.62,5,Active,0,2022-02-28
702713,143246,Auto Loan,52321,10.06,5,Paid Off,0,2021-11-11
702714,132832,Mortgage,378842,3.99,30,Active,0,2025-06-30
702715,113062,Business Loan,175489,3.73,5,Active,0,2024-08-16
702716,144156,Mortgage,554404,4.3,30,Paid Off,0,2026-05-19
702717,134736,Personal Loan,7148,7.73,3,Active,0,2025-08-09
702718,124513,Auto Loan,35907,5.38,3,Paid Off,0,2023-01-30
702719,146125,Business Loan,247899,8.46,5,Active,0,2025-04-20
702720,138234,Personal Loan,8697,5.12,5,Paid Off,0,2022-02-25
702721,125209,Personal Loan,16291,4.13,3,Defaulted,1,2021-07-17
702722,126934,Auto Loan,39953,6.3,6,Active,0,2022-08-02
702723,121362,Business Loan,29759,5.18,10,Paid Off,0,2022-05-15
702724,132640,Mortgage,371856,5.1,30,Paid Off,0,2026-03-26
702725,146345,Personal Loan,10280,6.27,1,Paid Off,0,2025-10-07
702726,122572,Auto Loan,49046,5.78,6,Paid Off,0,2025-05-16
702727,131854,Mortgage,541453,4.63,30,Active,0,2024-03-20
702728,105223,Personal Loan,7446,6.98,3,Active,0,2026-04-02
702729,113179,Mortgage,344852,8.58,30,Paid Off,0,2022-07-06
702730,117123,Mortgage,594192,4.42,30,Paid Off,0,2026-02-01
702731,120089,Auto Loan,24758,8.41,5,Active,0,2023-02-26
702732,105966,Business Loan,61990,5.33,5,Paid Off,0,2024-02-19
702733,136447,Auto Loan,53244,4.83,5,Active,0,2024-11-06
702734,100646,Business Loan,63928,8.05,5,Paid Off,0,2022-07-20
702735,103780,Personal Loan,4642,5.25,5,Paid Off,0,2023-02-10
702736,120231,Personal Loan,17292,5.61,1,Active,0,2023-03-07
702737,119263,Personal Loan,13565,6.93,3,Active,0,2021-11-19
702738,124761,Personal Loan,7820,5.66,5,Paid Off,0,2025-11-23
702739,117160,Business Loan,126239,11.66,10,Defaulted,1,2023-06-26
702740,130809,Mortgage,442515,9.44,30,Active,0,2024-10-23
702741,119735,Business Loan,114614,7.91,10,Paid Off,0,2025-02-03
702742,147428,Personal Loan,8642,4.38,3,Active,0,2024-02-25
702743,138059,Personal Loan,19441,6.02,5,Paid Off,0,2023-03-18
702744,100429,Auto Loan,49443,6.36,5,Active,0,2025-11-09
702745,109911,Personal Loan,3632,6.77,3,Active,0,2022-12-10
702746,104016,Business Loan,62154,4.62,10,Active,0,2025-01-29
702747,102975,Business Loan,147320,8.06,10,Paid Off,0,2021-08-17
702748,122227,Mortgage,282975,6.26,30,Paid Off,0,2024-08-22
702749,146022,Personal Loan,11262,6.98,3,Active,0,2026-07-12
702750,131427,Mortgage,181039,11.63,30,Paid Off,0,2023-11-22
702751,138533,Auto Loan,34254,6.76,6,Paid Off,0,2021-12-21
702752,132233,Personal Loan,21300,11.85,5,Paid Off,0,2025-03-01
702753,137010,Auto Loan,16544,6.63,5,Paid Off,0,2023-08-29
702754,118750,Business Loan,150594,4.15,5,Active,0,2024-04-09
702755,146248,Auto Loan,52987,5.78,5,Paid Off,0,2022-04-19
702756,108409,Business Loan,121453,6.78,5,Paid Off,0,2024-10-26
702757,110406,Business Loan,37730,10.25,5,Paid Off,0,2023-03-09
702758,123955,Business Loan,90612,5.92,5,Paid Off,0,2023-04-08
702759,123041,Mortgage,423931,3.81,30,Paid Off,0,2021-12-26
702760,119833,Business Loan,56549,4.04,5,Active,0,2025-10-16
702761,148427,Personal Loan,15604,9.5,3,Active,0,2025-06-06
702762,107268,Personal Loan,23910,9.32,1,Paid Off,0,2025-10-20
702763,144593,Mortgage,484696,3.99,30,Paid Off,0,2023-03-23
702764,101138,Business Loan,124374,5.55,5,Paid Off,0,2021-10-20
702765,104985,Auto Loan,33176,8.09,3,Active,0,2025-10-01
702766,102885,Business Loan,114428,8.38,5,Paid Off,0,2022-05-08
702767,148413,Mortgage,511615,5.44,30,Paid Off,0,2023-06-29
702768,114977,Auto Loan,33336,3.67,3,Active,0,2022-07-27
702769,138403,Personal Loan,16708,8.65,3,Active,0,2025-11-02
702770,123791,Mortgage,461685,5.0,30,Paid Off,0,2023-03-15
702771,110993,Auto Loan,35194,10.82,3,Paid Off,0,2026-06-06
702772,144421,Business Loan,248831,5.73,5,Active,0,2022-06-13
702773,126581,Auto Loan,57098,4.06,3,Paid Off,0,2026-04-22
702774,103120,Business Loan,135683,6.16,5,Active,0,2023-07-17
702775,139202,Auto Loan,22106,5.5,3,Defaulted,1,2026-02-11
702776,137447,Mortgage,534247,7.71,30,Active,0,2023-08-09
702777,104057,Personal Loan,15626,6.39,1,Active,0,2022-11-19
702778,131985,Mortgage,403813,5.95,30,Active,0,2026-03-31
702779,149291,Business Loan,80129,5.61,5,Active,0,2024-05-26
702780,118869,Auto Loan,35748,8.19,5,Active,0,2025-02-05
702781,127739,Auto Loan,17555,4.43,3,Paid Off,0,2025-07-06
702782,107070,Business Loan,28913,9.69,10,Paid Off,0,2025-02-12
702783,133874,Mortgage,231068,4.79,30,Paid Off,0,2023-06-16
702784,129558,Auto Loan,33067,6.84,3,Paid Off,0,2024-05-31
702785,117583,Auto Loan,34401,7.21,3,Active,0,2023-09-28
702786,143156,Mortgage,386489,4.36,30,Paid Off,0,2023-05-04
702787,118583,Business Loan,224367,5.46,5,Active,0,2021-10-28
702788,113458,Business Loan,47561,7.3,5,Active,0,2021-07-26
702789,117724,Business Loan,183521,7.86,5,Paid Off,0,2024-09-20
702790,104569,Mortgage,437070,9.72,30,Defaulted,1,2025-03-09
702791,131513,Personal Loan,21340,5.61,3,Active,0,2021-11-11
702792,121496,Business Loan,236006,8.71,10,Paid Off,0,2025-12-03
702793,118175,Auto Loan,30948,5.85,5,Paid Off,0,2023-07-02
702794,106329,Mortgage,392206,5.98,30,Paid Off,0,2025-08-13
702795,114874,Mortgage,389714,6.66,30,Active,0,2025-01-09
702796,140462,Personal Loan,19200,3.88,5,Paid Off,0,2026-05-01
702797,147441,Auto Loan,47202,6.02,5,Paid Off,0,2024-12-16
702798,139230,Personal Loan,9321,8.05,1,Active,0,2026-03-09
702799,130146,Business Loan,136909,6.54,5,Active,0,2026-07-01
702800,149346,Business Loan,28567,9.4,5,Paid Off,0,2022-04-04
702801,100198,Business Loan,136844,3.98,5,Active,0,2023-11-09
702802,101448,Mortgage,353230,7.23,30,Active,0,2024-01-17
702803,117757,Business Loan,54331,6.89,5,Defaulted,1,2025-04-07
702804,144011,Personal Loan,22021,9.03,1,Active,0,2022-05-26
702805,110268,Business Loan,179122,6.1,10,Paid Off,0,2023-03-26
702806,132008,Auto Loan,54941,4.61,5,Paid Off,0,2023-03-03
702807,120833,Auto Loan,10285,6.19,5,Paid Off,0,2021-11-27
702808,134626,Business Loan,77134,4.51,5,Active,0,2023-08-11
702809,108659,Auto Loan,36104,5.8,5,Paid Off,0,2022-10-27
702810,110045,Personal Loan,18329,3.88,1,Paid Off,0,2021-11-14
702811,116379,Business Loan,112479,4.56,5,Active,0,2023-07-31
702812,117244,Mortgage,267067,9.46,30,Paid Off,0,2023-07-20
702813,131570,Personal Loan,21607,4.67,1,Paid Off,0,2024-09-22
702814,119723,Mortgage,421186,6.58,30,Paid Off,0,2026-03-27
702815,140336,Business Loan,80643,4.57,5,Paid Off,0,2024-09-14
702816,112618,Personal Loan,1862,4.11,5,Active,0,2023-08-03
702817,105746,Auto Loan,22950,7.39,6,Paid Off,0,2022-04-15
702818,144070,Personal Loan,6362,11.07,3,Defaulted,1,2025-03-06
702819,143134,Auto Loan,59859,6.74,3,Paid Off,0,2021-09-28
702820,123575,Personal Loan,16844,6.56,1,Paid Off,0,2022-08-11
702821,147223,Personal Loan,15063,5.95,1,Paid Off,0,2022-08-09
702822,125326,Personal Loan,15097,8.33,3,Paid Off,0,2023-12-26
702823,144216,Mortgage,538424,6.23,30,Paid Off,0,2025-07-24
702824,119819,Personal Loan,16791,5.41,1,Active,0,2026-01-31
702825,147713,Auto Loan,54588,9.67,5,Defaulted,1,2026-04-17
702826,145673,Business Loan,96249,5.39,5,Active,0,2021-09-19
702827,141827,Business Loan,36991,10.95,10,Paid Off,0,2024-09-29
702828,103840,Mortgage,495441,4.12,30,Active,0,2022-08-14
702829,134965,Business Loan,185591,6.8,5,Paid Off,0,2022-12-27
702830,105645,Business Loan,244725,6.48,10,Paid Off,0,2024-11-19
702831,133931,Personal Loan,20118,8.18,5,Active,0,2023-06-04
702832,125315,Business Loan,207246,11.82,5,Paid Off,0,2022-03-25
702833,123046,Personal Loan,2205,6.17,5,Defaulted,1,2021-10-31
702834,109672,Business Loan,90837,5.43,5,Active,0,2024-07-11
702835,145833,Auto Loan,42605,5.36,3,Active,0,2022-03-28
702836,109242,Auto Loan,30863,5.57,5,Active,0,2023-02-15
702837,135274,Business Loan,136053,10.19,10,Active,0,2023-08-13
702838,132446,Auto Loan,13571,5.19,6,Paid Off,0,2024-02-04
702839,100681,Business Loan,191268,10.99,5,Active,0,2025-02-26
702840,145179,Personal Loan,1635,5.21,5,Active,0,2026-02-08
702841,146939,Auto Loan,12582,11.93,5,Paid Off,0,2022-03-03
702842,141768,Personal Loan,18094,5.51,1,Active,0,2023-12-07
702843,108812,Auto Loan,31078,10.94,3,Paid Off,0,2023-06-06
702844,140264,Mortgage,241164,4.25,30,Paid Off,0,2022-04-08
702845,125266,Personal Loan,11817,5.66,5,Paid Off,0,2022-11-24
702846,149379,Mortgage,325804,4.78,30,Active,0,2021-07-26
702847,128591,Personal Loan,1131,4.13,5,Paid Off,0,2024-05-18
702848,112758,Business Loan,158490,9.57,10,Paid Off,0,2022-06-16
702849,108474,Auto Loan,36783,6.53,6,Paid Off,0,2022-02-26
702850,124802,Mortgage,246756,6.2,30,Paid Off,0,2021-12-03
702851,113505,Mortgage,535849,6.43,30,Paid Off,0,2026-06-04
702852,118215,Personal Loan,3962,6.34,3,Paid Off,0,2025-10-29
702853,144984,Personal Loan,23989,9.31,3,Paid Off,0,2021-08-19
702854,106224,Mortgage,264166,9.59,30,Active,0,2024-10-20
702855,133322,Business Loan,160624,5.17,10,Active,0,2024-01-08
702856,132156,Mortgage,546523,4.39,30,Paid Off,0,2021-09-26
702857,145143,Business Loan,130377,6.59,10,Paid Off,0,2021-10-07
702858,110460,Mortgage,185072,5.05,30,Paid Off,0,2022-05-08
702859,134110,Mortgage,438212,6.78,30,Paid Off,0,2024-10-09
702860,136900,Mortgage,412655,4.04,30,Paid Off,0,2025-05-10
702861,136462,Business Loan,98289,3.57,10,Active,0,2024-01-23
702862,100585,Auto Loan,40833,8.49,5,Paid Off,0,2024-08-21
702863,126501,Auto Loan,22478,6.99,3,Paid Off,0,2024-09-14
702864,139109,Auto Loan,20418,3.68,3,Active,0,2025-11-20
702865,129316,Auto Loan,20492,5.48,6,Paid Off,0,2024-01-03
702866,123208,Mortgage,282389,4.84,30,Active,0,2024-11-12
702867,143785,Mortgage,340317,8.01,30,Paid Off,0,2026-04-04
702868,123584,Auto Loan,21991,5.28,6,Active,0,2026-02-14
702869,147910,Mortgage,458269,6.57,30,Active,0,2025-06-01
702870,140064,Mortgage,531805,3.88,30,Paid Off,0,2026-03-05
702871,107650,Business Loan,124038,8.28,10,Active,0,2022-09-11
702872,107584,Business Loan,132174,6.29,10,Paid Off,0,2022-11-23
702873,140551,Auto Loan,54758,5.87,3,Active,0,2025-07-06
702874,136927,Business Loan,133398,5.28,5,Paid Off,0,2024-08-02
702875,113373,Business Loan,236310,6.95,10,Defaulted,1,2025-11-11
702876,113484,Personal Loan,7102,5.44,3,Active,0,2026-06-11
702877,124492,Personal Loan,19857,5.61,3,Active,0,2024-09-28
702878,102463,Auto Loan,40642,5.46,6,Active,0,2023-06-16
702879,109829,Auto Loan,29263,6.96,5,Active,0,2024-06-23
702880,131684,Auto Loan,33278,3.94,3,Active,0,2025-01-30
702881,137428,Auto Loan,22617,6.54,5,Active,0,2022-04-24
702882,120339,Business Loan,122480,5.14,10,Paid Off,0,2021-12-04
702883,148859,Business Loan,79397,7.27,10,Active,0,2024-05-17
702884,144240,Business Loan,108616,5.35,5,Paid Off,0,2022-08-24
702885,147407,Mortgage,157240,5.27,30,Defaulted,1,2026-04-25
702886,127506,Personal Loan,10930,6.95,3,Active,0,2023-05-13
702887,117552,Auto Loan,33713,6.97,3,Active,0,2021-09-02
702888,123514,Mortgage,583357,9.74,30,Paid Off,0,2025-12-25
702889,126006,Mortgage,314804,3.9,30,Active,0,2025-05-13
702890,146859,Auto Loan,54499,5.95,5,Paid Off,0,2025-12-15
702891,129596,Personal Loan,4495,3.69,1,Active,0,2025-09-12
702892,118046,Auto Loan,45246,6.7,6,Active,0,2024-05-21
702893,144418,Business Loan,55242,6.99,10,Paid Off,0,2021-10-29
702894,131562,Auto Loan,58021,3.63,3,Active,0,2025-05-01
702895,134962,Mortgage,559375,4.57,30,Active,0,2025-12-15
702896,107055,Personal Loan,12282,6.05,3,Active,0,2025-07-12
702897,107646,Personal Loan,14916,5.94,3,Active,0,2022-04-21
702898,125770,Auto Loan,38615,3.71,3,Paid Off,0,2026-01-03
702899,143935,Mortgage,438360,5.5,30,Active,0,2023-12-14
702900,127719,Business Loan,108717,6.92,10,Active,0,2022-04-21
702901,128448,Mortgage,518177,5.66,30,Active,0,2025-01-21
702902,148430,Mortgage,494452,7.59,30,Active,0,2024-04-22
702903,124384,Mortgage,591907,6.56,30,Paid Off,0,2021-08-28
702904,138939,Personal Loan,3085,4.73,5,Paid Off,0,2024-04-11
702905,136465,Auto Loan,19811,5.29,5,Paid Off,0,2023-02-23
702906,110927,Business Loan,32538,11.16,5,Paid Off,0,2026-01-10
702907,142423,Business Loan,70300,4.07,10,Active,0,2021-09-21
702908,112894,Personal Loan,24412,3.88,3,Paid Off,0,2022-05-05
702909,141067,Auto Loan,58955,6.18,6,Paid Off,0,2023-06-04
702910,126106,Mortgage,457086,11.1,30,Paid Off,0,2023-10-04
702911,145574,Personal Loan,4608,6.57,5,Paid Off,0,2024-10-04
702912,103290,Mortgage,238804,4.68,30,Paid Off,0,2022-11-23
702913,134117,Mortgage,433603,5.34,30,Paid Off,0,2026-03-25
702914,111427,Mortgage,172490,6.74,30,Active,0,2022-03-26
702915,115054,Business Loan,29747,10.04,5,Paid Off,0,2024-03-20
702916,119474,Personal Loan,14339,5.29,1,Active,0,2023-05-01
702917,103494,Auto Loan,15435,5.43,6,Active,0,2022-11-16
702918,105264,Mortgage,396908,6.92,30,Paid Off,0,2023-04-09
702919,112377,Mortgage,301591,5.93,30,Active,0,2023-03-13
702920,120366,Business Loan,72503,8.74,10,Paid Off,0,2024-07-20
702921,145677,Auto Loan,47043,9.97,5,Active,0,2025-06-18
702922,140829,Business Loan,56731,5.37,5,Active,0,2025-06-10
702923,106916,Personal Loan,12726,6.89,5,Active,0,2023-04-23
702924,118027,Auto Loan,47082,4.85,6,Active,0,2026-02-02
702925,137745,Auto Loan,45933,5.94,6,Paid Off,0,2022-02-13
702926,121328,Mortgage,502584,9.41,30,Paid Off,0,2026-04-16
702927,120279,Business Loan,68453,6.08,10,Paid Off,0,2026-05-13
702928,141885,Mortgage,364272,5.62,30,Paid Off,0,2023-09-20
702929,116545,Personal Loan,1571,8.65,1,Active,0,2025-11-01
702930,114067,Auto Loan,32994,5.44,5,Paid Off,0,2025-03-20
702931,120630,Personal Loan,23842,5.9,3,Paid Off,0,2025-11-20
702932,121239,Auto Loan,31228,5.9,5,Active,0,2022-08-02
702933,127152,Business Loan,191748,5.24,5,Defaulted,1,2023-10-02
702934,126634,Personal Loan,19193,7.47,5,Active,0,2024-06-26
702935,110821,Business Loan,157055,4.24,5,Paid Off,0,2022-06-22
702936,119015,Auto Loan,51298,10.46,6,Active,0,2026-05-20
702937,114759,Mortgage,157654,7.98,30,Active,0,2025-06-02
702938,118119,Mortgage,447598,8.55,30,Paid Off,0,2021-08-07
702939,142881,Mortgage,299828,6.5,30,Active,0,2024-01-13
702940,136207,Mortgage,284936,5.3,30,Active,0,2023-06-06
702941,149474,Personal Loan,2385,6.77,3,Defaulted,1,2026-01-22
702942,101824,Auto Loan,50724,7.57,3,Active,0,2024-09-04
702943,146194,Personal Loan,6648,4.96,1,Paid Off,0,2026-07-03
702944,125434,Business Loan,124631,6.71,10,Paid Off,0,2026-02-12
702945,140078,Mortgage,514071,7.34,30,Paid Off,0,2025-10-26
702946,108909,Mortgage,323525,11.28,30,Active,0,2023-01-16
702947,120853,Business Loan,201768,4.57,10,Active,0,2023-03-25
702948,127450,Business Loan,29282,10.42,10,Paid Off,0,2023-06-27
702949,131937,Personal Loan,10098,5.59,1,Defaulted,1,2023-01-05
702950,106946,Auto Loan,49513,7.36,5,Active,0,2025-09-09
702951,109685,Business Loan,94303,5.62,5,Paid Off,0,2024-05-12
702952,134334,Business Loan,236419,10.97,5,Active,0,2025-11-29
702953,146758,Personal Loan,14198,4.78,3,Paid Off,0,2026-04-06
702954,128474,Mortgage,438359,4.19,30,Active,0,2022-02-18
702955,118668,Mortgage,183162,9.08,30,Paid Off,0,2025-12-23
702956,137156,Mortgage,348556,6.63,30,Paid Off,0,2025-11-08
702957,103564,Auto Loan,53428,4.34,3,Active,0,2025-11-23
702958,128540,Auto Loan,19470,5.88,5,Paid Off,0,2023-02-18
702959,118049,Mortgage,392055,6.0,30,Paid Off,0,2025-08-20
702960,128079,Personal Loan,23742,6.41,5,Active,0,2023-11-14
702961,128532,Business Loan,229273,3.8,5,Paid Off,0,2025-08-26
702962,121420,Business Loan,122098,6.66,10,Active,0,2021-08-15
702963,100322,Personal Loan,22493,11.0,5,Active,0,2021-11-02
702964,147970,Mortgage,274610,5.38,30,Active,0,2024-04-15
702965,119345,Personal Loan,9687,4.63,1,Active,0,2022-12-31
702966,114804,Auto Loan,58907,3.61,3,Active,0,2022-02-04
702967,145991,Mortgage,171595,5.56,30,Defaulted,1,2023-07-20
702968,145619,Mortgage,241587,6.11,30,Paid Off,0,2026-04-30
702969,149165,Auto Loan,24944,9.71,3,Paid Off,0,2022-03-10
702970,128279,Personal Loan,3490,10.91,3,Active,0,2023-07-07
702971,138831,Personal Loan,14394,4.25,5,Paid Off,0,2023-12-09
702972,129276,Business Loan,140687,9.29,5,Active,0,2022-05-18
702973,127488,Personal Loan,12888,7.69,5,Paid Off,0,2024-04-04
702974,143005,Auto Loan,25710,6.61,6,Active,0,2026-03-30
702975,110496,Mortgage,517001,6.15,30,Paid Off,0,2024-08-13
702976,142662,Personal Loan,8221,9.4,5,Active,0,2025-10-25
702977,105528,Mortgage,397507,4.36,30,Active,0,2024-03-05
702978,135387,Auto Loan,53142,5.05,3,Paid Off,0,2022-08-23
702979,131208,Personal Loan,12220,6.6,3,Paid Off,0,2026-02-08
702980,140987,Business Loan,165987,4.3,10,Paid Off,0,2024-01-15
702981,121332,Mortgage,449206,6.67,30,Active,0,2024-09-17
702982,103402,Mortgage,525195,5.92,30,Active,0,2023-04-13
702983,107780,Mortgage,341144,6.16,30,Active,0,2022-07-18
702984,127135,Mortgage,565058,7.34,30,Active,0,2026-02-19
702985,145929,Personal Loan,8118,6.14,1,Active,0,2024-07-19
702986,125715,Mortgage,294853,3.74,30,Active,0,2022-12-26
702987,122229,Mortgage,218017,6.58,30,Paid Off,0,2025-12-23
702988,100482,Business Loan,198088,8.47,5,Active,0,2022-07-03
702989,128661,Business Loan,140571,8.0,10,Active,0,2025-08-25
702990,114181,Auto Loan,41965,7.89,5,Active,0,2022-02-19
702991,139684,Personal Loan,1193,5.49,1,Active,0,2022-09-16
702992,108790,Personal Loan,12567,11.83,3,Paid Off,0,2022-04-30
702993,138978,Personal Loan,17956,6.65,5,Active,0,2025-02-02
702994,140401,Auto Loan,59240,11.9,5,Paid Off,0,2022-09-01
702995,102874,Auto Loan,20414,9.29,3,Active,0,2024-02-29
702996,145435,Auto Loan,26991,7.93,5,Paid Off,0,2022-09-01
702997,122603,Mortgage,159418,5.79,30,Paid Off,0,2026-03-30
702998,137027,Mortgage,382719,11.19,30,Paid Off,0,2022-09-19
702999,144393,Business Loan,174407,4.92,5,Paid Off,0,2025-04-27
703000,104215,Business Loan,133640,5.26,10,Paid Off,0,2024-03-08
703001,133067,Auto Loan,37337,5.37,3,Active,0,2022-01-10
703002,113591,Personal Loan,1764,5.52,1,Paid Off,0,2022-07-02
703003,144340,Business Loan,159343,7.57,10,Paid Off,0,2021-08-23
703004,138869,Personal Loan,1018,11.55,3,Paid Off,0,2025-11-25
703005,146868,Business Loan,58712,10.81,5,Paid Off,0,2025-04-28
703006,100373,Personal Loan,11254,4.89,5,Active,0,2023-11-16
703007,148581,Mortgage,457818,5.54,30,Active,0,2025-02-26
703008,139616,Personal Loan,16346,6.96,5,Active,0,2023-03-02
703009,127088,Business Loan,72122,3.72,5,Paid Off,0,2024-03-20
703010,132024,Business Loan,158640,4.18,10,Paid Off,0,2024-08-10
703011,121634,Auto Loan,40462,5.99,6,Paid Off,0,2025-04-21
703012,104579,Auto Loan,15611,6.74,3,Paid Off,0,2023-09-04
703013,139392,Business Loan,90314,10.68,5,Paid Off,0,2022-06-25
703014,117782,Auto Loan,53542,10.55,3,Paid Off,0,2023-10-17
703015,140302,Mortgage,503221,6.94,30,Active,0,2023-09-11
703016,119516,Mortgage,574497,10.33,30,Paid Off,0,2026-03-14
703017,128309,Auto Loan,35797,8.25,3,Active,0,2022-12-27
703018,112617,Mortgage,500357,9.27,30,Active,0,2024-03-23
703019,135498,Personal Loan,2656,4.64,5,Defaulted,1,2021-10-03
703020,135884,Personal Loan,18962,7.04,3,Paid Off,0,2024-08-30
703021,131744,Business Loan,206867,6.89,10,Paid Off,0,2025-12-29
703022,148720,Auto Loan,22078,5.0,3,Active,0,2024-05-12
703023,113911,Personal Loan,12204,5.74,3,Paid Off,0,2025-08-20
703024,107094,Business Loan,68612,9.33,10,Paid Off,0,2023-04-27
703025,115400,Mortgage,592416,3.83,30,Active,0,2025-08-27
703026,142129,Auto Loan,27480,11.77,5,Active,0,2024-07-25
703027,129297,Mortgage,512438,3.58,30,Paid Off,0,2024-03-11
703028,133129,Mortgage,249710,10.45,30,Paid Off,0,2025-11-09
703029,129116,Mortgage,446267,6.55,30,Paid Off,0,2025-03-23
703030,107687,Auto Loan,32297,4.61,3,Active,0,2025-12-30
703031,145114,Auto Loan,21830,4.26,5,Active,0,2026-03-06
703032,100062,Business Loan,28583,8.9,10,Paid Off,0,2022-07-28
703033,125109,Business Loan,170528,11.52,5,Active,0,2024-07-29
703034,112024,Business Loan,60418,10.3,5,Paid Off,0,2024-03-24
703035,137595,Mortgage,358413,11.63,30,Paid Off,0,2026-05-03
703036,107892,Mortgage,335165,6.34,30,Active,0,2022-12-13
703037,120265,Business Loan,50144,4.59,10,Active,0,2026-01-25
703038,149706,Business Loan,52913,10.56,10,Paid Off,0,2025-02-12
703039,147292,Mortgage,364023,5.42,30,Paid Off,0,2024-04-26
703040,122681,Personal Loan,7917,5.06,3,Active,0,2024-05-01
703041,129909,Mortgage,388644,6.05,30,Paid Off,0,2025-08-04
703042,102385,Auto Loan,37529,6.68,5,Paid Off,0,2023-01-31
703043,125884,Personal Loan,6377,8.47,5,Active,0,2022-07-24
703044,103184,Auto Loan,18269,7.27,3,Paid Off,0,2025-10-10
703045,121752,Mortgage,575184,11.24,30,Active,0,2025-09-12
703046,108358,Business Loan,56255,5.71,5,Active,0,2021-12-17
703047,104995,Auto Loan,34922,11.92,6,Active,0,2024-09-07
703048,119990,Mortgage,150527,11.67,30,Active,0,2021-08-03
703049,137218,Personal Loan,4423,6.88,5,Active,0,2025-07-13
703050,145047,Personal Loan,17717,9.17,5,Defaulted,1,2025-10-26
703051,113734,Business Loan,197717,6.84,10,Active,0,2025-10-04
703052,106111,Business Loan,83415,11.94,5,Active,0,2023-12-16
703053,105373,Auto Loan,21797,5.06,3,Active,0,2021-10-01
703054,142274,Mortgage,304674,11.05,30,Paid Off,0,2025-12-10
703055,112431,Auto Loan,43431,6.69,3,Active,0,2024-03-01
703056,107918,Business Loan,212678,6.29,5,Paid Off,0,2023-02-10
703057,135811,Mortgage,356836,9.61,30,Active,0,2023-01-09
703058,137630,Personal Loan,4213,6.77,1,Paid Off,0,2021-08-08
703059,112140,Personal Loan,10772,5.36,1,Active,0,2025-10-23
703060,139634,Business Loan,76659,4.72,10,Paid Off,0,2023-01-20
703061,109645,Auto Loan,27594,7.8,5,Active,0,2024-04-22
703062,143841,Personal Loan,18928,5.08,3,Paid Off,0,2025-04-23
703063,136448,Auto Loan,25232,11.71,5,Paid Off,0,2024-09-23
703064,125313,Business Loan,247246,5.11,5,Active,0,2023-03-08
703065,146535,Auto Loan,39580,5.33,5,Active,0,2024-06-22
703066,105304,Personal Loan,4154,6.09,3,Active,0,2022-02-18
703067,138769,Auto Loan,48922,9.76,3,Active,0,2024-11-29
703068,122445,Auto Loan,11200,5.77,5,Active,0,2022-10-10
703069,110324,Personal Loan,12467,4.62,1,Paid Off,0,2023-02-18
703070,137746,Business Loan,76467,5.11,5,Paid Off,0,2023-07-10
703071,141364,Mortgage,233405,4.66,30,Active,0,2023-02-11
703072,103180,Mortgage,204450,10.02,30,Active,0,2022-03-12
703073,129109,Auto Loan,39358,6.0,6,Paid Off,0,2025-01-03
703074,126629,Personal Loan,19215,5.16,3,Active,0,2022-10-10
703075,117020,Business Loan,235789,6.04,5,Active,0,2026-01-03
703076,104614,Personal Loan,14351,6.35,5,Active,0,2022-03-05
703077,130558,Personal Loan,7213,6.87,1,Active,0,2025-05-22
703078,100428,Business Loan,93133,6.67,5,Paid Off,0,2026-06-30
703079,145144,Business Loan,234214,11.42,10,Active,0,2026-03-28
703080,136165,Personal Loan,15067,9.16,1,Active,0,2025-05-08
703081,146191,Business Loan,85640,3.72,10,Paid Off,0,2024-09-14
703082,143338,Personal Loan,23278,8.42,1,Active,0,2022-05-06
703083,121861,Mortgage,384006,9.76,30,Paid Off,0,2022-04-27
703084,124211,Auto Loan,31023,9.82,3,Paid Off,0,2025-01-15
703085,110365,Mortgage,181887,5.87,30,Active,0,2023-03-07
703086,139272,Business Loan,174937,5.34,5,Paid Off,0,2022-07-18
703087,133412,Business Loan,205979,3.61,5,Active,0,2023-07-22
703088,120849,Personal Loan,7474,11.11,3,Paid Off,0,2024-04-11
703089,116842,Mortgage,596063,6.39,30,Active,0,2025-07-02
703090,109998,Mortgage,541938,3.55,30,Paid Off,0,2022-05-29
703091,123186,Business Loan,110370,11.95,5,Paid Off,0,2023-12-26
703092,107497,Mortgage,172420,6.68,30,Active,0,2024-03-04
703093,105459,Personal Loan,3237,5.01,5,Active,0,2025-09-01
703094,104573,Business Loan,62709,5.43,10,Paid Off,0,2021-11-16
703095,108171,Auto Loan,36315,5.6,5,Paid Off,0,2022-08-16
703096,133839,Auto Loan,57701,5.46,3,Active,0,2022-07-21
703097,123588,Auto Loan,20914,6.78,6,Active,0,2023-02-24
703098,141912,Business Loan,137794,4.56,5,Paid Off,0,2024-03-20
703099,107294,Auto Loan,49550,9.19,5,Active,0,2024-01-15
703100,125913,Mortgage,383367,5.82,30,Paid Off,0,2021-12-18
703101,116357,Mortgage,333742,10.7,30,Defaulted,1,2022-07-07
703102,136329,Auto Loan,12763,6.66,6,Paid Off,0,2021-12-14
703103,146762,Personal Loan,5035,11.32,1,Active,0,2024-05-03
703104,113263,Personal Loan,1568,9.4,3,Active,0,2023-07-10
703105,133510,Mortgage,361765,5.0,30,Paid Off,0,2022-03-26
703106,144105,Mortgage,424597,6.97,30,Paid Off,0,2026-03-07
703107,111192,Auto Loan,39213,9.21,5,Active,0,2023-12-05
703108,127638,Auto Loan,39016,7.2,3,Paid Off,0,2022-10-14
703109,135305,Mortgage,211516,5.49,30,Paid Off,0,2025-11-11
703110,117714,Personal Loan,24131,8.05,1,Paid Off,0,2023-02-25
703111,132663,Auto Loan,39768,3.6,5,Active,0,2025-12-15
703112,113167,Business Loan,41590,9.94,5,Defaulted,1,2026-03-10
703113,125290,Personal Loan,4268,8.08,3,Paid Off,0,2026-05-16
703114,127401,Business Loan,172738,5.87,5,Active,0,2025-11-21
703115,112457,Business Loan,175227,11.12,10,Active,0,2022-08-01
703116,102185,Mortgage,310724,4.05,30,Active,0,2022-09-07
703117,137087,Auto Loan,16667,7.18,6,Active,0,2022-11-01
703118,121358,Mortgage,272238,4.42,30,Active,0,2026-01-16
703119,140553,Mortgage,424068,6.76,30,Paid Off,0,2023-01-26
703120,125253,Mortgage,343511,10.94,30,Paid Off,0,2023-08-21
703121,102494,Business Loan,80943,5.49,10,Active,0,2023-04-06
703122,111032,Business Loan,38286,5.0,10,Paid Off,0,2023-04-28
703123,113611,Mortgage,409086,6.85,30,Paid Off,0,2025-12-24
703124,126444,Personal Loan,12181,5.54,3,Active,0,2022-05-25
703125,141257,Auto Loan,45324,8.24,5,Active,0,2021-07-28
703126,111762,Auto Loan,13746,8.32,5,Paid Off,0,2024-07-24
703127,105235,Mortgage,304512,9.22,30,Defaulted,1,2024-11-01
703128,105763,Personal Loan,15682,4.48,1,Active,0,2024-11-06
703129,119732,Mortgage,503490,5.44,30,Active,0,2023-04-15
703130,139017,Auto Loan,51449,5.46,6,Active,0,2023-05-30
703131,136078,Personal Loan,18165,9.68,1,Paid Off,0,2024-06-30
703132,144767,Mortgage,210051,5.0,30,Paid Off,0,2025-03-01
703133,128280,Business Loan,182795,5.16,10,Paid Off,0,2024-09-23
703134,146354,Business Loan,96493,5.33,5,Paid Off,0,2021-09-16
703135,142758,Business Loan,25240,3.86,5,Paid Off,0,2025-12-29
703136,148920,Auto Loan,52275,4.15,3,Active,0,2025-10-14
703137,147078,Mortgage,169930,4.62,30,Active,0,2022-04-10
703138,118151,Business Loan,99749,3.94,5,Paid Off,0,2024-10-07
703139,141440,Personal Loan,11965,4.49,5,Paid Off,0,2024-11-15
703140,118346,Personal Loan,1900,7.17,1,Active,0,2023-05-31
703141,121522,Personal Loan,20297,8.01,1,Paid Off,0,2024-10-12
703142,139092,Business Loan,216694,5.45,5,Active,0,2023-01-24
703143,129608,Personal Loan,20543,7.49,1,Active,0,2024-03-04
703144,119136,Personal Loan,11521,10.31,5,Paid Off,0,2026-03-20
703145,109384,Personal Loan,19338,3.52,5,Paid Off,0,2026-06-02
703146,121112,Personal Loan,2701,5.93,1,Defaulted,1,2025-07-28
703147,143030,Mortgage,181604,6.8,30,Paid Off,0,2024-03-14
703148,116158,Mortgage,222210,5.86,30,Active,0,2022-07-21
703149,124592,Business Loan,204235,9.09,10,Paid Off,0,2024-09-04
703150,127461,Personal Loan,16079,6.24,5,Active,0,2024-03-14
703151,110166,Business Loan,229424,8.79,10,Paid Off,0,2023-09-28
703152,134915,Personal Loan,23738,6.75,5,Active,0,2021-08-29
703153,134137,Business Loan,225720,5.52,5,Paid Off,0,2026-01-15
703154,131230,Mortgage,412178,5.23,30,Paid Off,0,2026-04-25
703155,144957,Mortgage,543410,6.13,30,Paid Off,0,2023-12-08
703156,103030,Auto Loan,54935,5.83,6,Active,0,2023-06-15
703157,129206,Business Loan,75177,5.56,10,Active,0,2023-04-05
703158,131460,Mortgage,330883,4.82,30,Active,0,2021-10-20
703159,140776,Mortgage,179160,5.83,30,Active,0,2025-09-29
703160,143705,Mortgage,388758,9.7,30,Defaulted,1,2025-05-25
703161,128614,Mortgage,308598,3.79,30,Paid Off,0,2025-11-05
703162,130870,Auto Loan,48446,11.41,5,Active,0,2025-12-31
703163,109068,Personal Loan,5735,11.07,5,Active,0,2021-07-25
703164,122921,Business Loan,65724,4.97,10,Paid Off,0,2024-05-08
703165,136211,Business Loan,100718,9.25,5,Paid Off,0,2026-07-09
703166,130420,Business Loan,26590,4.13,10,Active,0,2026-06-16
703167,103227,Business Loan,238449,5.05,10,Paid Off,0,2023-09-23
703168,144489,Personal Loan,24794,5.6,3,Paid Off,0,2022-01-20
703169,125419,Personal Loan,15521,4.89,1,Paid Off,0,2026-06-28
703170,132343,Auto Loan,20639,8.63,3,Paid Off,0,2022-05-28
703171,130372,Auto Loan,37880,3.68,5,Paid Off,0,2021-07-17
703172,118379,Mortgage,420929,4.95,30,Active,0,2025-12-20
703173,135715,Business Loan,127648,4.78,10,Active,0,2023-03-30
703174,143931,Personal Loan,6136,9.88,3,Active,0,2021-09-24
703175,105707,Auto Loan,36589,3.65,5,Active,0,2024-07-03
703176,149577,Personal Loan,15019,5.9,1,Active,0,2023-01-15
703177,126772,Personal Loan,1874,5.01,3,Paid Off,0,2023-11-26
703178,137654,Auto Loan,59612,7.83,3,Active,0,2022-04-26
703179,100385,Business Loan,155405,7.96,5,Active,0,2022-12-20
703180,139190,Mortgage,258360,3.79,30,Paid Off,0,2026-04-13
703181,103375,Mortgage,184696,6.88,30,Active,0,2022-07-24
703182,129724,Business Loan,103429,7.46,10,Paid Off,0,2024-04-12
703183,118892,Auto Loan,28799,9.16,5,Active,0,2025-11-06
703184,130061,Auto Loan,37930,4.45,3,Paid Off,0,2025-11-18
703185,103863,Mortgage,323913,6.08,30,Paid Off,0,2025-09-25
703186,143115,Auto Loan,48249,3.94,3,Paid Off,0,2021-07-21
703187,107209,Auto Loan,55241,4.45,5,Paid Off,0,2024-09-11
703188,103366,Mortgage,380782,6.38,30,Active,0,2024-02-01
703189,114441,Personal Loan,9117,8.36,1,Active,0,2022-04-11
703190,115970,Auto Loan,58619,4.94,6,Paid Off,0,2021-09-04
703191,145342,Business Loan,76120,6.49,5,Active,0,2026-05-31
703192,106075,Mortgage,416628,4.83,30,Active,0,2026-04-30
703193,132810,Auto Loan,24828,11.3,3,Active,0,2024-10-19
703194,147848,Personal Loan,24848,6.73,3,Active,0,2024-04-12
703195,138201,Auto Loan,47350,9.16,3,Paid Off,0,2022-07-05
703196,132661,Auto Loan,16760,5.68,5,Active,0,2022-09-11
703197,102095,Auto Loan,12109,4.87,3,Active,0,2025-05-21
703198,128780,Personal Loan,19703,6.33,1,Paid Off,0,2024-09-10
703199,142962,Auto Loan,11186,5.85,6,Active,0,2025-01-10
703200,131465,Business Loan,160865,5.37,10,Active,0,2025-04-27
703201,103758,Auto Loan,21901,9.05,5,Paid Off,0,2022-02-21
703202,130136,Business Loan,179701,11.67,10,Paid Off,0,2024-12-18
703203,113342,Personal Loan,7900,4.41,5,Active,0,2024-11-26
703204,137833,Mortgage,416803,5.14,30,Active,0,2024-07-17
703205,116918,Mortgage,203322,4.66,30,Paid Off,0,2025-10-16
703206,126792,Mortgage,513046,5.35,30,Active,0,2022-06-29
703207,128791,Auto Loan,40757,6.38,3,Paid Off,0,2023-08-27
703208,146385,Mortgage,266194,9.56,30,Paid Off,0,2025-03-14
703209,147794,Mortgage,385008,6.77,30,Active,0,2023-06-25
703210,113674,Personal Loan,16426,4.84,5,Paid Off,0,2022-11-23
703211,119393,Personal Loan,7306,11.45,3,Active,0,2021-12-20
703212,116765,Mortgage,385339,9.66,30,Paid Off,0,2026-03-02
703213,111313,Personal Loan,2742,5.07,1,Paid Off,0,2022-10-13
703214,146456,Personal Loan,3942,6.08,5,Active,0,2026-02-22
703215,122608,Personal Loan,4970,4.51,1,Paid Off,0,2025-07-01
703216,108920,Auto Loan,30325,8.87,3,Defaulted,1,2023-10-29
703217,101281,Mortgage,301379,6.3,30,Paid Off,0,2021-08-28
703218,146449,Mortgage,427382,5.87,30,Paid Off,0,2026-05-23
703219,133863,Auto Loan,55526,9.51,5,Paid Off,0,2022-10-16
703220,109064,Business Loan,118893,3.86,5,Paid Off,0,2022-10-30
703221,139821,Mortgage,464290,6.76,30,Active,0,2024-03-08
703222,123077,Business Loan,44686,6.03,10,Paid Off,0,2023-01-06
703223,124065,Auto Loan,29814,7.74,5,Paid Off,0,2022-05-04
703224,100914,Personal Loan,2830,8.29,3,Paid Off,0,2022-03-20
703225,122125,Business Loan,173487,3.76,10,Active,0,2024-08-03
703226,123364,Mortgage,491781,5.02,30,Paid Off,0,2026-01-22
703227,131431,Mortgage,213077,7.98,30,Paid Off,0,2023-03-27
703228,126749,Auto Loan,44675,5.77,6,Paid Off,0,2025-10-03
703229,133779,Personal Loan,5297,10.69,5,Active,0,2024-12-12
703230,141927,Auto Loan,36224,4.74,5,Active,0,2022-09-15
703231,117471,Personal Loan,13439,5.09,1,Paid Off,0,2022-06-01
703232,119315,Mortgage,355693,11.16,30,Paid Off,0,2024-07-29
703233,144428,Auto Loan,19756,9.04,5,Active,0,2022-07-11
703234,132656,Business Loan,39808,6.69,5,Paid Off,0,2022-11-15
703235,136917,Mortgage,176044,5.47,30,Paid Off,0,2022-02-13
703236,100898,Auto Loan,47845,6.08,3,Defaulted,1,2022-05-04
703237,123558,Auto Loan,11998,7.26,6,Paid Off,0,2025-08-22
703238,146237,Business Loan,37575,7.02,10,Active,0,2021-08-29
703239,140170,Auto Loan,32060,3.76,5,Active,0,2021-08-04
703240,123307,Auto Loan,56640,4.52,6,Paid Off,0,2022-12-29
703241,117628,Auto Loan,28188,5.42,5,Paid Off,0,2023-09-15
703242,117518,Auto Loan,21093,6.95,5,Active,0,2024-06-18
703243,100971,Business Loan,80093,10.29,10,Active,0,2024-11-19
703244,135852,Business Loan,217542,4.17,10,Active,0,2025-12-08
703245,112130,Auto Loan,12024,3.6,3,Paid Off,0,2023-06-30
703246,111461,Business Loan,190889,4.4,10,Paid Off,0,2022-04-23
703247,118694,Business Loan,204729,9.29,5,Paid Off,0,2022-04-12
703248,144135,Mortgage,291959,4.75,30,Active,0,2023-12-01
703249,111048,Mortgage,323317,6.94,30,Active,0,2025-03-28
703250,118126,Auto Loan,39389,5.03,3,Active,0,2022-11-11
703251,106526,Business Loan,123333,5.38,5,Paid Off,0,2023-06-14
703252,135962,Auto Loan,21262,4.28,5,Paid Off,0,2024-02-03
703253,102132,Business Loan,172016,5.74,5,Active,0,2022-12-16
703254,132290,Business Loan,75004,10.15,5,Active,0,2024-02-05
703255,111224,Auto Loan,16360,6.41,5,Paid Off,0,2022-09-22
703256,149690,Auto Loan,58396,11.77,3,Paid Off,0,2025-04-19
703257,102372,Business Loan,43246,6.89,10,Paid Off,0,2023-01-18
703258,118999,Personal Loan,14606,5.85,5,Paid Off,0,2026-06-28
703259,106484,Personal Loan,22020,9.27,5,Paid Off,0,2022-04-06
703260,118253,Personal Loan,6637,4.78,5,Active,0,2023-10-04
703261,138923,Auto Loan,47611,6.5,5,Active,0,2023-05-27
703262,108615,Personal Loan,14014,5.85,5,Paid Off,0,2023-05-16
703263,128322,Personal Loan,16819,5.92,1,Active,0,2026-03-16
703264,136523,Mortgage,258473,11.77,30,Paid Off,0,2024-09-26
703265,108578,Personal Loan,10715,7.96,5,Paid Off,0,2024-05-04
703266,142513,Mortgage,404442,5.25,30,Active,0,2023-09-10
703267,108020,Personal Loan,18148,3.55,3,Active,0,2025-06-07
703268,147344,Auto Loan,22240,11.88,6,Active,0,2026-06-26
703269,139100,Auto Loan,56905,9.25,5,Paid Off,0,2021-08-05
703270,138366,Business Loan,121083,6.56,10,Paid Off,0,2024-10-22
703271,101012,Auto Loan,40155,5.46,5,Active,0,2024-12-09
703272,102247,Personal Loan,21398,6.52,3,Active,0,2025-01-01
703273,121317,Mortgage,336254,5.07,30,Active,0,2022-10-29
703274,144842,Mortgage,310398,6.8,30,Active,0,2024-10-23
703275,133283,Business Loan,98645,3.97,10,Paid Off,0,2026-03-22
703276,137638,Personal Loan,24806,4.18,5,Paid Off,0,2025-10-31
703277,141586,Auto Loan,17613,5.76,6,Paid Off,0,2026-03-13
703278,149128,Personal Loan,14262,5.73,1,Paid Off,0,2023-05-12
703279,148362,Auto Loan,57864,6.09,5,Active,0,2022-02-14
703280,144019,Mortgage,558024,4.77,30,Paid Off,0,2022-04-29
703281,120495,Personal Loan,16610,10.32,3,Paid Off,0,2023-12-18
703282,105567,Auto Loan,18732,4.86,5,Defaulted,1,2021-10-13
703283,111832,Business Loan,64441,7.3,10,Paid Off,0,2022-12-22
703284,138330,Business Loan,28002,5.33,5,Active,0,2023-09-13
703285,132211,Mortgage,553635,3.94,30,Active,0,2025-03-16
703286,125615,Mortgage,440673,4.63,30,Active,0,2021-12-10
703287,144931,Business Loan,132699,4.73,5,Paid Off,0,2024-09-21
703288,100231,Business Loan,115522,10.18,5,Active,0,2024-02-19
703289,138514,Personal Loan,4569,4.19,3,Paid Off,0,2021-12-17
703290,141663,Mortgage,451715,6.57,30,Active,0,2023-12-05
703291,105977,Personal Loan,9268,11.8,5,Active,0,2025-03-25
703292,106648,Business Loan,75171,5.12,10,Active,0,2026-03-10
703293,140879,Mortgage,249906,3.67,30,Paid Off,0,2023-10-22
703294,137518,Personal Loan,17142,3.66,5,Active,0,2024-09-24
703295,117609,Personal Loan,12359,4.31,3,Active,0,2024-12-22
703296,128059,Business Loan,180802,5.79,5,Active,0,2022-07-25
703297,112257,Mortgage,151874,3.81,30,Active,0,2024-10-17
703298,123745,Business Loan,87172,5.76,5,Active,0,2023-10-16
703299,121356,Business Loan,66978,8.4,5,Paid Off,0,2023-10-31
703300,102893,Auto Loan,50697,11.68,5,Paid Off,0,2024-11-05
703301,124414,Personal Loan,7510,6.32,3,Paid Off,0,2021-11-07
703302,114229,Mortgage,153475,6.04,30,Paid Off,0,2022-04-19
703303,123399,Mortgage,416535,5.67,30,Active,0,2022-12-09
703304,102638,Mortgage,597101,5.52,30,Active,0,2023-10-13
703305,147261,Auto Loan,59470,5.94,5,Active,0,2025-06-30
703306,110151,Mortgage,421555,6.71,30,Paid Off,0,2022-10-14
703307,145310,Business Loan,155317,6.59,5,Active,0,2021-12-13
703308,114417,Business Loan,186894,5.19,10,Paid Off,0,2021-07-31
703309,139356,Business Loan,138842,5.06,5,Active,0,2022-06-08
703310,130250,Personal Loan,4808,4.23,5,Defaulted,1,2022-01-07
703311,128592,Business Loan,125326,6.54,10,Active,0,2026-05-02
703312,148388,Mortgage,425963,9.12,30,Active,0,2024-03-11
703313,121210,Mortgage,512975,3.98,30,Paid Off,0,2022-08-15
703314,142732,Personal Loan,5253,6.64,5,Active,0,2023-10-11
703315,110970,Personal Loan,7678,10.24,5,Paid Off,0,2022-10-08
703316,131537,Personal Loan,10422,3.71,5,Paid Off,0,2026-01-11
703317,126533,Business Loan,129965,10.09,10,Paid Off,0,2022-05-10
703318,129311,Auto Loan,53708,6.76,6,Paid Off,0,2025-05-31
703319,136835,Personal Loan,20113,5.58,5,Active,0,2022-03-09
703320,105931,Mortgage,408325,6.09,30,Active,0,2021-08-16
703321,103804,Business Loan,127026,7.56,10,Active,0,2026-06-17
703322,130202,Auto Loan,50873,6.6,6,Paid Off,0,2023-08-24
703323,133211,Auto Loan,31815,6.06,6,Active,0,2023-04-08
703324,148169,Personal Loan,15445,9.23,5,Paid Off,0,2021-12-07
703325,102980,Auto Loan,25301,6.47,5,Paid Off,0,2024-10-27
703326,116785,Mortgage,304082,9.54,30,Active,0,2025-10-26
703327,125497,Business Loan,122603,5.37,10,Active,0,2023-10-02
703328,103737,Auto Loan,30697,11.5,6,Defaulted,1,2022-05-21
703329,131466,Auto Loan,40453,5.48,6,Active,0,2024-09-05
703330,121680,Personal Loan,8743,10.51,3,Paid Off,0,2022-11-25
703331,147029,Business Loan,115286,5.2,5,Paid Off,0,2025-05-27
703332,120992,Personal Loan,14775,6.24,3,Paid Off,0,2026-02-13
703333,123409,Personal Loan,14927,9.69,1,Defaulted,1,2021-10-31
703334,104377,Auto Loan,30928,11.55,3,Active,0,2023-07-17
703335,124847,Personal Loan,9156,6.59,3,Active,0,2025-04-02
703336,145655,Auto Loan,27331,3.76,3,Paid Off,0,2021-11-15
703337,142860,Mortgage,364584,5.64,30,Paid Off,0,2024-06-07
703338,143941,Mortgage,338971,6.51,30,Active,0,2023-10-09
703339,103095,Auto Loan,40906,3.73,5,Active,0,2024-01-27
703340,136267,Mortgage,243321,6.6,30,Active,0,2022-02-18
703341,114277,Business Loan,100642,3.9,10,Active,0,2026-02-21
703342,111591,Auto Loan,34265,6.29,6,Active,0,2022-08-11
703343,144475,Mortgage,353653,5.81,30,Paid Off,0,2024-08-18
703344,146565,Mortgage,151073,5.24,30,Active,0,2024-10-31
703345,143710,Business Loan,53189,9.68,10,Paid Off,0,2026-02-02
703346,138691,Mortgage,195191,5.95,30,Paid Off,0,2022-01-25
703347,127024,Auto Loan,23318,4.51,3,Active,0,2025-03-18
703348,138844,Personal Loan,5418,3.74,1,Active,0,2022-09-30
703349,130141,Mortgage,458193,8.05,30,Paid Off,0,2025-10-03
703350,108394,Mortgage,341767,5.11,30,Paid Off,0,2025-01-21
703351,104605,Business Loan,35647,11.17,10,Active,0,2023-01-14
703352,133051,Auto Loan,53070,3.67,3,Paid Off,0,2023-05-25
703353,135009,Business Loan,91723,4.75,10,Active,0,2024-03-11
703354,116695,Mortgage,449843,6.14,30,Active,0,2023-02-27
703355,124587,Personal Loan,19922,6.75,5,Defaulted,1,2021-09-26
703356,118983,Business Loan,40248,6.91,10,Active,0,2026-01-20
703357,105715,Auto Loan,45150,6.11,5,Paid Off,0,2026-01-04
703358,134075,Business Loan,33286,7.42,5,Active,0,2022-01-30
703359,141051,Auto Loan,57712,4.78,6,Active,0,2026-07-02
703360,122739,Mortgage,538934,4.05,30,Active,0,2024-08-13
703361,132476,Personal Loan,17958,4.81,1,Active,0,2021-12-08
703362,142198,Auto Loan,55321,4.2,6,Active,0,2024-08-06
703363,123865,Mortgage,247741,7.35,30,Defaulted,1,2023-12-21
703364,148815,Business Loan,135504,7.25,10,Active,0,2025-04-12
703365,142084,Personal Loan,20157,11.3,3,Active,0,2022-09-28
703366,101876,Business Loan,205006,6.82,5,Active,0,2022-02-11
703367,107789,Personal Loan,24809,5.72,3,Active,0,2022-10-03
703368,104305,Auto Loan,43570,6.73,5,Defaulted,1,2024-05-12
703369,100625,Auto Loan,59979,9.65,5,Paid Off,0,2022-09-10
703370,139755,Business Loan,129082,4.65,10,Active,0,2023-08-12
703371,115000,Business Loan,230674,5.44,5,Active,0,2021-09-19
703372,115644,Auto Loan,45426,6.2,5,Paid Off,0,2021-07-27
703373,130602,Mortgage,485637,10.14,30,Active,0,2025-02-17
703374,129897,Personal Loan,5024,10.33,3,Paid Off,0,2021-07-17
703375,134419,Personal Loan,3080,5.72,5,Paid Off,0,2025-03-01
703376,141100,Auto Loan,42490,6.74,3,Paid Off,0,2024-02-23
703377,114032,Auto Loan,46104,6.07,5,Active,0,2024-10-20
703378,119140,Auto Loan,48777,11.6,3,Active,0,2023-04-21
703379,135630,Auto Loan,22536,6.91,3,Active,0,2022-01-05
703380,148654,Auto Loan,42429,3.55,6,Paid Off,0,2022-08-16
703381,135022,Auto Loan,51857,6.02,3,Paid Off,0,2021-09-25
703382,146126,Business Loan,104981,6.22,10,Paid Off,0,2022-07-16
703383,105610,Mortgage,300675,5.35,30,Active,0,2021-07-28
703384,139231,Business Loan,87497,4.68,10,Paid Off,0,2023-02-02
703385,110644,Business Loan,104772,5.86,10,Active,0,2023-05-17
703386,149988,Auto Loan,10017,4.76,6,Paid Off,0,2022-11-12
703387,119371,Auto Loan,52396,10.32,6,Active,0,2021-11-20
703388,135075,Mortgage,363971,3.8,30,Active,0,2021-12-24
703389,145171,Business Loan,246163,6.15,10,Active,0,2022-05-29
703390,104384,Auto Loan,44387,6.14,5,Paid Off,0,2022-02-12
703391,114458,Mortgage,236489,3.8,30,Paid Off,0,2023-06-14
703392,116476,Auto Loan,22568,6.74,5,Active,0,2025-01-05
703393,112761,Personal Loan,1534,4.35,5,Paid Off,0,2024-12-07
703394,124554,Personal Loan,10214,5.96,5,Active,0,2025-02-13
703395,120453,Personal Loan,1039,5.66,5,Paid Off,0,2023-12-18
703396,100480,Personal Loan,3794,6.1,3,Paid Off,0,2024-04-25
703397,137868,Business Loan,75334,6.45,5,Paid Off,0,2021-11-11
703398,142001,Auto Loan,52703,5.95,6,Paid Off,0,2026-03-06
703399,142703,Personal Loan,6050,6.68,1,Active,0,2024-12-22
703400,138465,Mortgage,517446,8.88,30,Paid Off,0,2022-09-08
703401,112980,Mortgage,566188,4.0,30,Paid Off,0,2024-10-16
703402,109733,Business Loan,76611,6.71,5,Defaulted,1,2023-04-19
703403,126182,Mortgage,574023,9.26,30,Paid Off,0,2024-04-17
703404,128680,Business Loan,120056,5.95,10,Paid Off,0,2022-11-11
703405,115189,Mortgage,590021,6.35,30,Paid Off,0,2022-05-03
703406,145946,Personal Loan,21760,4.5,3,Paid Off,0,2024-12-31
703407,136079,Personal Loan,4640,5.91,5,Active,0,2025-01-24
703408,131255,Mortgage,347526,6.38,30,Active,0,2025-06-28
703409,147126,Auto Loan,10140,7.81,6,Paid Off,0,2024-01-16
703410,126492,Business Loan,33863,6.77,10,Active,0,2024-09-04
703411,147922,Personal Loan,2926,10.88,5,Paid Off,0,2021-09-03
703412,107327,Auto Loan,24997,5.44,3,Paid Off,0,2025-03-16
703413,100273,Mortgage,589082,5.04,30,Active,0,2022-06-01
703414,129650,Mortgage,237375,11.13,30,Paid Off,0,2022-12-24
703415,132906,Personal Loan,19456,5.73,5,Active,0,2026-03-14
703416,115039,Mortgage,195121,10.76,30,Paid Off,0,2023-08-07
703417,123848,Mortgage,472600,6.43,30,Active,0,2026-05-17
703418,132853,Business Loan,204758,11.33,10,Paid Off,0,2024-12-25
703419,115108,Business Loan,163311,4.19,10,Active,0,2024-09-24
703420,116159,Auto Loan,47139,3.92,3,Active,0,2026-01-13
703421,142474,Business Loan,168670,7.91,10,Paid Off,0,2023-04-07
703422,102174,Business Loan,179260,5.17,5,Paid Off,0,2023-01-06
703423,143098,Business Loan,140623,6.22,10,Active,0,2026-03-17
703424,126677,Auto Loan,13296,9.02,6,Active,0,2021-10-14
703425,120124,Business Loan,224792,11.34,5,Paid Off,0,2023-10-24
703426,146574,Mortgage,247617,6.49,30,Paid Off,0,2024-01-23
703427,138341,Personal Loan,5438,11.89,5,Paid Off,0,2024-05-23
703428,131063,Mortgage,203026,4.8,30,Active,0,2022-09-17
703429,104351,Auto Loan,46088,4.13,6,Paid Off,0,2023-12-14
703430,115298,Business Loan,55052,4.72,10,Paid Off,0,2023-09-20
703431,100758,Personal Loan,23870,5.48,5,Active,0,2024-06-16
703432,125812,Business Loan,230955,9.24,10,Paid Off,0,2023-12-22
703433,123972,Mortgage,454926,4.22,30,Active,0,2022-02-15
703434,122140,Mortgage,269659,9.07,30,Paid Off,0,2021-12-03
703435,107514,Mortgage,300045,5.34,30,Active,0,2023-09-12
703436,101818,Mortgage,594843,11.26,30,Active,0,2025-04-08
703437,113819,Business Loan,128591,4.22,10,Active,0,2023-05-13
703438,146525,Mortgage,318420,6.07,30,Active,0,2023-07-14
703439,142047,Personal Loan,7549,9.0,1,Active,0,2025-08-15
703440,127011,Business Loan,208438,6.69,10,Paid Off,0,2025-01-02
703441,147047,Personal Loan,19934,4.63,3,Active,0,2023-07-16
703442,114363,Personal Loan,20360,5.38,3,Active,0,2022-06-02
703443,113904,Auto Loan,12017,5.72,6,Paid Off,0,2021-10-17
703444,136895,Business Loan,186869,6.79,10,Active,0,2024-08-21
703445,138797,Mortgage,393489,9.22,30,Active,0,2025-05-10
703446,144981,Mortgage,316204,5.52,30,Active,0,2025-01-25
703447,132836,Mortgage,410185,5.49,30,Paid Off,0,2025-06-19
703448,144958,Personal Loan,20185,8.75,1,Active,0,2022-01-23
703449,129502,Auto Loan,21455,11.61,5,Paid Off,0,2025-11-25
703450,134118,Personal Loan,3650,9.11,1,Paid Off,0,2022-03-13
703451,125430,Auto Loan,42205,5.78,6,Active,0,2021-11-26
703452,125376,Business Loan,92419,4.63,5,Paid Off,0,2024-08-03
703453,148786,Personal Loan,11967,8.1,3,Paid Off,0,2021-10-01
703454,140184,Auto Loan,38861,6.35,6,Active,0,2023-12-01
703455,117593,Auto Loan,47245,3.83,3,Paid Off,0,2025-11-02
703456,122678,Mortgage,591870,5.86,30,Paid Off,0,2025-09-10
703457,115239,Personal Loan,6602,4.18,1,Active,0,2023-02-24
703458,108404,Mortgage,358152,4.28,30,Paid Off,0,2025-12-26
703459,111396,Auto Loan,28389,5.11,6,Active,0,2022-03-29
703460,138654,Auto Loan,58995,6.75,6,Paid Off,0,2023-01-21
703461,120500,Mortgage,478580,6.23,30,Active,0,2022-11-13
703462,117066,Personal Loan,9162,5.21,1,Active,0,2021-08-04
703463,148545,Business Loan,39565,7.7,10,Active,0,2023-05-20
703464,107801,Business Loan,174058,6.83,5,Active,0,2024-09-04
703465,144527,Business Loan,244778,10.32,5,Active,0,2023-12-25
703466,146621,Auto Loan,27977,5.64,6,Paid Off,0,2024-06-12
703467,112230,Auto Loan,10902,7.11,3,Paid Off,0,2022-12-01
703468,126506,Auto Loan,55898,6.62,6,Paid Off,0,2026-04-12
703469,140432,Auto Loan,15536,6.63,3,Paid Off,0,2022-06-05
703470,141026,Mortgage,203011,3.93,30,Paid Off,0,2026-07-14
703471,105266,Auto Loan,21124,5.16,6,Paid Off,0,2023-07-10
703472,135759,Personal Loan,24788,4.63,3,Active,0,2022-09-17
703473,143567,Auto Loan,32437,6.68,5,Paid Off,0,2023-09-15
703474,100351,Business Loan,189819,9.51,5,Paid Off,0,2023-03-30
703475,105011,Business Loan,32712,8.49,5,Active,0,2022-09-07
703476,106576,Business Loan,187817,7.61,10,Active,0,2022-08-06
703477,103222,Business Loan,143546,6.08,10,Paid Off,0,2022-10-29
703478,101576,Business Loan,159369,9.77,10,Paid Off,0,2026-01-07
703479,103661,Personal Loan,9525,3.79,1,Active,0,2025-03-06
703480,115044,Mortgage,294366,4.19,30,Active,0,2022-03-17
703481,116234,Business Loan,216558,9.59,5,Paid Off,0,2023-08-26
703482,140296,Personal Loan,4595,4.54,1,Active,0,2021-12-15
703483,117546,Personal Loan,16745,5.6,5,Active,0,2025-02-17
703484,122882,Mortgage,234319,6.98,30,Active,0,2023-02-03
703485,103539,Auto Loan,31457,9.29,6,Paid Off,0,2025-09-14
703486,111042,Business Loan,233319,5.46,5,Paid Off,0,2023-01-26
703487,121163,Auto Loan,17912,6.38,3,Active,0,2022-10-26
703488,110824,Personal Loan,24223,6.54,3,Paid Off,0,2026-04-15
703489,126491,Mortgage,508159,9.01,30,Paid Off,0,2024-08-25
703490,113586,Mortgage,534535,7.65,30,Active,0,2026-06-11
703491,131849,Auto Loan,40642,6.88,5,Paid Off,0,2022-01-27
703492,118124,Business Loan,117624,5.72,5,Active,0,2026-06-16
703493,103604,Business Loan,125646,6.57,5,Paid Off,0,2023-12-16
703494,144359,Auto Loan,18531,7.81,3,Defaulted,1,2024-12-28
703495,125608,Personal Loan,3773,3.81,5,Paid Off,0,2021-09-27
703496,135065,Business Loan,177789,6.55,5,Active,0,2022-06-01
703497,138938,Auto Loan,28005,6.94,3,Active,0,2024-03-20
703498,113486,Auto Loan,11746,6.64,3,Active,0,2024-01-17
703499,149620,Personal Loan,16381,10.21,5,Paid Off,0,2026-03-05
703500,114748,Business Loan,168253,3.81,5,Active,0,2023-09-09
703501,141951,Mortgage,532363,6.39,30,Active,0,2025-03-04
703502,137350,Auto Loan,17745,7.58,6,Paid Off,0,2021-10-19
703503,139608,Mortgage,477128,6.88,30,Paid Off,0,2024-04-11
703504,135202,Personal Loan,24874,10.8,1,Paid Off,0,2026-05-19
703505,140378,Mortgage,202681,11.54,30,Active,0,2023-12-06
703506,146314,Business Loan,191986,5.37,5,Defaulted,1,2022-03-09
703507,138373,Personal Loan,7611,11.78,1,Paid Off,0,2024-12-31
703508,126978,Business Loan,61311,6.65,5,Paid Off,0,2023-10-04
703509,133252,Business Loan,28882,5.23,10,Active,0,2023-10-21
703510,141289,Business Loan,117354,11.14,10,Active,0,2024-08-20
703511,144003,Business Loan,98548,7.61,5,Active,0,2024-06-15
703512,135415,Business Loan,160038,11.74,10,Active,0,2024-09-12
703513,132840,Business Loan,52082,7.63,10,Paid Off,0,2025-11-18
703514,106965,Auto Loan,39048,4.6,6,Active,0,2024-01-10
703515,139300,Auto Loan,14875,10.79,3,Paid Off,0,2022-05-31
703516,130103,Mortgage,450799,6.4,30,Active,0,2022-12-18
703517,106788,Personal Loan,22667,6.8,5,Paid Off,0,2025-08-14
703518,129666,Personal Loan,14039,6.47,1,Paid Off,0,2026-01-23
703519,135220,Business Loan,70830,7.2,10,Active,0,2022-03-19
703520,118593,Business Loan,92634,4.54,10,Active,0,2024-03-13
703521,135448,Business Loan,229345,10.9,5,Active,0,2025-02-01
703522,106995,Personal Loan,8040,5.03,5,Paid Off,0,2022-10-25
703523,109165,Business Loan,140476,3.73,5,Active,0,2023-06-19
703524,109189,Mortgage,258434,7.49,30,Paid Off,0,2023-10-24
703525,136615,Mortgage,566968,5.39,30,Paid Off,0,2023-11-02
703526,143158,Business Loan,176678,4.0,5,Defaulted,1,2024-04-24
703527,116780,Auto Loan,15104,6.1,6,Active,0,2026-02-15
703528,113671,Business Loan,199921,10.42,10,Paid Off,0,2024-04-04
703529,149473,Personal Loan,14134,7.3,5,Paid Off,0,2023-12-13
703530,117419,Auto Loan,20569,5.47,5,Active,0,2022-12-16
703531,105034,Mortgage,555996,6.66,30,Paid Off,0,2021-11-18
703532,102902,Mortgage,306828,3.93,30,Active,0,2021-09-12
703533,111476,Auto Loan,36253,7.66,5,Paid Off,0,2023-11-02
703534,102434,Personal Loan,20445,3.88,3,Paid Off,0,2025-10-19
703535,136500,Personal Loan,15425,6.03,5,Active,0,2025-12-12
703536,101853,Business Loan,106242,7.55,10,Paid Off,0,2024-11-02
703537,119473,Auto Loan,29653,4.88,6,Paid Off,0,2024-05-11
703538,130045,Personal Loan,9140,5.45,1,Paid Off,0,2023-11-13
703539,137817,Mortgage,360609,9.09,30,Paid Off,0,2023-12-06
703540,103829,Mortgage,386516,5.32,30,Active,0,2022-09-09
703541,127074,Personal Loan,19793,4.22,3,Paid Off,0,2024-02-12
703542,121051,Mortgage,214730,5.7,30,Paid Off,0,2022-07-11
703543,134499,Personal Loan,9616,6.41,1,Paid Off,0,2025-10-17
703544,100558,Mortgage,258008,3.69,30,Paid Off,0,2021-08-04
703545,126895,Mortgage,486368,6.13,30,Paid Off,0,2022-09-11
703546,139389,Personal Loan,14487,5.51,3,Paid Off,0,2022-05-06
703547,111838,Personal Loan,6604,5.21,1,Paid Off,0,2024-05-18
703548,146259,Business Loan,239509,7.94,10,Paid Off,0,2023-05-02
703549,123812,Mortgage,208647,11.65,30,Paid Off,0,2021-07-18
703550,129539,Auto Loan,14774,5.15,6,Paid Off,0,2023-09-30
703551,109666,Personal Loan,1653,3.9,5,Active,0,2025-12-15
703552,121111,Mortgage,232791,11.27,30,Paid Off,0,2024-08-11
703553,112814,Business Loan,177259,5.56,10,Paid Off,0,2025-08-07
703554,140445,Mortgage,404471,5.45,30,Paid Off,0,2025-04-27
703555,108435,Business Loan,169752,5.38,5,Paid Off,0,2026-07-07
703556,109985,Business Loan,152303,5.38,10,Active,0,2023-09-16
703557,112486,Personal Loan,18382,11.35,1,Paid Off,0,2024-11-01
703558,143561,Business Loan,107036,9.98,5,Active,0,2026-02-09
703559,100103,Auto Loan,32486,11.98,6,Paid Off,0,2024-01-28
703560,148961,Business Loan,203367,11.02,10,Paid Off,0,2023-04-19
703561,136813,Personal Loan,13658,6.6,5,Paid Off,0,2023-04-27
703562,126137,Business Loan,176669,6.47,10,Paid Off,0,2022-01-14
703563,133088,Mortgage,289961,6.98,30,Paid Off,0,2026-05-26
703564,116341,Personal Loan,13911,8.36,3,Paid Off,0,2022-06-01
703565,140020,Personal Loan,5580,6.0,5,Paid Off,0,2023-12-31
703566,139721,Business Loan,134649,5.88,5,Active,0,2026-04-06
703567,114597,Auto Loan,14136,6.49,3,Active,0,2022-04-22
703568,101480,Auto Loan,54193,10.46,5,Active,0,2021-12-30
703569,116690,Personal Loan,13493,4.03,3,Active,0,2024-06-08
703570,119635,Auto Loan,36370,3.82,5,Active,0,2025-02-13
703571,103792,Business Loan,117139,4.92,10,Active,0,2023-04-09
703572,104980,Business Loan,130533,8.97,5,Paid Off,0,2025-07-24
703573,119666,Auto Loan,11963,11.15,6,Defaulted,1,2022-02-17
703574,124640,Personal Loan,15803,7.95,1,Active,0,2023-05-02
703575,107503,Auto Loan,39772,5.64,6,Active,0,2022-08-15
703576,112575,Personal Loan,12479,7.84,5,Active,0,2026-04-16
703577,107122,Mortgage,407561,6.05,30,Paid Off,0,2025-07-24
703578,138789,Mortgage,429510,6.82,30,Paid Off,0,2022-01-13
703579,101866,Personal Loan,19947,3.67,3,Active,0,2022-01-09
703580,113203,Business Loan,87306,6.34,5,Paid Off,0,2022-12-28
703581,124081,Auto Loan,40744,5.41,3,Paid Off,0,2022-09-29
703582,133384,Business Loan,144403,5.7,10,Paid Off,0,2024-11-06
703583,100848,Business Loan,159685,5.39,10,Active,0,2025-03-22
703584,114049,Business Loan,150295,4.37,5,Active,0,2022-09-19
703585,147307,Personal Loan,10673,3.89,5,Paid Off,0,2022-11-15
703586,145633,Personal Loan,7715,5.17,1,Paid Off,0,2022-05-02
703587,108658,Personal Loan,21327,11.28,1,Active,0,2024-01-28
703588,107515,Personal Loan,17773,6.48,3,Paid Off,0,2024-12-22
703589,100702,Personal Loan,24410,5.34,3,Active,0,2026-01-20
703590,131986,Auto Loan,31929,10.41,6,Active,0,2022-08-19
703591,128487,Personal Loan,19045,10.07,5,Paid Off,0,2024-03-11
703592,147471,Mortgage,444265,6.39,30,Paid Off,0,2022-01-01
703593,142184,Personal Loan,13046,6.41,3,Active,0,2023-01-24
703594,125604,Business Loan,82236,11.53,10,Defaulted,1,2021-09-11
703595,135674,Business Loan,182093,5.43,10,Active,0,2025-02-16
703596,104669,Auto Loan,16730,9.64,5,Active,0,2026-07-13
703597,128048,Business Loan,158641,9.32,10,Paid Off,0,2024-06-08
703598,135032,Mortgage,196363,5.29,30,Paid Off,0,2023-07-09
703599,118239,Mortgage,584093,4.04,30,Active,0,2026-03-27
703600,126403,Business Loan,218549,11.32,5,Paid Off,0,2025-02-11
703601,111208,Personal Loan,2614,5.67,1,Active,0,2025-07-07
703602,131333,Mortgage,291377,4.42,30,Active,0,2021-09-10
703603,143185,Personal Loan,15991,6.61,1,Defaulted,1,2024-01-26
703604,148346,Personal Loan,2818,4.89,3,Paid Off,0,2026-01-26
703605,100776,Business Loan,64713,5.16,5,Paid Off,0,2023-02-15
703606,120771,Business Loan,116225,4.14,5,Active,0,2022-11-18
703607,133264,Mortgage,497846,6.12,30,Paid Off,0,2025-03-06
703608,119214,Personal Loan,13935,6.63,3,Paid Off,0,2023-09-09
703609,111797,Personal Loan,24782,3.51,5,Active,0,2025-05-24
703610,108665,Mortgage,278630,11.96,30,Paid Off,0,2022-05-27
703611,115013,Business Loan,30808,5.63,10,Paid Off,0,2022-12-27
703612,114224,Business Loan,115148,11.1,5,Paid Off,0,2024-07-12
703613,112868,Business Loan,212484,6.18,10,Active,0,2022-12-25
703614,115045,Mortgage,261908,3.51,30,Paid Off,0,2023-02-20
703615,107836,Auto Loan,46442,7.76,6,Paid Off,0,2021-07-21
703616,116089,Personal Loan,21127,4.94,3,Paid Off,0,2026-06-19
703617,148552,Auto Loan,32190,10.94,3,Paid Off,0,2026-05-13
703618,106100,Mortgage,457094,5.43,30,Paid Off,0,2023-06-08
703619,102055,Auto Loan,42595,6.67,6,Active,0,2022-04-20
703620,100745,Personal Loan,16920,3.74,1,Active,0,2024-02-01
703621,113236,Business Loan,185856,6.46,5,Active,0,2023-01-13
703622,113197,Auto Loan,20681,4.56,3,Paid Off,0,2021-11-21
703623,149957,Business Loan,50843,4.6,10,Paid Off,0,2022-07-09
703624,120628,Auto Loan,18148,4.65,5,Paid Off,0,2025-01-30
703625,102851,Auto Loan,56158,10.69,5,Active,0,2023-05-15
703626,139857,Personal Loan,16016,6.88,3,Active,0,2023-10-12
703627,120164,Mortgage,320882,5.01,30,Defaulted,1,2026-05-23
703628,119150,Auto Loan,17953,6.35,5,Paid Off,0,2022-06-06
703629,146519,Personal Loan,4426,8.33,1,Paid Off,0,2021-11-07
703630,110746,Business Loan,182254,5.53,10,Active,0,2026-03-31
703631,128150,Mortgage,522381,7.05,30,Paid Off,0,2023-08-12
703632,103036,Mortgage,539441,4.69,30,Active,0,2026-02-17
703633,107460,Mortgage,196052,4.31,30,Active,0,2026-04-24
703634,124113,Personal Loan,11438,6.4,1,Active,0,2024-07-14
703635,122642,Mortgage,240058,6.76,30,Defaulted,1,2025-05-21
703636,101682,Business Loan,162039,6.22,10,Active,0,2023-12-12
703637,104877,Auto Loan,48020,4.16,5,Paid Off,0,2025-05-21
703638,113723,Auto Loan,13765,9.89,5,Active,0,2023-04-05
703639,110901,Business Loan,137783,5.12,5,Active,0,2024-08-15
703640,149635,Business Loan,200398,6.12,10,Active,0,2022-10-06
703641,121739,Business Loan,80592,9.64,5,Paid Off,0,2024-08-19
703642,105428,Auto Loan,33922,11.93,5,Paid Off,0,2022-04-08
703643,115888,Mortgage,536318,5.89,30,Paid Off,0,2026-04-15
703644,129364,Personal Loan,17345,11.72,5,Paid Off,0,2023-06-16
703645,136449,Business Loan,221127,4.97,5,Paid Off,0,2025-05-09
703646,141757,Personal Loan,7713,4.44,5,Active,0,2024-08-29
703647,107982,Mortgage,397064,6.3,30,Paid Off,0,2025-08-09
703648,108180,Business Loan,220581,7.95,5,Active,0,2026-01-29
703649,123316,Mortgage,178827,3.9,30,Paid Off,0,2023-05-16
703650,125891,Personal Loan,10169,3.64,3,Active,0,2025-01-31
703651,120489,Business Loan,118160,6.46,5,Active,0,2024-10-26
703652,109606,Personal Loan,10867,5.67,5,Active,0,2023-01-28
703653,131687,Business Loan,78224,10.97,5,Defaulted,1,2025-10-31
703654,120973,Auto Loan,49333,4.33,6,Paid Off,0,2026-06-17
703655,114960,Personal Loan,12130,8.1,3,Paid Off,0,2022-03-23
703656,104831,Personal Loan,14957,4.24,1,Paid Off,0,2024-10-29
703657,115880,Mortgage,281514,6.7,30,Active,0,2022-05-07
703658,114261,Personal Loan,18921,9.76,1,Active,0,2022-04-27
703659,134197,Business Loan,146013,10.5,5,Active,0,2025-04-18
703660,101000,Personal Loan,22247,6.24,1,Defaulted,1,2024-03-25
703661,113114,Mortgage,598892,11.55,30,Active,0,2025-01-18
703662,118872,Mortgage,570944,8.57,30,Active,0,2026-03-09
703663,130970,Business Loan,94064,4.1,10,Active,0,2022-09-11
703664,103986,Business Loan,109757,5.89,5,Active,0,2025-12-13
703665,112789,Business Loan,151934,5.33,5,Paid Off,0,2024-03-29
703666,135642,Personal Loan,5674,3.9,5,Active,0,2024-10-12
703667,113695,Personal Loan,13237,5.78,5,Paid Off,0,2024-12-13
703668,113475,Business Loan,248400,6.47,5,Active,0,2023-09-05
703669,111749,Auto Loan,36443,5.62,5,Active,0,2024-08-15
703670,110592,Auto Loan,57103,5.42,6,Paid Off,0,2025-03-13
703671,136535,Personal Loan,7604,11.15,5,Paid Off,0,2022-09-21
703672,119271,Mortgage,294875,4.27,30,Paid Off,0,2021-11-17
703673,140739,Mortgage,577870,3.68,30,Defaulted,1,2022-08-22
703674,145396,Personal Loan,22120,5.06,1,Paid Off,0,2023-07-24
703675,111872,Auto Loan,39873,6.05,3,Paid Off,0,2024-10-15
703676,107478,Auto Loan,33327,5.21,5,Paid Off,0,2024-01-08
703677,121081,Auto Loan,45827,6.82,3,Active,0,2025-10-24
703678,113293,Business Loan,183455,8.94,10,Paid Off,0,2025-03-17
703679,124023,Mortgage,201118,8.94,30,Paid Off,0,2024-11-03
703680,123125,Personal Loan,6176,7.01,1,Paid Off,0,2024-05-12
703681,111660,Business Loan,232618,5.54,5,Active,0,2025-03-08
703682,138198,Personal Loan,16140,10.19,3,Active,0,2025-11-20
703683,106750,Business Loan,242299,4.96,10,Paid Off,0,2022-07-05
703684,148818,Auto Loan,59784,5.02,3,Paid Off,0,2022-03-09
703685,107916,Business Loan,31895,9.65,5,Defaulted,1,2022-12-14
703686,116604,Auto Loan,12743,11.77,3,Paid Off,0,2022-04-13
703687,105367,Business Loan,61222,5.63,5,Paid Off,0,2022-03-31
703688,103444,Business Loan,195749,5.59,10,Active,0,2023-10-23
703689,108569,Personal Loan,12709,10.71,3,Active,0,2023-11-29
703690,108929,Personal Loan,1238,6.19,5,Paid Off,0,2024-02-10
703691,121907,Mortgage,440327,5.57,30,Paid Off,0,2025-06-21
703692,103931,Business Loan,190282,5.12,5,Paid Off,0,2025-04-12
703693,105348,Business Loan,86390,5.67,10,Active,0,2021-08-24
703694,128244,Auto Loan,22015,6.47,5,Active,0,2026-06-10
703695,132604,Mortgage,397663,6.67,30,Paid Off,0,2024-12-22
703696,111535,Auto Loan,42606,5.6,5,Active,0,2024-11-05
703697,117121,Auto Loan,59806,5.92,5,Active,0,2022-03-05
703698,146473,Mortgage,247579,9.09,30,Paid Off,0,2022-12-25
703699,122348,Mortgage,383687,4.38,30,Active,0,2022-04-02
703700,126260,Auto Loan,40866,11.9,3,Active,0,2023-11-19
703701,116135,Auto Loan,37920,4.15,6,Active,0,2025-05-26
703702,110500,Personal Loan,19233,4.73,1,Active,0,2023-03-11
703703,118233,Personal Loan,10386,8.71,1,Paid Off,0,2022-08-26
703704,113295,Business Loan,148154,11.38,5,Active,0,2024-10-02
703705,128714,Auto Loan,42652,5.23,6,Paid Off,0,2025-07-10
703706,127660,Business Loan,30196,10.51,10,Active,0,2026-03-28
703707,113268,Auto Loan,20465,5.58,5,Active,0,2022-07-18
703708,147919,Business Loan,59817,8.62,10,Active,0,2025-02-10
703709,134428,Mortgage,286796,6.58,30,Active,0,2025-06-20
703710,103265,Business Loan,92072,9.73,5,Paid Off,0,2023-09-05
703711,145850,Personal Loan,23000,10.23,3,Paid Off,0,2025-08-18
703712,115004,Personal Loan,3031,10.52,5,Paid Off,0,2022-01-14
703713,122396,Mortgage,546928,9.39,30,Paid Off,0,2023-08-16
703714,134429,Business Loan,208411,6.09,10,Paid Off,0,2024-02-03
703715,124212,Mortgage,209776,7.68,30,Paid Off,0,2023-06-21
703716,144042,Business Loan,164800,5.0,10,Paid Off,0,2025-02-04
703717,106522,Auto Loan,53430,6.04,3,Paid Off,0,2025-02-09
703718,128632,Mortgage,316725,5.55,30,Active,0,2022-09-07
703719,147703,Auto Loan,42952,4.18,3,Active,0,2023-09-27
703720,120211,Mortgage,151501,4.95,30,Defaulted,1,2022-12-24
703721,131722,Personal Loan,1012,3.74,5,Paid Off,0,2023-02-11
703722,104894,Personal Loan,2333,9.44,5,Paid Off,0,2023-04-03
703723,115191,Business Loan,243948,4.02,10,Paid Off,0,2025-02-26
703724,118209,Mortgage,360000,5.04,30,Active,0,2025-03-01
703725,139808,Mortgage,337160,4.5,30,Active,0,2025-09-02
703726,130545,Auto Loan,10706,4.54,6,Paid Off,0,2025-01-04
703727,107667,Auto Loan,41411,5.03,5,Active,0,2025-02-19
703728,128073,Mortgage,499636,3.52,30,Active,0,2025-05-14
703729,134014,Business Loan,60697,5.77,5,Paid Off,0,2022-09-12
703730,131118,Business Loan,172409,4.68,5,Paid Off,0,2023-02-10
703731,100460,Mortgage,186307,5.17,30,Paid Off,0,2023-11-09
703732,128186,Personal Loan,20410,5.25,5,Active,0,2021-10-13
703733,125680,Auto Loan,15901,5.54,5,Paid Off,0,2021-12-23
703734,111680,Personal Loan,1724,9.93,5,Paid Off,0,2022-03-11
703735,112947,Business Loan,90570,10.06,10,Paid Off,0,2023-11-03
703736,114237,Auto Loan,14323,8.87,5,Active,0,2021-09-14
703737,107686,Mortgage,459609,5.08,30,Active,0,2021-12-17
703738,146604,Business Loan,237587,7.64,10,Paid Off,0,2026-03-29
703739,123442,Business Loan,66728,6.76,5,Active,0,2023-03-02
703740,109931,Personal Loan,2282,10.34,5,Active,0,2024-07-13
703741,132938,Auto Loan,36409,4.21,5,Active,0,2022-07-05
703742,128216,Mortgage,194428,5.6,30,Active,0,2021-12-13
703743,108454,Business Loan,48465,5.75,5,Paid Off,0,2025-01-14
703744,105841,Personal Loan,6563,11.01,1,Active,0,2022-03-04
703745,113375,Business Loan,179650,3.93,10,Active,0,2021-08-14
703746,137379,Personal Loan,9092,5.33,3,Paid Off,0,2022-03-06
703747,102135,Business Loan,80010,4.67,10,Active,0,2023-08-28
703748,107817,Business Loan,146316,4.72,10,Active,0,2025-03-30
703749,101377,Mortgage,274585,7.53,30,Paid Off,0,2025-11-09
703750,110175,Personal Loan,12841,7.92,5,Active,0,2021-11-06
703751,104689,Auto Loan,44791,6.2,6,Paid Off,0,2025-09-01
703752,128426,Auto Loan,56157,5.95,6,Paid Off,0,2026-02-06
703753,146127,Personal Loan,17273,10.03,3,Active,0,2022-01-24
703754,120184,Personal Loan,23754,5.09,3,Active,0,2026-04-12
703755,149385,Personal Loan,13748,4.44,3,Paid Off,0,2026-05-09
703756,140577,Personal Loan,17854,6.04,1,Paid Off,0,2025-05-28
703757,111813,Mortgage,419645,4.12,30,Paid Off,0,2021-12-21
703758,127520,Auto Loan,48550,5.22,6,Active,0,2023-01-05
703759,142504,Business Loan,171326,6.15,5,Paid Off,0,2024-12-22
703760,124353,Mortgage,454487,6.95,30,Active,0,2024-06-15
703761,122294,Business Loan,102090,4.01,5,Paid Off,0,2025-09-08
703762,147724,Mortgage,281324,4.31,30,Active,0,2021-07-17
703763,131461,Personal Loan,16509,5.72,3,Active,0,2023-02-15
703764,131869,Personal Loan,23302,6.88,5,Active,0,2021-09-24
703765,139163,Business Loan,84034,8.84,5,Paid Off,0,2021-12-22
703766,147876,Auto Loan,54346,9.14,5,Active,0,2023-12-24
703767,104256,Personal Loan,10473,11.41,3,Paid Off,0,2023-04-07
703768,105187,Personal Loan,21772,6.09,1,Active,0,2026-05-16
703769,129760,Personal Loan,8048,3.83,5,Paid Off,0,2024-10-16
703770,104740,Personal Loan,4726,6.97,1,Active,0,2022-12-30
703771,147835,Business Loan,37656,5.49,5,Active,0,2021-09-21
703772,106013,Business Loan,229291,4.46,5,Paid Off,0,2024-04-02
703773,116055,Mortgage,539957,10.93,30,Paid Off,0,2025-10-05
703774,103700,Business Loan,63996,5.55,10,Active,0,2024-03-26
703775,100216,Personal Loan,2023,9.02,3,Active,0,2025-04-21
703776,140468,Mortgage,285094,4.99,30,Active,0,2025-03-02
703777,123894,Business Loan,134496,4.64,5,Paid Off,0,2023-12-25
703778,130500,Personal Loan,2456,11.5,3,Paid Off,0,2025-05-17
703779,127237,Auto Loan,11040,7.83,6,Active,0,2022-06-20
703780,113883,Auto Loan,24442,10.4,3,Paid Off,0,2025-06-20
703781,121547,Business Loan,74717,6.38,5,Paid Off,0,2023-06-13
703782,122510,Mortgage,502713,6.14,30,Paid Off,0,2022-08-20
703783,111035,Auto Loan,43871,10.07,3,Paid Off,0,2022-02-23
703784,120691,Mortgage,284708,8.86,30,Active,0,2024-11-29
703785,135720,Mortgage,489314,6.43,30,Active,0,2021-08-06
703786,114504,Personal Loan,10774,4.35,5,Paid Off,0,2022-11-07
703787,107893,Personal Loan,16219,6.58,5,Paid Off,0,2025-07-24
703788,127679,Personal Loan,6199,4.53,5,Active,0,2024-11-07
703789,105908,Personal Loan,1543,3.79,5,Active,0,2022-11-07
703790,104504,Mortgage,584104,5.11,30,Paid Off,0,2022-06-10
703791,109086,Auto Loan,46627,6.99,6,Paid Off,0,2024-12-28
703792,102328,Mortgage,216677,4.86,30,Paid Off,0,2022-02-11
703793,144441,Personal Loan,14049,6.69,1,Paid Off,0,2021-11-26
703794,132783,Mortgage,388396,5.37,30,Paid Off,0,2026-06-27
703795,147359,Business Loan,218621,6.22,10,Active,0,2024-05-09
703796,146674,Personal Loan,12842,11.66,5,Active,0,2024-02-05
703797,115854,Business Loan,101460,5.75,10,Active,0,2023-09-20
703798,149479,Mortgage,345425,5.18,30,Paid Off,0,2026-01-06
703799,142204,Personal Loan,10686,4.87,5,Active,0,2023-09-02
703800,112957,Personal Loan,15808,4.34,1,Paid Off,0,2022-03-18
703801,135129,Auto Loan,40795,5.21,3,Paid Off,0,2022-10-03
703802,115146,Auto Loan,21832,3.71,5,Active,0,2023-06-24
703803,131307,Auto Loan,30597,4.07,6,Paid Off,0,2022-09-10
703804,107414,Personal Loan,16911,11.7,5,Paid Off,0,2025-10-01
703805,106308,Business Loan,191201,9.22,10,Active,0,2021-12-10
703806,127367,Business Loan,197915,5.89,5,Active,0,2025-10-29
703807,109846,Personal Loan,22398,5.83,3,Paid Off,0,2023-08-09
703808,113370,Auto Loan,30192,4.38,5,Paid Off,0,2023-10-16
703809,145333,Mortgage,332407,11.3,30,Active,0,2023-02-16
703810,133176,Mortgage,545687,6.82,30,Paid Off,0,2023-12-06
703811,132129,Auto Loan,34762,9.27,5,Active,0,2024-07-09
703812,117212,Personal Loan,1495,6.71,5,Paid Off,0,2022-11-28
703813,124294,Personal Loan,11856,5.76,3,Paid Off,0,2022-10-01
703814,113744,Business Loan,53193,4.76,10,Paid Off,0,2021-12-17
703815,102436,Mortgage,169261,6.77,30,Paid Off,0,2022-04-20
703816,122105,Personal Loan,17158,11.02,5,Paid Off,0,2022-02-09
703817,147785,Personal Loan,19829,6.12,5,Active,0,2022-05-09
703818,134894,Business Loan,150788,3.98,5,Paid Off,0,2022-10-04
703819,120410,Mortgage,484946,6.65,30,Paid Off,0,2026-01-21
703820,132236,Mortgage,202958,3.78,30,Active,0,2024-07-01
703821,130912,Auto Loan,58374,11.23,3,Active,0,2025-03-14
703822,148463,Mortgage,498883,4.74,30,Active,0,2022-06-17
703823,132884,Mortgage,380591,5.34,30,Paid Off,0,2024-06-03
703824,142109,Mortgage,219407,4.25,30,Paid Off,0,2023-11-06
703825,139509,Mortgage,331785,4.89,30,Paid Off,0,2022-12-04
703826,141121,Personal Loan,9801,11.78,3,Active,0,2024-09-11
703827,129710,Auto Loan,55185,5.24,5,Paid Off,0,2026-03-05
703828,133116,Auto Loan,43082,6.93,6,Paid Off,0,2022-12-14
703829,109349,Auto Loan,26751,5.35,6,Paid Off,0,2022-07-17
703830,120840,Personal Loan,1095,4.68,3,Active,0,2025-01-16
703831,140353,Personal Loan,1971,9.82,3,Paid Off,0,2023-06-12
703832,117239,Business Loan,158380,5.43,5,Paid Off,0,2024-02-25
703833,148605,Mortgage,485264,11.93,30,Paid Off,0,2024-02-10
703834,116176,Auto Loan,34512,4.25,6,Paid Off,0,2023-11-11
703835,112831,Auto Loan,33058,5.25,5,Paid Off,0,2025-03-09
703836,138588,Personal Loan,12307,8.1,5,Active,0,2024-08-17
703837,148800,Business Loan,102522,7.02,10,Paid Off,0,2021-09-22
703838,145871,Auto Loan,19044,4.78,3,Defaulted,1,2026-05-24
703839,148921,Mortgage,253359,7.01,30,Active,0,2025-10-28
703840,107200,Mortgage,208901,11.83,30,Active,0,2025-09-26
703841,136989,Personal Loan,23734,3.73,1,Paid Off,0,2022-04-27
703842,145962,Business Loan,176112,6.35,10,Active,0,2021-08-06
703843,100890,Business Loan,150002,9.97,10,Active,0,2026-05-23
703844,148014,Mortgage,165204,6.53,30,Active,0,2023-02-06
703845,107890,Auto Loan,53475,4.01,5,Paid Off,0,2024-07-30
703846,120399,Mortgage,592200,6.36,30,Active,0,2022-02-23
703847,116227,Business Loan,54875,3.72,5,Paid Off,0,2025-11-22
703848,105687,Mortgage,520142,7.72,30,Active,0,2025-06-30
703849,131162,Personal Loan,19571,5.46,5,Paid Off,0,2022-06-03
703850,143028,Personal Loan,13468,6.78,3,Paid Off,0,2022-10-31
703851,148148,Auto Loan,56895,10.07,5,Paid Off,0,2024-09-22
703852,145401,Mortgage,233132,5.92,30,Paid Off,0,2022-10-16
703853,141756,Business Loan,39648,5.33,5,Active,0,2022-10-31
703854,108528,Business Loan,43759,3.86,5,Active,0,2025-03-15
703855,140908,Business Loan,163914,10.73,10,Paid Off,0,2023-02-12
703856,100651,Auto Loan,43014,6.77,5,Active,0,2026-01-02
703857,113906,Auto Loan,31753,10.53,5,Active,0,2025-07-07
703858,123231,Personal Loan,1388,6.28,5,Active,0,2024-11-13
703859,123343,Mortgage,461666,4.76,30,Active,0,2024-12-09
703860,127497,Mortgage,586955,6.19,30,Paid Off,0,2023-08-22
703861,105010,Business Loan,187151,6.82,10,Paid Off,0,2023-05-26
703862,118148,Personal Loan,6256,5.36,5,Paid Off,0,2021-10-30
703863,136687,Personal Loan,2202,5.24,5,Paid Off,0,2026-01-20
703864,128576,Auto Loan,52866,7.45,6,Active,0,2024-11-24
703865,134713,Auto Loan,51017,5.85,3,Paid Off,0,2022-10-23
703866,133391,Personal Loan,14350,4.43,3,Paid Off,0,2023-03-25
703867,149767,Personal Loan,12257,6.72,3,Active,0,2025-01-09
703868,146159,Mortgage,156467,11.72,30,Defaulted,1,2022-09-25
703869,135267,Business Loan,33564,6.35,5,Active,0,2024-09-11
703870,102554,Business Loan,127254,7.15,10,Paid Off,0,2021-11-04
703871,103714,Mortgage,509896,6.89,30,Paid Off,0,2025-11-22
703872,116563,Auto Loan,59290,10.85,6,Paid Off,0,2023-10-30
703873,124880,Mortgage,380701,10.14,30,Defaulted,1,2025-04-28
703874,121279,Auto Loan,30479,9.66,3,Paid Off,0,2024-01-11
703875,138941,Personal Loan,15471,4.51,1,Active,0,2025-10-11
703876,112387,Mortgage,368094,7.02,30,Paid Off,0,2022-09-29
703877,133416,Business Loan,185586,8.09,5,Active,0,2022-08-11
703878,111808,Personal Loan,15112,5.0,3,Paid Off,0,2023-08-06
703879,125953,Auto Loan,25226,3.68,6,Active,0,2026-02-28
703880,119321,Mortgage,249701,5.83,30,Paid Off,0,2021-08-16
703881,143436,Mortgage,216833,11.69,30,Paid Off,0,2023-01-13
703882,126428,Auto Loan,50229,6.57,6,Paid Off,0,2021-10-23
703883,134882,Personal Loan,20465,7.62,3,Paid Off,0,2024-07-27
703884,110009,Auto Loan,39139,9.43,5,Paid Off,0,2024-07-18
703885,127090,Mortgage,559677,6.3,30,Active,0,2024-11-24
703886,109125,Personal Loan,17845,5.36,3,Active,0,2022-04-02
703887,137455,Mortgage,294626,6.29,30,Paid Off,0,2024-08-29
703888,148232,Personal Loan,7944,10.96,3,Active,0,2022-10-30
703889,129213,Auto Loan,39395,8.8,3,Paid Off,0,2024-07-15
703890,108517,Personal Loan,1583,10.72,1,Paid Off,0,2022-04-20
703891,117713,Personal Loan,3990,11.3,5,Active,0,2022-11-17
703892,122946,Business Loan,138862,4.78,10,Active,0,2023-07-16
703893,137538,Business Loan,227831,6.1,5,Active,0,2023-12-13
703894,108274,Mortgage,261451,9.74,30,Paid Off,0,2023-05-10
703895,134448,Mortgage,339079,4.09,30,Paid Off,0,2025-07-15
703896,148376,Personal Loan,15145,6.88,3,Paid Off,0,2022-07-11
703897,149913,Personal Loan,1884,10.85,3,Active,0,2023-04-04
703898,130338,Personal Loan,14217,6.34,1,Active,0,2026-04-08
703899,129618,Mortgage,587603,6.11,30,Active,0,2022-03-01
703900,104826,Auto Loan,12116,4.97,5,Paid Off,0,2025-06-26
703901,132085,Personal Loan,5682,11.48,3,Paid Off,0,2021-11-10
703902,110171,Personal Loan,3713,5.95,3,Paid Off,0,2024-10-07
703903,110783,Mortgage,432577,7.02,30,Active,0,2023-10-06
703904,117690,Mortgage,483415,4.79,30,Active,0,2025-10-05
703905,145904,Personal Loan,11076,3.66,1,Paid Off,0,2025-06-13
703906,139303,Business Loan,246304,7.81,10,Active,0,2025-12-26
703907,133543,Auto Loan,42192,6.06,6,Paid Off,0,2024-05-07
703908,121674,Mortgage,300968,4.51,30,Paid Off,0,2022-07-23
703909,115219,Personal Loan,19885,4.42,3,Defaulted,1,2024-03-25
703910,107511,Personal Loan,19660,6.04,5,Active,0,2021-10-19
703911,119434,Personal Loan,1909,11.37,1,Paid Off,0,2023-12-13
703912,122922,Auto Loan,55584,6.08,5,Active,0,2022-12-31
703913,138109,Mortgage,211081,3.89,30,Active,0,2023-08-03
703914,146998,Auto Loan,15220,8.02,5,Paid Off,0,2023-09-04
703915,140520,Auto Loan,20240,7.48,3,Paid Off,0,2022-08-07
703916,136346,Mortgage,398914,3.95,30,Active,0,2024-05-13
703917,102514,Auto Loan,43190,6.63,3,Active,0,2021-11-11
703918,119718,Business Loan,189033,5.1,5,Paid Off,0,2023-05-18
703919,142953,Mortgage,452287,4.39,30,Active,0,2026-01-13
703920,117141,Business Loan,89814,7.96,5,Active,0,2022-09-17
703921,135991,Mortgage,527602,3.86,30,Active,0,2023-07-11
703922,107677,Auto Loan,13794,8.3,3,Active,0,2024-09-03
703923,108442,Auto Loan,29017,3.91,5,Paid Off,0,2023-11-23
703924,148273,Auto Loan,10528,5.1,6,Paid Off,0,2023-03-19
703925,143493,Auto Loan,26783,5.77,5,Active,0,2024-06-04
703926,148639,Personal Loan,13304,6.96,1,Defaulted,1,2022-03-30
703927,143502,Business Loan,147603,9.36,10,Active,0,2023-10-10
703928,113791,Auto Loan,54826,4.35,3,Active,0,2024-04-01
703929,108617,Auto Loan,38366,5.09,3,Active,0,2021-08-06
703930,104248,Business Loan,79145,4.41,5,Active,0,2023-12-04
703931,121720,Auto Loan,42829,7.91,3,Active,0,2022-04-03
703932,126308,Mortgage,339951,7.15,30,Active,0,2024-04-09
703933,102515,Auto Loan,56404,6.81,5,Active,0,2023-08-22
703934,102726,Personal Loan,24917,11.36,3,Active,0,2025-09-01
703935,149876,Auto Loan,44864,5.64,6,Paid Off,0,2021-12-07
703936,122550,Business Loan,109030,9.42,10,Paid Off,0,2021-09-26
703937,125561,Mortgage,500944,5.2,30,Paid Off,0,2025-06-13
703938,146563,Auto Loan,22025,10.28,6,Paid Off,0,2022-03-28
703939,106585,Business Loan,235187,4.53,5,Paid Off,0,2025-01-06
703940,140732,Auto Loan,33026,11.68,3,Active,0,2025-10-09
703941,124851,Auto Loan,53048,6.06,3,Active,0,2022-07-23
703942,129428,Auto Loan,25880,6.69,6,Active,0,2024-05-28
703943,131803,Business Loan,62222,4.81,5,Active,0,2021-08-07
703944,143730,Business Loan,146609,4.45,5,Paid Off,0,2024-07-03
703945,125704,Personal Loan,17923,4.81,5,Active,0,2023-11-21
703946,130342,Personal Loan,7087,8.63,1,Active,0,2024-12-15
703947,121073,Mortgage,203675,10.58,30,Paid Off,0,2024-04-18
703948,116812,Business Loan,201901,6.95,10,Active,0,2021-10-15
703949,146204,Business Loan,120053,11.4,5,Paid Off,0,2021-07-30
703950,132291,Auto Loan,59757,3.71,3,Paid Off,0,2023-10-05
703951,135505,Business Loan,63924,4.26,10,Paid Off,0,2021-08-12
703952,129983,Auto Loan,52602,3.99,5,Paid Off,0,2021-09-14
703953,135083,Business Loan,233061,4.69,10,Active,0,2026-05-05
703954,114285,Mortgage,292714,8.39,30,Paid Off,0,2021-11-29
703955,131623,Mortgage,180162,5.28,30,Active,0,2024-11-03
703956,137326,Auto Loan,24007,4.64,3,Paid Off,0,2025-02-24
703957,106793,Business Loan,153555,4.94,10,Active,0,2024-03-03
703958,102900,Auto Loan,25316,6.47,6,Active,0,2023-05-12
703959,109743,Personal Loan,6856,5.81,1,Active,0,2023-02-03
703960,115837,Personal Loan,4814,9.87,3,Paid Off,0,2022-08-27
703961,142211,Mortgage,595116,10.26,30,Paid Off,0,2025-09-27
703962,104704,Mortgage,491425,9.96,30,Active,0,2022-08-06
703963,127325,Auto Loan,17935,10.49,3,Paid Off,0,2023-02-03
703964,129519,Mortgage,317908,11.61,30,Paid Off,0,2025-08-14
703965,112524,Mortgage,465947,7.91,30,Paid Off,0,2021-10-03
703966,100936,Business Loan,200550,8.15,5,Paid Off,0,2021-11-02
703967,138817,Auto Loan,24399,6.81,6,Active,0,2023-01-16
703968,140298,Personal Loan,14493,6.58,1,Paid Off,0,2024-07-30
703969,130142,Auto Loan,20478,5.51,3,Paid Off,0,2024-02-16
703970,132193,Mortgage,496491,4.14,30,Paid Off,0,2025-08-21
703971,140974,Business Loan,105050,5.51,5,Paid Off,0,2026-04-01
703972,105748,Mortgage,573577,5.8,30,Defaulted,1,2022-09-17
703973,121048,Business Loan,121398,4.0,5,Active,0,2024-07-09
703974,121973,Mortgage,421335,3.71,30,Paid Off,0,2022-08-16
703975,114554,Auto Loan,17108,7.51,3,Paid Off,0,2022-01-07
703976,120562,Mortgage,557495,11.01,30,Active,0,2023-05-11
703977,148808,Personal Loan,20957,3.71,1,Active,0,2023-11-21
703978,127159,Auto Loan,11767,3.82,3,Paid Off,0,2026-06-03
703979,131827,Business Loan,197932,9.29,10,Paid Off,0,2023-11-18
703980,112622,Business Loan,212791,5.37,5,Paid Off,0,2023-08-23
703981,105921,Business Loan,133722,5.28,10,Paid Off,0,2024-12-31
703982,101720,Personal Loan,11494,4.28,3,Active,0,2022-08-10
703983,100581,Personal Loan,7228,5.68,3,Paid Off,0,2024-06-01
703984,124465,Personal Loan,10477,10.3,3,Active,0,2023-01-21
703985,106143,Mortgage,328127,5.51,30,Paid Off,0,2023-04-11
703986,147120,Auto Loan,35884,9.42,5,Paid Off,0,2021-08-01
703987,112662,Business Loan,95225,10.69,5,Active,0,2022-01-18
703988,106361,Personal Loan,7349,7.01,1,Active,0,2025-07-16
703989,142201,Personal Loan,19390,3.53,5,Defaulted,1,2023-01-29
703990,134561,Auto Loan,21709,4.58,3,Active,0,2024-11-24
703991,129123,Mortgage,305265,4.17,30,Paid Off,0,2025-03-20
703992,120305,Personal Loan,4882,5.59,1,Paid Off,0,2023-03-19
703993,134088,Mortgage,205549,3.61,30,Paid Off,0,2024-10-08
703994,110254,Personal Loan,24332,5.59,5,Paid Off,0,2024-09-30
703995,146735,Mortgage,420137,6.76,30,Paid Off,0,2022-05-28
703996,128681,Auto Loan,47097,8.23,5,Active,0,2022-01-03
703997,146606,Auto Loan,45853,6.21,6,Paid Off,0,2023-10-17
703998,107499,Personal Loan,9106,11.77,5,Paid Off,0,2025-07-27
703999,124975,Personal Loan,7029,6.81,1,Paid Off,0,2024-04-27
704000,116000,Mortgage,521454,6.29,30,Paid Off,0,2022-11-21
704001,140862,Mortgage,169576,6.49,30,Active,0,2025-04-27
704002,123013,Business Loan,157439,10.48,5,Paid Off,0,2022-05-26
704003,100770,Mortgage,294269,4.79,30,Active,0,2024-07-21
704004,104091,Business Loan,63305,5.37,5,Active,0,2026-03-30
704005,147648,Personal Loan,20961,8.99,3,Active,0,2022-06-08
704006,130053,Personal Loan,4450,5.93,1,Paid Off,0,2022-05-29
704007,148858,Personal Loan,9215,5.1,1,Active,0,2022-02-12
704008,119580,Mortgage,204172,9.74,30,Active,0,2025-08-19
704009,130107,Mortgage,367722,4.62,30,Paid Off,0,2024-01-27
704010,142970,Personal Loan,21583,7.31,3,Active,0,2023-06-22
704011,143109,Auto Loan,35852,7.84,6,Paid Off,0,2023-03-30
704012,135980,Mortgage,363213,6.34,30,Active,0,2026-04-18
704013,116313,Business Loan,36229,6.44,10,Active,0,2024-07-02
704014,138042,Business Loan,221606,6.12,5,Paid Off,0,2026-05-13
704015,145022,Mortgage,407811,5.46,30,Active,0,2024-09-01
704016,114356,Mortgage,383802,4.23,30,Active,0,2026-06-17
704017,100297,Business Loan,240331,6.86,10,Paid Off,0,2024-03-29
704018,133784,Mortgage,185612,7.5,30,Active,0,2024-11-12
704019,134173,Auto Loan,50307,5.14,3,Active,0,2021-12-18
704020,123494,Business Loan,168528,10.83,10,Paid Off,0,2024-10-14
704021,143719,Personal Loan,7218,6.38,1,Active,0,2025-02-25
704022,140396,Auto Loan,44972,4.23,5,Paid Off,0,2023-02-17
704023,121600,Personal Loan,7725,3.86,3,Active,0,2026-05-05
704024,112395,Business Loan,118868,11.67,10,Defaulted,1,2021-07-24
704025,134845,Business Loan,172864,4.33,10,Active,0,2021-10-24
704026,113995,Auto Loan,47711,5.84,6,Active,0,2021-08-21
704027,145699,Business Loan,159340,6.17,5,Paid Off,0,2024-02-22
704028,101278,Mortgage,173384,10.88,30,Active,0,2024-01-03
704029,142635,Personal Loan,18137,3.56,1,Active,0,2022-08-17
704030,104724,Auto Loan,49346,11.24,5,Defaulted,1,2024-07-09
704031,132825,Business Loan,231161,6.59,5,Active,0,2023-02-25
704032,126812,Business Loan,178264,3.87,5,Active,0,2021-11-17
704033,120222,Business Loan,100978,6.15,5,Active,0,2024-08-18
704034,142964,Mortgage,183018,5.05,30,Paid Off,0,2025-10-27
704035,127613,Personal Loan,8641,6.73,3,Paid Off,0,2026-04-14
704036,119361,Mortgage,381735,5.58,30,Active,0,2026-06-19
704037,118370,Auto Loan,29777,6.74,3,Paid Off,0,2021-08-16
704038,146231,Auto Loan,19004,6.25,3,Paid Off,0,2024-11-19
704039,145629,Mortgage,481064,3.65,30,Active,0,2024-09-05
704040,137760,Auto Loan,40007,11.35,5,Paid Off,0,2025-12-09
704041,143166,Mortgage,486083,8.97,30,Paid Off,0,2022-09-16
704042,128121,Auto Loan,18571,5.24,6,Paid Off,0,2021-12-28
704043,103308,Mortgage,157570,4.47,30,Active,0,2025-05-18
704044,117681,Personal Loan,11616,5.76,5,Paid Off,0,2022-09-15
704045,129102,Personal Loan,19097,5.79,1,Active,0,2021-08-09
704046,112104,Business Loan,98128,6.2,5,Active,0,2024-08-18
704047,117486,Personal Loan,16150,9.17,3,Active,0,2023-03-09
704048,138603,Business Loan,37790,4.85,10,Active,0,2022-08-03
704049,138485,Business Loan,151168,6.62,5,Active,0,2025-09-18
704050,134691,Mortgage,546705,3.89,30,Active,0,2023-11-20
704051,114061,Personal Loan,9520,5.95,5,Paid Off,0,2025-05-19
704052,131026,Mortgage,479673,4.5,30,Paid Off,0,2023-09-27
704053,109925,Auto Loan,50572,6.72,5,Paid Off,0,2023-08-22
704054,103401,Mortgage,562578,5.59,30,Active,0,2025-11-04
704055,143023,Auto Loan,14818,5.29,3,Paid Off,0,2024-08-03
704056,115296,Business Loan,112709,8.79,10,Active,0,2022-06-24
704057,118674,Auto Loan,15385,8.95,6,Defaulted,1,2025-07-03
704058,147623,Auto Loan,52475,5.28,6,Paid Off,0,2023-04-07
704059,123614,Personal Loan,8908,4.6,1,Paid Off,0,2025-09-05
704060,126362,Personal Loan,16516,10.07,5,Active,0,2022-10-24
704061,137636,Business Loan,54893,7.37,5,Active,0,2024-05-04
704062,130887,Auto Loan,10909,5.5,3,Paid Off,0,2024-09-30
704063,146315,Personal Loan,14978,10.43,5,Active,0,2023-04-02
704064,109381,Auto Loan,49112,7.53,3,Active,0,2023-02-02
704065,122702,Auto Loan,17768,5.31,6,Active,0,2024-10-21
704066,143632,Auto Loan,44576,5.27,6,Active,0,2022-11-14
704067,127561,Business Loan,143082,6.6,5,Paid Off,0,2026-06-21
704068,133624,Mortgage,235163,11.93,30,Active,0,2024-08-27
704069,147596,Mortgage,485675,5.85,30,Paid Off,0,2024-08-21
704070,121935,Auto Loan,19232,4.97,5,Paid Off,0,2022-11-17
704071,118169,Mortgage,313648,6.97,30,Defaulted,1,2025-07-26
704072,129419,Personal Loan,19362,4.01,1,Active,0,2025-03-03
704073,136616,Business Loan,70791,8.11,10,Active,0,2023-05-24
704074,110593,Business Loan,25233,3.59,5,Active,0,2022-08-21
704075,137423,Business Loan,222205,11.76,5,Paid Off,0,2024-12-12
704076,116674,Mortgage,396812,10.81,30,Defaulted,1,2026-03-17
704077,121393,Auto Loan,43070,6.48,3,Paid Off,0,2022-10-17
704078,144422,Auto Loan,56330,6.56,5,Active,0,2023-02-09
704079,106293,Business Loan,232291,5.6,5,Active,0,2026-03-19
704080,137181,Auto Loan,36546,3.94,3,Paid Off,0,2023-04-24
704081,118587,Auto Loan,59074,8.05,6,Active,0,2021-09-09
704082,103425,Auto Loan,12110,6.48,6,Defaulted,1,2022-11-24
704083,103230,Auto Loan,45924,4.78,6,Paid Off,0,2025-07-08
704084,141878,Business Loan,191772,11.01,5,Active,0,2025-10-19
704085,114463,Mortgage,387467,7.42,30,Active,0,2024-09-01
704086,115353,Personal Loan,19291,5.85,1,Active,0,2026-01-24
704087,142730,Mortgage,442432,4.75,30,Paid Off,0,2023-06-16
704088,117786,Mortgage,586151,6.57,30,Paid Off,0,2021-08-17
704089,146330,Business Loan,26212,3.68,5,Active,0,2022-08-04
704090,116392,Mortgage,240639,3.64,30,Active,0,2025-10-10
704091,116852,Mortgage,332531,6.37,30,Active,0,2024-07-29
704092,134834,Business Loan,132932,6.12,5,Paid Off,0,2022-04-21
704093,132529,Business Loan,219727,5.49,10,Paid Off,0,2023-05-08
704094,143523,Personal Loan,3090,4.47,1,Defaulted,1,2023-09-26
704095,141557,Auto Loan,53128,8.25,5,Paid Off,0,2025-05-24
704096,116581,Mortgage,341284,9.23,30,Paid Off,0,2022-11-20
704097,117555,Auto Loan,14068,4.58,5,Active,0,2021-10-07
704098,130229,Personal Loan,22901,5.09,1,Paid Off,0,2026-01-20
704099,104130,Mortgage,371943,6.95,30,Active,0,2021-10-20
704100,138306,Personal Loan,15220,4.39,3,Paid Off,0,2022-01-22
704101,126808,Mortgage,345673,4.46,30,Paid Off,0,2022-01-10
704102,137061,Mortgage,597954,5.91,30,Paid Off,0,2024-11-13
704103,117362,Business Loan,113059,5.4,10,Paid Off,0,2025-11-10
704104,148397,Business Loan,248441,4.89,5,Active,0,2023-01-03
704105,101077,Personal Loan,12749,4.93,1,Active,0,2024-02-23
704106,147206,Business Loan,154886,6.73,10,Paid Off,0,2022-11-09
704107,141033,Business Loan,80872,6.49,10,Paid Off,0,2024-02-18
704108,105501,Business Loan,209439,10.26,5,Active,0,2025-09-09
704109,104413,Business Loan,235287,11.25,10,Active,0,2023-08-08
704110,123802,Mortgage,503848,5.97,30,Paid Off,0,2022-10-24
704111,134528,Personal Loan,21078,4.02,3,Active,0,2023-04-29
704112,121244,Business Loan,70784,6.74,10,Active,0,2021-08-09
704113,103000,Mortgage,503117,6.13,30,Active,0,2022-02-05
704114,139703,Business Loan,97300,6.37,10,Paid Off,0,2022-11-01
704115,147444,Business Loan,183747,3.99,10,Paid Off,0,2022-03-21
704116,104759,Personal Loan,18109,11.0,3,Paid Off,0,2023-03-27
704117,149276,Auto Loan,41393,11.7,3,Active,0,2024-09-05
704118,144282,Business Loan,119701,6.15,5,Defaulted,1,2025-04-28
704119,116539,Mortgage,419821,9.44,30,Active,0,2025-11-06
704120,143800,Business Loan,103739,10.55,10,Paid Off,0,2024-11-14
704121,125151,Auto Loan,24972,3.51,6,Active,0,2025-09-23
704122,108322,Mortgage,226635,8.1,30,Active,0,2023-10-20
704123,138150,Personal Loan,6998,5.85,3,Active,0,2025-11-27
704124,147904,Personal Loan,18947,6.16,1,Paid Off,0,2024-02-02
704125,114946,Personal Loan,21640,6.24,3,Paid Off,0,2024-09-03
704126,148620,Business Loan,166773,5.34,5,Active,0,2026-03-13
704127,143422,Mortgage,562481,8.49,30,Active,0,2022-02-01
704128,109468,Personal Loan,15072,3.71,5,Paid Off,0,2021-09-05
704129,105308,Personal Loan,12804,4.52,1,Active,0,2022-04-22
704130,124988,Personal Loan,1386,11.86,3,Paid Off,0,2025-01-16
704131,134482,Business Loan,138169,5.43,5,Active,0,2026-05-28
704132,131680,Auto Loan,54404,3.9,3,Paid Off,0,2021-12-09
704133,104475,Mortgage,469359,8.13,30,Active,0,2024-12-19
704134,123090,Personal Loan,13700,7.43,1,Active,0,2022-12-07
704135,112261,Auto Loan,46170,7.17,5,Defaulted,1,2022-02-24
704136,102417,Business Loan,48501,9.43,5,Active,0,2025-08-03
704137,110214,Auto Loan,50272,7.52,6,Paid Off,0,2022-08-07
704138,142119,Personal Loan,20396,6.74,1,Paid Off,0,2024-07-30
704139,106985,Mortgage,206228,5.27,30,Paid Off,0,2025-01-19
704140,104120,Auto Loan,51871,10.33,5,Active,0,2021-10-24
704141,134896,Mortgage,217861,5.68,30,Active,0,2024-11-15
704142,126495,Auto Loan,43566,5.46,3,Active,0,2023-07-05
704143,149744,Business Loan,207758,7.26,5,Paid Off,0,2023-06-04
704144,105794,Personal Loan,21685,7.47,5,Active,0,2023-11-07
704145,132817,Mortgage,205453,4.01,30,Paid Off,0,2024-10-30
704146,138894,Personal Loan,10458,6.55,5,Active,0,2025-12-01
704147,124905,Business Loan,215552,6.62,10,Active,0,2021-08-18
704148,110163,Mortgage,414776,7.95,30,Paid Off,0,2023-08-30
704149,102829,Business Loan,165213,5.99,5,Active,0,2023-05-18
704150,146556,Business Loan,80325,4.98,5,Active,0,2025-10-17
704151,137519,Personal Loan,5644,3.56,5,Paid Off,0,2025-06-14
704152,113826,Personal Loan,9666,6.47,3,Paid Off,0,2025-06-08
704153,130760,Mortgage,318432,11.19,30,Paid Off,0,2021-09-26
704154,132271,Business Loan,132023,4.67,5,Paid Off,0,2021-10-10
704155,123115,Business Loan,123625,3.58,10,Paid Off,0,2024-03-17
704156,122683,Auto Loan,33973,3.86,5,Paid Off,0,2026-04-22
704157,128907,Auto Loan,23974,4.01,5,Paid Off,0,2025-04-19
704158,100441,Personal Loan,4507,11.54,1,Active,0,2022-05-06
704159,135276,Business Loan,231997,4.68,5,Active,0,2023-10-29
704160,138708,Mortgage,453566,6.46,30,Active,0,2022-08-30
704161,134543,Business Loan,34521,4.14,5,Paid Off,0,2021-11-20
704162,115364,Business Loan,230507,7.27,10,Paid Off,0,2025-12-16
704163,133648,Business Loan,201567,4.01,10,Paid Off,0,2022-07-05
704164,100195,Personal Loan,21535,6.12,1,Active,0,2023-02-10
704165,102705,Business Loan,177925,3.63,5,Paid Off,0,2023-09-10
704166,116460,Personal Loan,1441,11.66,3,Defaulted,1,2024-01-15
704167,142389,Mortgage,537279,7.58,30,Paid Off,0,2026-02-21
704168,132667,Auto Loan,24964,6.33,5,Paid Off,0,2026-03-11
704169,131902,Mortgage,398901,4.14,30,Active,0,2025-01-26
704170,124319,Auto Loan,17918,5.46,3,Paid Off,0,2025-06-15
704171,127515,Auto Loan,10863,6.67,6,Paid Off,0,2024-09-25
704172,139162,Mortgage,540655,3.83,30,Active,0,2026-04-05
704173,116914,Auto Loan,26756,6.4,3,Paid Off,0,2022-07-31
704174,140617,Mortgage,340582,11.53,30,Active,0,2024-01-03
704175,144155,Mortgage,196653,5.15,30,Active,0,2022-07-03
704176,132384,Personal Loan,24408,5.1,5,Active,0,2024-04-29
704177,129601,Mortgage,221533,6.25,30,Paid Off,0,2023-10-11
704178,134541,Business Loan,136848,5.76,10,Paid Off,0,2024-03-26
704179,106653,Business Loan,104147,4.57,5,Paid Off,0,2022-06-29
704180,146468,Mortgage,251658,5.7,30,Paid Off,0,2024-09-28
704181,101470,Business Loan,100580,11.43,5,Paid Off,0,2022-05-09
704182,110907,Auto Loan,44447,5.26,5,Active,0,2021-12-05
704183,141441,Mortgage,593182,3.53,30,Paid Off,0,2024-12-05
704184,143321,Business Loan,209531,3.56,10,Paid Off,0,2024-04-23
704185,106392,Auto Loan,24151,6.39,6,Paid Off,0,2022-01-15
704186,128953,Auto Loan,25462,5.58,6,Defaulted,1,2026-07-11
704187,116656,Business Loan,53002,8.67,10,Paid Off,0,2024-10-08
704188,117922,Personal Loan,19661,4.03,3,Active,0,2026-03-18
704189,119588,Business Loan,194738,6.49,10,Paid Off,0,2022-05-27
704190,132631,Personal Loan,17687,6.78,1,Active,0,2023-04-23
704191,122897,Mortgage,537893,5.55,30,Active,0,2022-05-03
704192,106340,Business Loan,194460,3.72,5,Paid Off,0,2026-03-10
704193,123905,Auto Loan,17951,6.25,5,Paid Off,0,2023-05-13
704194,138422,Auto Loan,27377,11.26,5,Active,0,2021-09-16
704195,118916,Business Loan,213743,6.51,10,Defaulted,1,2022-10-28
704196,125895,Mortgage,253641,4.13,30,Paid Off,0,2026-03-18
704197,112955,Personal Loan,10157,4.14,5,Paid Off,0,2026-05-06
704198,129065,Business Loan,66145,4.73,5,Active,0,2025-07-15
704199,145251,Business Loan,36444,3.58,10,Active,0,2024-03-12
704200,135182,Auto Loan,32606,9.23,5,Active,0,2022-06-04
704201,131470,Business Loan,244732,5.1,10,Defaulted,1,2022-03-31
704202,101157,Auto Loan,25306,11.69,3,Active,0,2023-02-25
704203,118107,Personal Loan,10006,8.48,1,Active,0,2021-08-09
704204,128858,Mortgage,377014,11.34,30,Active,0,2024-03-26
704205,116051,Mortgage,337908,6.3,30,Paid Off,0,2024-07-18
704206,117287,Mortgage,155716,5.55,30,Active,0,2025-01-05
704207,129982,Mortgage,553024,5.42,30,Active,0,2023-04-13
704208,100578,Mortgage,502306,8.99,30,Defaulted,1,2023-09-02
704209,105692,Mortgage,208322,5.15,30,Active,0,2022-11-13
704210,125472,Business Loan,198024,5.8,5,Paid Off,0,2025-03-17
704211,140199,Personal Loan,20083,7.45,5,Paid Off,0,2023-03-30
704212,108960,Personal Loan,3945,4.2,3,Active,0,2025-01-20
704213,103858,Personal Loan,7217,9.63,3,Active,0,2024-01-15
704214,132561,Business Loan,77819,5.33,5,Paid Off,0,2026-06-25
704215,138792,Auto Loan,25315,6.8,6,Active,0,2025-01-28
704216,108445,Auto Loan,23908,5.86,3,Paid Off,0,2025-04-30
704217,107772,Business Loan,219514,6.41,10,Active,0,2023-07-17
704218,110869,Personal Loan,20545,5.51,5,Active,0,2025-02-21
704219,146360,Auto Loan,37103,4.43,5,Active,0,2024-07-23
704220,148806,Business Loan,71901,4.92,10,Paid Off,0,2025-03-10
704221,129174,Mortgage,522398,6.35,30,Paid Off,0,2021-10-05
704222,141828,Mortgage,337384,10.4,30,Active,0,2022-07-28
704223,129273,Mortgage,296451,8.05,30,Active,0,2023-11-10
704224,116739,Mortgage,350991,5.09,30,Active,0,2021-09-03
704225,143132,Auto Loan,23286,4.93,6,Paid Off,0,2025-12-26
704226,126968,Auto Loan,29454,10.54,3,Paid Off,0,2022-12-21
704227,121535,Mortgage,390836,6.24,30,Active,0,2025-04-28
704228,130281,Auto Loan,38453,6.66,5,Active,0,2025-11-01
704229,129013,Business Loan,70449,6.8,10,Paid Off,0,2022-01-15
704230,143840,Auto Loan,31296,6.87,6,Active,0,2023-07-16
704231,148722,Personal Loan,20294,7.53,3,Active,0,2025-08-19
704232,132477,Business Loan,197473,11.2,5,Paid Off,0,2025-06-19
704233,115041,Personal Loan,21490,3.66,1,Paid Off,0,2025-11-05
704234,102740,Business Loan,140020,5.63,5,Defaulted,1,2023-03-20
704235,148417,Business Loan,84251,4.86,10,Paid Off,0,2021-08-09
704236,106128,Auto Loan,11848,5.42,5,Paid Off,0,2025-08-21
704237,111575,Mortgage,501591,6.39,30,Paid Off,0,2023-04-24
704238,126970,Business Loan,243374,6.61,5,Active,0,2023-03-16
704239,148528,Personal Loan,13312,5.06,5,Active,0,2025-02-14
704240,125631,Business Loan,241487,6.62,5,Defaulted,1,2025-09-03
704241,104034,Business Loan,169418,6.47,10,Paid Off,0,2025-04-09
704242,116729,Mortgage,431041,6.56,30,Active,0,2023-11-23
704243,126041,Personal Loan,3356,10.86,3,Paid Off,0,2026-04-21
704244,142858,Personal Loan,4283,4.55,3,Paid Off,0,2023-01-23
704245,141754,Mortgage,582467,4.85,30,Paid Off,0,2021-12-07
704246,129995,Auto Loan,40093,5.32,5,Active,0,2023-01-04
704247,119792,Business Loan,198463,10.34,5,Paid Off,0,2024-02-22
704248,140178,Personal Loan,5979,4.57,5,Active,0,2025-06-10
704249,120210,Personal Loan,2806,6.08,3,Paid Off,0,2022-06-10
704250,113964,Auto Loan,23123,6.62,6,Paid Off,0,2024-05-03
704251,127919,Business Loan,79380,11.36,10,Active,0,2022-06-27
704252,118137,Auto Loan,44179,5.94,5,Paid Off,0,2022-11-28
704253,130113,Auto Loan,47966,6.07,5,Active,0,2025-07-10
704254,137767,Personal Loan,24434,8.24,5,Defaulted,1,2023-10-19
704255,149316,Personal Loan,8515,3.77,1,Active,0,2024-10-13
704256,124249,Personal Loan,10328,5.7,3,Active,0,2024-08-24
704257,117353,Auto Loan,35178,11.53,3,Active,0,2024-11-13
704258,102081,Personal Loan,20316,3.76,5,Paid Off,0,2023-02-10
704259,141681,Mortgage,519425,5.73,30,Paid Off,0,2025-10-22
704260,143416,Auto Loan,24143,6.81,5,Active,0,2025-11-18
704261,130365,Mortgage,248585,10.77,30,Active,0,2026-07-15
704262,141711,Personal Loan,17060,4.96,1,Active,0,2025-12-05
704263,140155,Auto Loan,30760,8.93,3,Paid Off,0,2022-10-10
704264,142810,Business Loan,155225,4.28,10,Paid Off,0,2026-05-30
704265,130364,Business Loan,242848,10.83,10,Paid Off,0,2025-11-19
704266,142192,Personal Loan,2948,3.53,1,Active,0,2024-05-13
704267,106850,Personal Loan,8388,6.62,5,Paid Off,0,2022-12-03
704268,112065,Mortgage,154324,4.31,30,Active,0,2026-02-12
704269,111220,Mortgage,308679,6.01,30,Paid Off,0,2026-01-30
704270,115944,Business Loan,243683,4.87,5,Active,0,2026-05-28
704271,100523,Personal Loan,2950,6.52,1,Paid Off,0,2024-08-16
704272,138823,Mortgage,462421,7.97,30,Active,0,2025-11-27
704273,140945,Business Loan,134784,8.92,10,Paid Off,0,2023-01-16
704274,135689,Mortgage,361518,6.23,30,Active,0,2022-05-23
704275,130837,Personal Loan,24257,6.88,3,Defaulted,1,2023-01-22
704276,111987,Business Loan,46230,4.06,5,Paid Off,0,2025-03-02
704277,138202,Auto Loan,10845,4.36,3,Active,0,2024-05-21
704278,138003,Mortgage,180634,6.02,30,Active,0,2026-03-21
704279,118480,Mortgage,180234,5.44,30,Paid Off,0,2023-09-05
704280,144013,Auto Loan,16940,5.42,3,Paid Off,0,2024-08-14
704281,130036,Mortgage,414720,6.26,30,Active,0,2021-10-23
704282,146035,Mortgage,514943,4.44,30,Active,0,2025-09-28
704283,136924,Mortgage,361460,4.85,30,Paid Off,0,2022-07-21
704284,129624,Personal Loan,2720,5.11,3,Paid Off,0,2026-04-16
704285,130693,Mortgage,470113,10.26,30,Active,0,2025-07-05
704286,136550,Personal Loan,2643,5.29,3,Active,0,2022-09-29
704287,124993,Auto Loan,20779,6.56,5,Active,0,2026-04-18
704288,147109,Mortgage,503018,5.47,30,Paid Off,0,2024-12-02
704289,123986,Business Loan,204820,4.73,10,Defaulted,1,2024-02-02
704290,103068,Auto Loan,46541,5.3,3,Active,0,2026-01-21
704291,140642,Business Loan,166879,3.98,10,Paid Off,0,2024-03-27
704292,140698,Personal Loan,10388,3.95,1,Paid Off,0,2024-09-30
704293,123263,Business Loan,96588,5.42,10,Active,0,2021-08-12
704294,144116,Mortgage,381246,5.5,30,Paid Off,0,2024-05-23
704295,133421,Mortgage,388810,4.91,30,Active,0,2025-09-30
704296,138747,Auto Loan,49200,3.87,6,Paid Off,0,2022-05-05
704297,127449,Personal Loan,9043,11.35,1,Active,0,2025-12-13
704298,105396,Mortgage,506880,5.07,30,Paid Off,0,2025-10-20
704299,119168,Mortgage,392984,3.64,30,Paid Off,0,2024-08-27
704300,103759,Business Loan,206248,6.3,5,Active,0,2024-08-08
704301,115703,Personal Loan,4190,3.62,1,Paid Off,0,2021-12-31
704302,118829,Personal Loan,10024,5.87,1,Active,0,2026-04-11
704303,143811,Auto Loan,56938,9.61,6,Paid Off,0,2024-02-25
704304,119224,Mortgage,485163,6.25,30,Paid Off,0,2024-09-12
704305,125162,Mortgage,487703,6.53,30,Paid Off,0,2025-12-07
704306,129247,Auto Loan,21752,3.87,5,Active,0,2022-05-28
704307,105491,Auto Loan,14776,5.18,5,Paid Off,0,2023-06-18
704308,149787,Business Loan,231221,4.48,10,Paid Off,0,2022-11-30
704309,130973,Mortgage,366829,5.09,30,Paid Off,0,2023-06-17
704310,148781,Auto Loan,39138,3.78,5,Active,0,2024-06-27
704311,117196,Personal Loan,8078,9.04,3,Active,0,2022-12-18
704312,136608,Auto Loan,42283,6.69,5,Active,0,2021-07-28
704313,147878,Auto Loan,10184,7.03,3,Paid Off,0,2024-10-07
704314,125284,Auto Loan,15728,4.95,6,Active,0,2022-01-01
704315,123074,Auto Loan,57166,8.46,5,Defaulted,1,2023-04-18
704316,142737,Business Loan,238691,4.23,10,Active,0,2022-12-24
704317,110742,Personal Loan,16732,3.7,3,Active,0,2021-09-07
704318,130601,Auto Loan,51927,5.02,5,Paid Off,0,2023-05-04
704319,138275,Mortgage,363439,8.79,30,Defaulted,1,2026-04-03
704320,132738,Personal Loan,3857,4.27,1,Active,0,2025-11-21
704321,144093,Business Loan,172655,5.17,5,Active,0,2025-10-12
704322,141104,Personal Loan,2617,4.75,5,Active,0,2022-08-08
704323,101182,Personal Loan,17834,9.1,5,Paid Off,0,2025-07-19
704324,134647,Business Loan,92449,4.22,5,Active,0,2021-11-25
704325,112240,Auto Loan,54470,6.03,3,Active,0,2023-08-07
704326,121564,Auto Loan,59509,11.46,3,Active,0,2025-06-03
704327,148811,Auto Loan,21230,11.8,3,Active,0,2022-06-23
704328,138782,Business Loan,77090,9.07,5,Paid Off,0,2021-09-22
704329,141808,Auto Loan,24910,6.65,5,Paid Off,0,2024-12-02
704330,117095,Personal Loan,6906,6.9,1,Active,0,2026-05-27
704331,130582,Personal Loan,9003,6.06,5,Active,0,2024-08-29
704332,116749,Auto Loan,38022,6.51,3,Active,0,2024-03-15
704333,127752,Business Loan,153504,5.18,10,Paid Off,0,2022-05-06
704334,116776,Personal Loan,1365,10.71,5,Defaulted,1,2025-03-22
704335,105711,Business Loan,104811,9.91,10,Active,0,2023-12-07
704336,136440,Auto Loan,54559,4.87,3,Active,0,2024-07-25
704337,148137,Mortgage,283208,6.7,30,Defaulted,1,2025-10-04
704338,106201,Business Loan,45521,10.96,10,Paid Off,0,2026-01-15
704339,131965,Personal Loan,8710,10.85,3,Active,0,2023-11-28
704340,142772,Personal Loan,22526,4.73,5,Paid Off,0,2026-02-05
704341,103461,Business Loan,125027,4.24,5,Active,0,2024-12-01
704342,122960,Business Loan,111756,10.05,10,Active,0,2022-04-23
704343,133520,Mortgage,290460,11.81,30,Active,0,2022-09-05
704344,132338,Auto Loan,26564,4.72,5,Paid Off,0,2024-07-15
704345,141590,Personal Loan,8704,5.95,1,Paid Off,0,2022-01-05
704346,135238,Business Loan,213005,5.71,5,Active,0,2023-04-01
704347,102527,Mortgage,416480,9.95,30,Defaulted,1,2021-08-05
704348,118881,Mortgage,434561,6.44,30,Active,0,2022-04-21
704349,101484,Personal Loan,7258,11.98,3,Active,0,2025-04-18
704350,129708,Business Loan,26279,10.11,10,Paid Off,0,2023-08-21
704351,103270,Mortgage,346863,4.01,30,Defaulted,1,2023-03-06
704352,103610,Mortgage,508863,5.84,30,Active,0,2025-08-20
704353,111846,Mortgage,183332,5.09,30,Active,0,2021-09-22
704354,124066,Auto Loan,25830,9.96,6,Active,0,2025-04-01
704355,108760,Personal Loan,15221,5.25,3,Paid Off,0,2023-07-05
704356,135552,Personal Loan,2895,6.11,3,Paid Off,0,2025-03-20
704357,110369,Auto Loan,44240,6.01,6,Paid Off,0,2022-11-21
704358,102464,Auto Loan,10033,11.17,6,Paid Off,0,2023-03-28
704359,148582,Auto Loan,19142,4.3,6,Paid Off,0,2025-09-25
704360,128499,Mortgage,238036,6.8,30,Defaulted,1,2023-08-25
704361,122039,Mortgage,372197,4.11,30,Active,0,2021-11-09
704362,142171,Mortgage,371716,7.12,30,Active,0,2023-01-07
704363,135906,Auto Loan,26354,5.73,5,Paid Off,0,2022-03-10
704364,109389,Auto Loan,51753,3.87,5,Active,0,2021-09-11
704365,128175,Personal Loan,24101,5.72,3,Active,0,2021-11-23
704366,146339,Mortgage,570472,4.01,30,Active,0,2025-01-27
704367,111163,Personal Loan,10441,4.39,3,Active,0,2024-08-24
704368,148266,Personal Loan,12351,6.37,5,Paid Off,0,2021-10-17
704369,146900,Mortgage,454379,4.54,30,Paid Off,0,2021-10-21
704370,110758,Auto Loan,44839,9.04,6,Defaulted,1,2024-02-25
704371,145754,Personal Loan,21732,10.33,5,Active,0,2022-09-17
704372,137078,Personal Loan,14339,6.24,5,Active,0,2026-01-13
704373,123502,Personal Loan,20595,4.68,5,Paid Off,0,2026-05-04
704374,138332,Mortgage,511159,4.59,30,Paid Off,0,2025-05-23
704375,138057,Auto Loan,53215,9.12,3,Paid Off,0,2023-01-24
704376,142243,Personal Loan,2084,5.07,1,Paid Off,0,2025-10-14
704377,128617,Auto Loan,11064,7.03,3,Active,0,2021-11-30
704378,137794,Auto Loan,32447,4.84,5,Active,0,2024-02-08
704379,105564,Auto Loan,13486,5.09,5,Paid Off,0,2025-11-06
704380,105907,Business Loan,121423,6.58,5,Paid Off,0,2023-12-30
704381,131304,Mortgage,238833,6.72,30,Active,0,2024-12-23
704382,123181,Business Loan,115916,8.61,10,Active,0,2025-11-10
704383,137739,Personal Loan,7743,6.48,1,Paid Off,0,2025-09-01
704384,141690,Business Loan,88094,11.17,10,Defaulted,1,2022-11-07
704385,123372,Mortgage,261241,7.15,30,Paid Off,0,2024-02-28
704386,133789,Auto Loan,56236,11.0,5,Active,0,2023-09-20
704387,107442,Personal Loan,15498,6.48,3,Paid Off,0,2022-05-28
704388,107474,Business Loan,34102,4.93,5,Paid Off,0,2022-11-19
704389,124963,Business Loan,153933,4.3,10,Active,0,2026-03-23
704390,141065,Mortgage,497451,5.06,30,Active,0,2026-03-10
704391,149171,Business Loan,103680,7.48,5,Paid Off,0,2024-04-06
704392,135527,Mortgage,458299,6.7,30,Paid Off,0,2026-05-02
704393,120376,Business Loan,70064,6.26,10,Active,0,2023-06-16
704394,146010,Mortgage,319989,4.84,30,Paid Off,0,2024-02-16
704395,141547,Auto Loan,49719,10.61,5,Active,0,2022-03-22
704396,126458,Mortgage,228621,3.99,30,Paid Off,0,2022-08-07
704397,120873,Business Loan,195932,6.54,5,Paid Off,0,2025-10-16
704398,120483,Auto Loan,53644,5.9,5,Paid Off,0,2023-09-02
704399,123498,Personal Loan,1243,5.48,1,Paid Off,0,2023-08-01
704400,100640,Mortgage,253080,5.43,30,Active,0,2026-02-23
704401,144855,Auto Loan,13940,4.95,6,Paid Off,0,2024-10-20
704402,114761,Personal Loan,23783,7.31,5,Paid Off,0,2024-06-04
704403,110445,Auto Loan,23526,5.55,5,Paid Off,0,2023-11-23
704404,144157,Business Loan,202449,4.87,10,Active,0,2022-02-27
704405,102875,Mortgage,466649,6.42,30,Paid Off,0,2024-10-10
704406,147177,Auto Loan,12739,5.95,3,Paid Off,0,2021-10-19
704407,131531,Mortgage,481088,4.35,30,Active,0,2023-11-18
704408,125678,Personal Loan,3888,4.94,1,Active,0,2023-03-25
704409,109848,Auto Loan,30707,7.24,5,Active,0,2024-07-20
704410,110598,Mortgage,429598,6.41,30,Paid Off,0,2026-03-08
704411,104524,Auto Loan,34641,6.87,6,Paid Off,0,2024-02-28
704412,146200,Mortgage,226084,6.51,30,Active,0,2022-01-12
704413,148139,Mortgage,564187,6.46,30,Paid Off,0,2025-10-20
704414,106515,Personal Loan,24892,5.98,5,Paid Off,0,2023-08-26
704415,125694,Business Loan,232898,3.67,5,Active,0,2022-06-10
704416,101508,Business Loan,140814,6.25,10,Active,0,2022-12-22
704417,142357,Personal Loan,13119,8.3,1,Active,0,2025-11-15
704418,112285,Business Loan,187452,3.6,10,Active,0,2023-04-03
704419,111015,Business Loan,243962,7.67,10,Paid Off,0,2025-10-08
704420,146615,Personal Loan,3540,6.39,3,Paid Off,0,2025-09-02
704421,127600,Business Loan,193015,3.67,5,Paid Off,0,2026-01-09
704422,140771,Personal Loan,24322,6.9,5,Active,0,2025-01-09
704423,146864,Auto Loan,46262,5.86,3,Paid Off,0,2024-10-27
704424,129801,Business Loan,56616,6.18,5,Active,0,2021-09-29
704425,118875,Mortgage,204113,9.25,30,Active,0,2023-04-30
704426,112793,Business Loan,136208,4.08,5,Active,0,2023-11-15
704427,105739,Auto Loan,16064,6.86,6,Paid Off,0,2023-03-06
704428,100736,Business Loan,119471,4.74,10,Paid Off,0,2025-04-03
704429,103607,Auto Loan,41125,6.69,6,Paid Off,0,2026-02-28
704430,125429,Business Loan,117561,6.38,5,Paid Off,0,2026-03-28
704431,130965,Auto Loan,40597,4.35,6,Active,0,2023-06-23
704432,119706,Auto Loan,44373,3.62,6,Paid Off,0,2024-09-21
704433,119970,Auto Loan,52364,8.26,5,Paid Off,0,2025-08-31
704434,117457,Auto Loan,14273,5.79,6,Paid Off,0,2024-06-11
704435,124792,Personal Loan,8751,11.07,1,Paid Off,0,2025-01-03
704436,146483,Mortgage,531547,5.37,30,Active,0,2022-03-08
704437,149631,Mortgage,435282,6.12,30,Paid Off,0,2022-08-31
704438,125083,Business Loan,124774,10.93,5,Active,0,2025-01-09
704439,102624,Mortgage,552323,8.6,30,Paid Off,0,2021-12-24
704440,106954,Business Loan,130866,5.54,10,Active,0,2022-07-21
704441,128739,Business Loan,47599,10.29,5,Active,0,2024-04-22
704442,127656,Personal Loan,2399,4.87,5,Paid Off,0,2023-10-29
704443,120367,Auto Loan,40870,7.35,5,Active,0,2025-01-19
704444,123477,Personal Loan,2935,4.75,5,Defaulted,1,2026-06-18
704445,127623,Personal Loan,4134,4.85,5,Paid Off,0,2025-07-29
704446,119339,Mortgage,488163,6.75,30,Active,0,2022-12-20
704447,121492,Mortgage,208427,10.28,30,Paid Off,0,2022-01-30
704448,137082,Business Loan,219655,3.95,10,Active,0,2023-12-11
704449,137057,Mortgage,448243,7.68,30,Active,0,2023-04-17
704450,111546,Mortgage,167770,5.68,30,Defaulted,1,2026-05-12
704451,113095,Personal Loan,10257,8.93,5,Active,0,2022-12-14
704452,142857,Auto Loan,59408,3.73,5,Paid Off,0,2023-08-01
704453,129728,Personal Loan,24053,4.38,5,Paid Off,0,2024-08-09
704454,109987,Mortgage,227170,9.14,30,Active,0,2023-11-22
704455,108477,Personal Loan,8751,5.11,1,Active,0,2025-06-07
704456,130169,Auto Loan,17432,5.97,5,Defaulted,1,2023-11-30
704457,118972,Auto Loan,18883,4.09,3,Paid Off,0,2023-03-09
704458,139470,Business Loan,52207,5.0,10,Active,0,2025-06-13
704459,110734,Personal Loan,22220,4.11,1,Paid Off,0,2025-02-08
704460,102211,Business Loan,135473,5.08,10,Active,0,2023-07-21
704461,138741,Personal Loan,1914,6.81,5,Paid Off,0,2022-01-08
704462,125387,Business Loan,210208,4.55,10,Active,0,2024-02-18
704463,127451,Mortgage,419766,10.37,30,Paid Off,0,2022-01-19
704464,131210,Mortgage,343662,9.45,30,Paid Off,0,2023-07-03
704465,132077,Personal Loan,24581,10.64,5,Active,0,2024-09-14
704466,118304,Personal Loan,1765,4.97,3,Active,0,2022-05-22
704467,136450,Business Loan,169178,4.24,5,Active,0,2025-01-27
704468,113670,Personal Loan,10915,4.63,1,Paid Off,0,2022-01-10
704469,108193,Business Loan,72723,5.26,10,Active,0,2021-10-11
704470,103288,Business Loan,126082,10.36,10,Active,0,2025-01-04
704471,147082,Personal Loan,17759,6.4,5,Defaulted,1,2022-12-05
704472,131429,Mortgage,539733,10.99,30,Active,0,2024-07-12
704473,148363,Business Loan,218099,6.5,10,Paid Off,0,2022-11-21
704474,131992,Personal Loan,11775,6.3,5,Active,0,2023-03-16
704475,136436,Auto Loan,10656,6.01,5,Active,0,2025-05-26
704476,121628,Personal Loan,11866,3.79,3,Paid Off,0,2024-09-18
704477,138020,Business Loan,225327,10.08,5,Active,0,2025-04-20
704478,126164,Mortgage,273459,6.19,30,Active,0,2022-11-04
704479,112532,Mortgage,254025,10.63,30,Paid Off,0,2023-08-11
704480,100407,Auto Loan,49657,6.46,3,Active,0,2023-03-07
704481,148607,Mortgage,164189,6.22,30,Defaulted,1,2023-10-23
704482,126366,Mortgage,417022,3.59,30,Paid Off,0,2024-02-12
704483,110743,Mortgage,554354,7.78,30,Paid Off,0,2023-09-03
704484,133089,Mortgage,340536,5.7,30,Active,0,2023-06-23
704485,110157,Personal Loan,4579,9.21,5,Active,0,2023-01-14
704486,117164,Mortgage,270283,6.01,30,Active,0,2024-11-05
704487,143183,Personal Loan,11306,6.16,3,Paid Off,0,2021-08-22
704488,102915,Personal Loan,3394,4.24,1,Active,0,2025-03-15
704489,127175,Auto Loan,43997,11.94,6,Active,0,2023-11-25
704490,117897,Personal Loan,20023,11.88,3,Paid Off,0,2022-07-11
704491,122472,Mortgage,505607,6.62,30,Active,0,2022-01-06
704492,105228,Business Loan,61378,5.93,5,Active,0,2022-11-12
704493,144790,Auto Loan,47327,5.31,6,Paid Off,0,2022-02-09
704494,100343,Business Loan,249734,4.75,5,Paid Off,0,2023-08-23
704495,149310,Business Loan,237292,3.95,10,Paid Off,0,2025-12-18
704496,148979,Business Loan,112699,6.44,10,Active,0,2024-04-05
704497,114584,Business Loan,99902,4.48,5,Active,0,2025-02-02
704498,120216,Personal Loan,9888,10.56,5,Active,0,2025-09-05
704499,123413,Personal Loan,16068,4.49,5,Paid Off,0,2025-08-21
704500,137273,Personal Loan,13643,8.56,5,Active,0,2025-04-20
704501,147946,Personal Loan,12994,6.0,3,Active,0,2023-04-19
704502,142105,Personal Loan,24486,11.65,1,Paid Off,0,2026-04-06
704503,107237,Business Loan,203831,5.97,10,Paid Off,0,2026-03-18
704504,131866,Auto Loan,42171,4.17,5,Paid Off,0,2025-09-04
704505,139265,Auto Loan,31464,4.51,3,Defaulted,1,2024-03-08
704506,145051,Personal Loan,21455,5.01,3,Active,0,2023-04-19
704507,147974,Mortgage,404875,4.31,30,Paid Off,0,2022-10-01
704508,127393,Auto Loan,23731,5.84,3,Active,0,2025-10-13
704509,122776,Mortgage,170111,6.76,30,Active,0,2025-01-14
704510,117377,Personal Loan,7525,6.98,5,Active,0,2022-10-27
704511,126294,Auto Loan,12357,5.55,5,Paid Off,0,2025-01-25
704512,107251,Mortgage,234987,4.4,30,Active,0,2023-08-16
704513,125224,Business Loan,34738,4.44,5,Active,0,2023-02-13
704514,126540,Auto Loan,13612,4.71,5,Paid Off,0,2021-11-29
704515,107431,Business Loan,90250,4.26,10,Active,0,2023-02-27
704516,101048,Business Loan,102410,6.39,5,Paid Off,0,2025-11-30
704517,144159,Business Loan,163377,6.03,10,Paid Off,0,2021-08-06
704518,109118,Business Loan,91073,5.46,10,Active,0,2024-02-26
704519,132804,Business Loan,27102,11.55,5,Active,0,2023-09-07
704520,145949,Business Loan,147871,6.52,10,Active,0,2025-07-16
704521,134107,Personal Loan,16312,6.49,3,Active,0,2023-08-03
704522,119721,Auto Loan,48186,6.28,6,Paid Off,0,2023-01-19
704523,138370,Auto Loan,12833,4.37,3,Active,0,2026-06-14
704524,142959,Personal Loan,20069,4.62,1,Paid Off,0,2024-03-29
704525,112556,Personal Loan,4700,5.83,1,Defaulted,1,2025-10-05
704526,136316,Auto Loan,53094,4.42,3,Paid Off,0,2023-06-08
704527,127204,Auto Loan,10267,4.87,5,Paid Off,0,2026-06-11
704528,139089,Mortgage,510246,4.46,30,Active,0,2026-04-21
704529,108191,Auto Loan,58997,8.16,5,Paid Off,0,2023-05-05
704530,114279,Personal Loan,12625,5.07,1,Paid Off,0,2022-11-06
704531,138463,Auto Loan,20641,4.49,5,Active,0,2021-10-30
704532,107672,Business Loan,124362,6.65,10,Paid Off,0,2023-10-30
704533,126391,Business Loan,47114,5.03,5,Paid Off,0,2023-11-02
704534,139900,Personal Loan,3176,6.44,3,Paid Off,0,2024-05-21
704535,136778,Mortgage,306127,10.4,30,Active,0,2025-09-21
704536,143652,Personal Loan,20930,5.89,3,Paid Off,0,2024-10-08
704537,117759,Mortgage,527531,4.6,30,Paid Off,0,2023-03-12
704538,148383,Business Loan,222057,9.2,10,Paid Off,0,2026-05-31
704539,100862,Business Loan,150064,6.91,5,Active,0,2022-04-29
704540,119261,Auto Loan,16094,6.33,6,Paid Off,0,2025-07-24
704541,145075,Mortgage,165309,4.58,30,Active,0,2022-04-10
704542,119557,Auto Loan,33461,9.12,3,Active,0,2024-11-18
704543,123428,Auto Loan,14173,10.35,6,Paid Off,0,2026-03-27
704544,119272,Auto Loan,32436,5.93,3,Active,0,2023-06-21
704545,140676,Business Loan,163553,11.86,10,Paid Off,0,2025-05-15
704546,105568,Personal Loan,8822,6.73,1,Paid Off,0,2023-08-25
704547,119284,Personal Loan,13521,3.71,5,Paid Off,0,2024-03-09
704548,117874,Business Loan,139965,5.79,10,Active,0,2022-11-12
704549,103161,Personal Loan,12797,4.73,3,Paid Off,0,2025-01-04
704550,124545,Mortgage,427054,10.7,30,Paid Off,0,2025-12-19
704551,149217,Business Loan,77421,11.27,5,Active,0,2024-04-12
704552,131791,Personal Loan,10806,6.48,3,Paid Off,0,2022-04-01
704553,101131,Mortgage,393402,5.48,30,Defaulted,1,2021-11-28
704554,124564,Auto Loan,51869,5.78,6,Active,0,2021-12-16
704555,131148,Personal Loan,2776,8.17,1,Paid Off,0,2023-11-23
704556,131491,Mortgage,576135,5.83,30,Defaulted,1,2023-09-18
704557,137516,Business Loan,223919,6.55,10,Active,0,2024-05-16
704558,143063,Auto Loan,15267,5.38,3,Active,0,2022-12-09
704559,109401,Business Loan,135649,8.96,10,Paid Off,0,2025-01-19
704560,135419,Business Loan,32398,5.11,5,Paid Off,0,2025-04-08
704561,107340,Business Loan,84812,5.89,5,Active,0,2022-09-11
704562,124869,Personal Loan,2104,11.94,5,Paid Off,0,2023-05-02
704563,148943,Personal Loan,8810,6.17,5,Active,0,2024-08-10
704564,127524,Auto Loan,24258,6.08,5,Paid Off,0,2026-06-04
704565,128195,Personal Loan,21228,6.15,5,Active,0,2022-09-16
704566,115951,Business Loan,138726,4.94,10,Active,0,2022-07-07
704567,125030,Personal Loan,3375,10.69,5,Active,0,2026-03-22
704568,123400,Personal Loan,18809,4.54,3,Active,0,2022-03-29
704569,122730,Auto Loan,24477,4.07,3,Paid Off,0,2023-12-13
704570,129415,Mortgage,488637,6.57,30,Paid Off,0,2024-12-07
704571,139273,Personal Loan,9192,3.8,1,Active,0,2025-01-16
704572,149188,Auto Loan,40451,5.03,3,Active,0,2022-07-17
704573,134883,Personal Loan,12552,7.53,1,Paid Off,0,2022-07-29
704574,118967,Mortgage,463321,10.01,30,Paid Off,0,2023-08-20
704575,147710,Personal Loan,11502,6.02,3,Defaulted,1,2021-10-23
704576,131660,Personal Loan,24034,10.96,5,Active,0,2025-05-07
704577,126753,Business Loan,39182,4.22,5,Paid Off,0,2024-03-06
704578,136417,Mortgage,369921,7.64,30,Paid Off,0,2023-02-11
704579,140652,Personal Loan,4324,7.26,3,Paid Off,0,2022-01-10
704580,102742,Mortgage,344844,11.87,30,Paid Off,0,2025-11-07
704581,103049,Business Loan,59937,11.65,5,Paid Off,0,2022-01-31
704582,100049,Personal Loan,14513,10.83,3,Active,0,2022-09-11
704583,139859,Auto Loan,52146,6.86,3,Paid Off,0,2021-09-24
704584,108745,Mortgage,323661,6.79,30,Paid Off,0,2024-02-15
704585,104745,Business Loan,215862,11.42,10,Paid Off,0,2026-01-14
704586,109194,Personal Loan,3230,9.37,1,Active,0,2024-02-29
704587,107613,Personal Loan,23698,4.88,5,Active,0,2023-10-24
704588,146147,Personal Loan,14612,10.45,1,Active,0,2024-06-13
704589,120015,Auto Loan,59579,6.49,3,Paid Off,0,2024-09-28
704590,144978,Business Loan,199454,7.76,5,Active,0,2025-11-08
704591,115170,Auto Loan,23330,10.82,5,Paid Off,0,2021-12-02
704592,117972,Mortgage,426555,9.12,30,Paid Off,0,2024-05-15
704593,122512,Personal Loan,4366,6.59,1,Paid Off,0,2025-02-11
704594,124393,Business Loan,70933,5.23,5,Paid Off,0,2023-09-04
704595,128354,Auto Loan,55395,5.39,5,Active,0,2025-11-08
704596,107003,Business Loan,63024,6.43,5,Paid Off,0,2021-09-10
704597,135263,Auto Loan,41559,11.5,5,Paid Off,0,2022-09-23
704598,139995,Auto Loan,11104,6.3,3,Paid Off,0,2022-05-19
704599,100173,Business Loan,37088,6.39,5,Paid Off,0,2024-03-22
704600,119901,Auto Loan,20681,6.32,5,Defaulted,1,2021-09-22
704601,146793,Business Loan,206273,4.7,5,Paid Off,0,2025-05-24
704602,113013,Auto Loan,41681,4.4,3,Active,0,2025-11-06
704603,134513,Business Loan,166069,5.55,5,Paid Off,0,2023-08-03
704604,115800,Mortgage,537758,4.59,30,Paid Off,0,2024-10-03
704605,145750,Auto Loan,32627,3.6,5,Paid Off,0,2023-07-01
704606,100419,Personal Loan,5200,5.26,5,Paid Off,0,2022-06-21
704607,116295,Business Loan,180210,6.05,5,Paid Off,0,2025-03-26
704608,129307,Auto Loan,59494,11.66,3,Paid Off,0,2026-06-18
704609,122177,Personal Loan,8456,9.32,5,Active,0,2025-11-23
704610,116751,Auto Loan,31754,4.38,5,Paid Off,0,2025-12-01
704611,118698,Auto Loan,31191,3.8,5,Active,0,2023-04-23
704612,139387,Auto Loan,10230,9.78,6,Paid Off,0,2023-08-01
704613,132976,Business Loan,84578,10.09,10,Active,0,2026-02-10
704614,105836,Auto Loan,41319,4.04,3,Active,0,2021-08-29
704615,139624,Mortgage,474475,9.84,30,Paid Off,0,2024-06-14
704616,130504,Personal Loan,3485,5.86,5,Active,0,2022-10-27
704617,140915,Business Loan,100830,6.42,10,Paid Off,0,2025-02-01
704618,140653,Business Loan,233576,4.72,5,Defaulted,1,2026-01-29
704619,124105,Business Loan,217074,11.46,10,Paid Off,0,2023-08-07
704620,130534,Auto Loan,15737,8.09,5,Active,0,2023-09-11
704621,128396,Business Loan,170662,9.56,5,Active,0,2021-08-21
704622,103243,Mortgage,239617,9.54,30,Paid Off,0,2023-09-10
704623,100800,Business Loan,134729,6.89,10,Paid Off,0,2022-10-20
704624,134940,Mortgage,248728,5.37,30,Paid Off,0,2025-06-28
704625,140231,Personal Loan,8402,7.6,1,Active,0,2025-05-24
704626,110413,Mortgage,162794,5.79,30,Active,0,2024-08-12
704627,117971,Mortgage,327910,6.01,30,Active,0,2026-06-24
704628,144276,Auto Loan,47883,7.63,6,Paid Off,0,2025-04-22
704629,142493,Personal Loan,18567,4.7,5,Active,0,2022-10-14
704630,123553,Auto Loan,13636,4.95,3,Active,0,2026-05-02
704631,132691,Personal Loan,12160,5.1,5,Paid Off,0,2024-10-12
704632,143113,Auto Loan,39125,6.06,6,Paid Off,0,2022-05-04
704633,110945,Auto Loan,31518,5.69,6,Paid Off,0,2025-02-12
704634,119822,Personal Loan,18090,10.98,5,Paid Off,0,2022-12-11
704635,144729,Mortgage,323395,5.43,30,Active,0,2022-09-05
704636,138933,Auto Loan,32957,11.31,6,Active,0,2023-12-03
704637,117227,Mortgage,253032,6.93,30,Active,0,2026-05-24
704638,126565,Auto Loan,17950,5.13,6,Paid Off,0,2024-08-05
704639,107560,Business Loan,129733,6.35,5,Paid Off,0,2025-02-20
704640,141019,Mortgage,157739,6.57,30,Paid Off,0,2022-08-21
704641,103663,Mortgage,285891,3.75,30,Paid Off,0,2022-09-30
704642,128956,Auto Loan,59376,9.34,6,Active,0,2023-10-15
704643,140154,Auto Loan,57700,6.49,6,Active,0,2022-09-05
704644,141552,Personal Loan,21169,6.92,3,Paid Off,0,2026-04-14
704645,106365,Mortgage,366038,4.63,30,Paid Off,0,2023-01-28
704646,103707,Mortgage,213899,5.26,30,Active,0,2023-10-02
704647,135385,Auto Loan,50950,4.18,5,Active,0,2023-02-17
704648,127612,Auto Loan,10682,5.2,6,Paid Off,0,2026-04-18
704649,114217,Personal Loan,3560,6.06,3,Paid Off,0,2023-05-09
704650,100071,Auto Loan,29416,9.11,6,Active,0,2024-02-16
704651,104280,Business Loan,228593,9.03,5,Active,0,2024-01-05
704652,103555,Mortgage,394668,5.53,30,Paid Off,0,2024-11-04
704653,108468,Auto Loan,20601,11.51,6,Active,0,2022-04-23
704654,144320,Personal Loan,12606,5.75,3,Active,0,2022-10-18
704655,121920,Personal Loan,13999,5.78,5,Paid Off,0,2025-06-14
704656,109598,Personal Loan,1524,8.23,3,Active,0,2026-02-10
704657,133698,Mortgage,506538,5.38,30,Paid Off,0,2025-05-17
704658,111014,Mortgage,408253,3.68,30,Active,0,2023-02-09
704659,128713,Business Loan,103299,5.08,5,Active,0,2023-10-12
704660,146973,Business Loan,79083,8.87,10,Active,0,2024-10-10
704661,129678,Mortgage,322716,6.05,30,Active,0,2026-05-28
704662,145563,Business Loan,195794,3.69,5,Paid Off,0,2024-07-11
704663,131178,Auto Loan,52559,11.66,5,Active,0,2023-01-10
704664,121609,Auto Loan,50905,5.71,3,Active,0,2022-07-22
704665,125408,Auto Loan,19050,3.94,6,Active,0,2024-04-27
704666,143344,Personal Loan,22237,6.38,5,Paid Off,0,2024-02-01
704667,149196,Auto Loan,32078,4.63,6,Active,0,2022-03-19
704668,126733,Auto Loan,48151,5.2,5,Active,0,2023-03-20
704669,148428,Personal Loan,8133,6.09,1,Active,0,2023-04-13
704670,118686,Business Loan,68097,8.51,5,Defaulted,1,2021-12-05
704671,116649,Personal Loan,3465,8.58,1,Paid Off,0,2022-09-15
704672,124775,Mortgage,572249,4.98,30,Active,0,2025-10-28
704673,124569,Business Loan,195977,3.93,5,Active,0,2026-04-16
704674,142825,Personal Loan,11383,3.56,1,Paid Off,0,2024-10-11
704675,125403,Mortgage,412705,3.87,30,Paid Off,0,2021-09-30
704676,124602,Mortgage,459771,3.96,30,Active,0,2025-10-15
704677,149697,Mortgage,313164,5.39,30,Active,0,2024-01-27
704678,113847,Mortgage,346188,5.65,30,Defaulted,1,2022-08-06
704679,149246,Auto Loan,59720,5.47,3,Paid Off,0,2025-10-14
704680,142942,Business Loan,90995,5.93,5,Active,0,2022-03-21
704681,139967,Auto Loan,36326,6.61,3,Paid Off,0,2025-07-05
704682,128980,Mortgage,407180,6.39,30,Active,0,2024-09-13
704683,102799,Mortgage,160089,6.21,30,Paid Off,0,2026-06-18
704684,130334,Auto Loan,26982,9.56,5,Active,0,2023-09-24
704685,105275,Auto Loan,12056,6.59,3,Active,0,2023-11-09
704686,110820,Personal Loan,2888,4.62,5,Paid Off,0,2024-10-07
704687,131365,Personal Loan,13551,3.84,5,Active,0,2024-10-15
704688,124808,Business Loan,155369,6.43,10,Active,0,2022-02-03
704689,144596,Personal Loan,9085,9.55,1,Paid Off,0,2024-07-07
704690,121154,Mortgage,545672,4.16,30,Active,0,2024-08-02
704691,145054,Mortgage,437138,5.31,30,Paid Off,0,2026-03-05
704692,121131,Business Loan,51941,4.45,10,Active,0,2024-04-28
704693,111601,Personal Loan,22763,4.96,1,Active,0,2025-03-16
704694,103788,Mortgage,533252,5.65,30,Paid Off,0,2023-01-01
704695,122892,Business Loan,161057,5.82,10,Active,0,2025-02-23
704696,133901,Auto Loan,51334,3.63,5,Paid Off,0,2026-01-15
704697,113618,Personal Loan,24973,5.85,5,Active,0,2023-05-20
704698,126683,Auto Loan,42817,3.61,3,Paid Off,0,2026-03-02
704699,146296,Personal Loan,18684,7.15,1,Active,0,2024-10-09
704700,118496,Auto Loan,59355,8.88,3,Paid Off,0,2023-01-16
704701,148625,Personal Loan,11819,6.63,1,Active,0,2025-06-11
704702,136287,Personal Loan,2566,6.33,5,Paid Off,0,2026-06-24
704703,145451,Personal Loan,22632,6.06,3,Active,0,2025-12-04
704704,129833,Business Loan,88932,5.71,5,Paid Off,0,2022-01-20
704705,101668,Personal Loan,1826,6.65,3,Paid Off,0,2022-06-17
704706,108247,Business Loan,73380,5.36,5,Defaulted,1,2023-01-29
704707,123292,Business Loan,241384,3.99,10,Paid Off,0,2026-05-24
704708,115798,Personal Loan,16177,3.67,1,Paid Off,0,2024-10-16
704709,131328,Personal Loan,11046,3.89,1,Active,0,2023-03-07
704710,121043,Business Loan,225402,3.5,10,Active,0,2022-10-28
704711,129167,Mortgage,486357,5.3,30,Paid Off,0,2021-09-14
704712,148245,Business Loan,122390,11.2,5,Active,0,2023-03-15
704713,134522,Business Loan,226264,4.58,5,Active,0,2026-05-11
704714,132503,Business Loan,248448,7.62,10,Active,0,2024-06-12
704715,132999,Personal Loan,17497,3.58,1,Active,0,2024-07-31
704716,149895,Business Loan,159199,4.79,10,Active,0,2024-06-07
704717,126876,Personal Loan,17970,7.95,1,Active,0,2023-12-21
704718,114499,Business Loan,138110,6.37,10,Active,0,2021-09-10
704719,136251,Personal Loan,14217,6.71,5,Active,0,2022-12-14
704720,129574,Business Loan,194205,5.59,10,Paid Off,0,2023-10-29
704721,139973,Personal Loan,19532,10.71,1,Active,0,2023-11-17
704722,122952,Personal Loan,16149,3.69,1,Paid Off,0,2021-10-12
704723,144578,Mortgage,173084,5.39,30,Paid Off,0,2022-05-03
704724,103486,Personal Loan,15388,6.05,1,Paid Off,0,2022-03-05
704725,148172,Business Loan,170070,5.32,5,Active,0,2025-05-17
704726,148696,Auto Loan,14470,7.07,5,Active,0,2022-11-23
704727,120705,Auto Loan,38852,10.24,3,Paid Off,0,2022-12-26
704728,100354,Personal Loan,7215,5.0,5,Paid Off,0,2023-07-15
704729,107852,Auto Loan,11278,10.11,5,Active,0,2024-01-14
704730,140565,Auto Loan,28281,5.05,3,Paid Off,0,2023-02-27
704731,110064,Personal Loan,12644,5.87,1,Paid Off,0,2023-03-22
704732,130768,Personal Loan,17106,10.21,5,Active,0,2024-09-04
704733,146182,Mortgage,554170,7.0,30,Paid Off,0,2023-03-09
704734,130621,Mortgage,590594,5.05,30,Paid Off,0,2024-04-21
704735,125406,Mortgage,542950,6.86,30,Active,0,2021-09-22
704736,117104,Business Loan,156021,5.58,5,Active,0,2021-11-10
704737,110476,Personal Loan,3267,5.7,3,Active,0,2023-12-16
704738,138294,Business Loan,68355,3.69,10,Active,0,2024-01-01
704739,140254,Auto Loan,27855,6.91,3,Active,0,2023-05-31
704740,107379,Personal Loan,3092,4.87,3,Active,0,2022-07-06
704741,119496,Personal Loan,12869,6.97,3,Defaulted,1,2022-05-11
704742,139588,Personal Loan,17867,6.84,5,Active,0,2022-08-18
704743,148062,Mortgage,170203,6.77,30,Paid Off,0,2023-12-16
704744,148295,Personal Loan,16609,5.7,5,Active,0,2023-07-28
704745,122264,Business Loan,170437,5.12,10,Paid Off,0,2024-01-17
704746,137821,Auto Loan,49856,6.08,5,Active,0,2022-01-08
704747,144338,Personal Loan,2479,9.74,5,Active,0,2022-01-30
704748,102652,Mortgage,255665,11.88,30,Paid Off,0,2025-03-13
704749,136786,Mortgage,404786,3.6,30,Paid Off,0,2025-03-28
704750,132690,Business Loan,104760,10.23,10,Paid Off,0,2026-01-06
704751,139699,Personal Loan,10726,9.74,5,Paid Off,0,2023-06-18
704752,149031,Personal Loan,19320,9.26,5,Active,0,2022-06-28
704753,114169,Auto Loan,36934,6.44,6,Paid Off,0,2022-02-14
704754,109400,Mortgage,475779,6.6,30,Active,0,2022-02-04
704755,138877,Mortgage,575003,4.82,30,Paid Off,0,2023-04-13
704756,122779,Mortgage,184406,4.87,30,Active,0,2022-06-05
704757,129903,Mortgage,326992,6.95,30,Paid Off,0,2022-05-23
704758,121296,Auto Loan,14043,3.78,6,Active,0,2025-05-28
704759,128773,Auto Loan,33712,9.24,3,Paid Off,0,2024-07-13
704760,105045,Mortgage,200816,8.62,30,Paid Off,0,2022-10-26
704761,125598,Business Loan,222837,5.08,5,Active,0,2023-06-25
704762,115158,Auto Loan,11963,11.16,6,Defaulted,1,2026-04-13
704763,142212,Auto Loan,50098,3.69,6,Active,0,2023-04-01
704764,127619,Personal Loan,8473,6.16,5,Paid Off,0,2025-12-31
704765,138002,Business Loan,176430,11.71,5,Defaulted,1,2023-02-13
704766,122654,Personal Loan,23884,11.84,1,Active,0,2025-12-09
704767,124317,Business Loan,28856,5.4,10,Paid Off,0,2024-10-04
704768,138925,Auto Loan,41022,10.79,3,Active,0,2022-06-08
704769,111729,Mortgage,401268,6.93,30,Paid Off,0,2025-03-30
704770,136599,Auto Loan,32481,6.49,3,Active,0,2024-06-10
704771,137315,Mortgage,358649,3.8,30,Active,0,2025-10-15
704772,140983,Business Loan,213925,5.18,5,Paid Off,0,2021-11-12
704773,126822,Auto Loan,22858,6.04,6,Paid Off,0,2021-12-13
704774,144654,Business Loan,94398,6.01,5,Active,0,2024-04-21
704775,128580,Personal Loan,12719,6.64,1,Defaulted,1,2024-12-30
704776,134976,Business Loan,188540,3.96,5,Paid Off,0,2025-03-18
704777,122651,Personal Loan,20533,6.48,3,Paid Off,0,2025-03-26
704778,141112,Mortgage,304571,5.63,30,Paid Off,0,2022-11-21
704779,119151,Business Loan,167513,4.06,10,Paid Off,0,2026-03-23
704780,141977,Mortgage,288314,6.52,30,Active,0,2025-07-20
704781,102000,Mortgage,498910,6.57,30,Active,0,2025-10-15
704782,118219,Personal Loan,17136,4.85,3,Active,0,2026-05-02
704783,136112,Mortgage,168421,11.64,30,Paid Off,0,2021-12-13
704784,146234,Mortgage,543654,10.03,30,Active,0,2022-10-02
704785,129244,Personal Loan,9851,11.51,3,Paid Off,0,2023-04-24
704786,125673,Mortgage,421123,4.66,30,Active,0,2022-03-13
704787,141396,Auto Loan,27137,7.25,5,Paid Off,0,2023-09-05
704788,114402,Mortgage,454031,9.21,30,Paid Off,0,2023-12-29
704789,145849,Mortgage,235796,8.19,30,Paid Off,0,2026-06-28
704790,121377,Auto Loan,42011,5.24,5,Paid Off,0,2023-07-11
704791,121538,Personal Loan,17548,6.27,3,Active,0,2023-07-02
704792,109036,Personal Loan,13966,4.71,1,Active,0,2024-08-31
704793,144531,Mortgage,578089,5.86,30,Active,0,2026-07-14
704794,115075,Mortgage,287562,10.04,30,Active,0,2025-11-20
704795,126330,Auto Loan,31322,7.0,6,Paid Off,0,2021-07-18
704796,109986,Personal Loan,12964,6.78,1,Active,0,2022-09-09
704797,149731,Business Loan,110701,7.29,10,Paid Off,0,2022-10-04
704798,119499,Personal Loan,17752,6.41,3,Paid Off,0,2025-06-25
704799,141632,Auto Loan,35729,4.48,6,Paid Off,0,2025-02-06
704800,138805,Mortgage,549112,6.86,30,Paid Off,0,2022-09-15
704801,134613,Personal Loan,20758,4.23,5,Paid Off,0,2024-05-20
704802,142775,Business Loan,223902,10.12,10,Paid Off,0,2024-01-15
704803,106268,Personal Loan,20934,6.76,3,Defaulted,1,2025-04-17
704804,134191,Auto Loan,43849,5.44,6,Paid Off,0,2024-03-03
704805,115207,Business Loan,159400,4.21,10,Paid Off,0,2022-05-30
704806,146263,Auto Loan,20823,3.72,6,Active,0,2024-10-20
704807,138381,Auto Loan,29714,6.61,5,Active,0,2023-02-05
704808,106567,Personal Loan,7232,10.86,1,Active,0,2023-01-17
704809,112994,Business Loan,209211,7.64,10,Paid Off,0,2025-01-18
704810,135406,Personal Loan,14782,6.26,5,Active,0,2024-10-29
704811,145301,Personal Loan,17049,8.66,5,Active,0,2023-10-02
704812,127249,Mortgage,353464,11.21,30,Active,0,2022-08-13
704813,149644,Auto Loan,55197,4.72,3,Paid Off,0,2022-09-30
704814,137083,Auto Loan,14906,11.61,5,Active,0,2024-09-02
704815,114128,Auto Loan,17320,6.38,5,Active,0,2026-06-20
704816,122016,Auto Loan,27572,6.94,5,Active,0,2021-10-01
704817,105089,Business Loan,185494,6.44,5,Active,0,2021-10-26
704818,126768,Personal Loan,21756,6.67,1,Paid Off,0,2022-03-03
704819,107615,Auto Loan,33203,4.08,3,Paid Off,0,2025-08-09
704820,132447,Personal Loan,24859,11.72,5,Active,0,2024-05-26
704821,143832,Personal Loan,8692,4.1,1,Active,0,2023-03-27
704822,115286,Business Loan,103808,8.28,10,Paid Off,0,2023-03-16
704823,140804,Business Loan,83147,5.37,10,Active,0,2026-05-19
704824,124784,Business Loan,121539,8.73,10,Active,0,2023-10-14
704825,126357,Auto Loan,45551,6.13,3,Active,0,2023-02-03
704826,113290,Personal Loan,8604,4.91,5,Paid Off,0,2021-12-19
704827,115134,Auto Loan,34456,6.28,5,Paid Off,0,2021-08-07
704828,111827,Auto Loan,38258,7.28,5,Paid Off,0,2025-03-26
704829,114403,Business Loan,181810,11.07,5,Paid Off,0,2025-04-27
704830,133492,Business Loan,207885,6.6,5,Paid Off,0,2025-07-03
704831,109254,Mortgage,315398,6.39,30,Paid Off,0,2026-04-20
704832,137765,Mortgage,316728,3.76,30,Active,0,2024-02-05
704833,101487,Personal Loan,3134,4.2,5,Paid Off,0,2026-02-25
704834,122898,Auto Loan,22825,3.71,3,Paid Off,0,2024-11-28
704835,123327,Auto Loan,56207,4.11,3,Paid Off,0,2025-03-29
704836,121419,Mortgage,419743,6.03,30,Paid Off,0,2025-09-16
704837,129045,Mortgage,230583,4.99,30,Defaulted,1,2022-07-08
704838,104336,Personal Loan,10840,3.89,3,Active,0,2022-04-25
704839,126314,Mortgage,197106,5.17,30,Active,0,2024-05-12
704840,115452,Personal Loan,19475,6.38,5,Active,0,2024-11-13
704841,122532,Business Loan,148245,6.9,10,Paid Off,0,2025-12-31
704842,115157,Business Loan,152858,4.54,5,Paid Off,0,2025-09-28
704843,117990,Business Loan,68743,6.48,10,Paid Off,0,2024-05-02
704844,148344,Business Loan,114334,4.81,10,Paid Off,0,2021-10-05
704845,135316,Auto Loan,53798,8.66,6,Paid Off,0,2025-11-14
704846,129156,Auto Loan,27545,5.61,6,Active,0,2023-03-08
704847,112362,Personal Loan,15465,4.74,1,Active,0,2022-05-28
704848,110259,Business Loan,135678,6.72,10,Paid Off,0,2022-07-28
704849,133011,Personal Loan,14214,6.98,1,Paid Off,0,2021-10-24
704850,113700,Auto Loan,47768,5.99,3,Active,0,2025-03-01
704851,145947,Business Loan,208462,8.98,10,Paid Off,0,2024-08-14
704852,137452,Mortgage,499668,4.54,30,Paid Off,0,2025-02-24
704853,101703,Personal Loan,8762,4.81,1,Paid Off,0,2024-09-19
704854,111327,Mortgage,393864,5.44,30,Active,0,2023-09-13
704855,116731,Auto Loan,52081,4.9,3,Paid Off,0,2023-06-02
704856,103994,Business Loan,149998,10.26,10,Active,0,2026-02-25
704857,125485,Personal Loan,19727,4.26,5,Paid Off,0,2023-12-10
704858,105265,Personal Loan,14389,5.42,5,Active,0,2025-06-01
704859,107743,Business Loan,146649,4.51,5,Paid Off,0,2021-07-29
704860,103912,Business Loan,226937,4.74,5,Active,0,2024-12-20
704861,138490,Business Loan,232350,11.67,10,Paid Off,0,2024-05-15
704862,107984,Business Loan,130249,4.09,10,Active,0,2023-08-14
704863,115529,Business Loan,43500,5.59,5,Active,0,2022-02-10
704864,100930,Auto Loan,40432,10.85,5,Paid Off,0,2023-07-13
704865,139238,Mortgage,418003,11.47,30,Active,0,2023-11-30
704866,113889,Business Loan,34092,9.59,5,Paid Off,0,2022-09-09
704867,137007,Mortgage,318100,6.37,30,Paid Off,0,2025-01-16
704868,130385,Personal Loan,8313,7.1,3,Active,0,2025-12-06
704869,145237,Personal Loan,21158,6.99,3,Active,0,2025-12-03
704870,100861,Auto Loan,19216,7.46,3,Paid Off,0,2024-05-16
704871,140815,Business Loan,240550,4.8,10,Paid Off,0,2024-04-20
704872,113000,Business Loan,91844,5.29,5,Paid Off,0,2021-12-21
704873,132420,Auto Loan,27152,4.38,6,Paid Off,0,2021-09-17
704874,101594,Business Loan,178360,6.26,5,Paid Off,0,2022-05-20
704875,110239,Mortgage,516731,6.55,30,Paid Off,0,2025-05-04
704876,132878,Mortgage,542710,5.5,30,Active,0,2024-02-29
704877,119487,Business Loan,185185,6.44,10,Paid Off,0,2024-03-05
704878,121842,Mortgage,178875,5.93,30,Active,0,2022-06-05
704879,141171,Business Loan,118709,6.68,10,Active,0,2026-06-13
704880,105975,Personal Loan,6046,10.86,1,Paid Off,0,2025-05-17
704881,129288,Auto Loan,19081,4.58,6,Defaulted,1,2025-06-24
704882,146380,Auto Loan,10588,8.05,6,Active,0,2021-09-30
704883,124461,Personal Loan,19546,9.87,5,Paid Off,0,2026-07-02
704884,136301,Mortgage,331408,4.01,30,Active,0,2024-08-26
704885,111275,Personal Loan,21752,5.0,5,Active,0,2024-03-01
704886,144648,Mortgage,214731,6.14,30,Paid Off,0,2024-07-21
704887,125642,Personal Loan,20591,5.78,5,Paid Off,0,2025-06-23
704888,126323,Personal Loan,7256,11.89,5,Active,0,2025-11-03
704889,142086,Business Loan,157144,4.85,10,Active,0,2022-03-17
704890,125882,Mortgage,371701,6.77,30,Active,0,2023-07-25
704891,111597,Business Loan,149632,4.12,5,Paid Off,0,2025-07-20
704892,114577,Personal Loan,13081,5.61,5,Paid Off,0,2023-07-21
704893,149204,Mortgage,402888,6.85,30,Active,0,2021-11-22
704894,126364,Auto Loan,54972,5.23,5,Defaulted,1,2026-05-08
704895,118501,Personal Loan,7358,7.9,5,Paid Off,0,2022-10-13
704896,145267,Business Loan,227178,5.21,10,Active,0,2023-05-24
704897,114495,Mortgage,492890,4.31,30,Active,0,2022-11-30
704898,129568,Mortgage,353066,5.26,30,Active,0,2023-11-02
704899,143607,Personal Loan,10939,5.81,5,Paid Off,0,2025-06-01
704900,123702,Personal Loan,1418,11.93,3,Active,0,2025-07-01
704901,119392,Business Loan,100305,5.6,5,Paid Off,0,2023-10-12
704902,138551,Personal Loan,9553,5.15,3,Active,0,2024-10-09
704903,110814,Business Loan,112072,11.13,10,Defaulted,1,2022-07-23
704904,132141,Mortgage,592695,5.59,30,Paid Off,0,2022-09-16
704905,108869,Mortgage,478388,5.74,30,Active,0,2025-05-17
704906,100225,Mortgage,311986,10.68,30,Active,0,2026-04-23
704907,117395,Personal Loan,10754,5.97,5,Active,0,2021-11-13
704908,134081,Auto Loan,54446,5.28,6,Active,0,2021-10-21
704909,142030,Business Loan,173489,6.27,5,Paid Off,0,2023-08-17
704910,119888,Mortgage,238660,10.94,30,Active,0,2021-11-10
704911,119395,Auto Loan,34569,10.84,5,Active,0,2025-05-20
704912,120634,Business Loan,144290,6.15,10,Active,0,2025-05-29
704913,137421,Business Loan,46636,4.95,5,Active,0,2023-03-03
704914,102761,Mortgage,396970,5.46,30,Paid Off,0,2025-02-02
704915,133479,Personal Loan,14211,10.31,3,Active,0,2022-01-05
704916,110926,Mortgage,465417,7.82,30,Active,0,2022-03-25
704917,146030,Auto Loan,27593,5.99,6,Paid Off,0,2024-06-08
704918,104538,Mortgage,511630,5.87,30,Active,0,2024-01-11
704919,141714,Business Loan,53488,5.87,5,Paid Off,0,2022-09-27
704920,119512,Mortgage,369486,5.01,30,Paid Off,0,2022-07-04
704921,139211,Business Loan,135808,6.78,5,Paid Off,0,2026-07-04
704922,129266,Auto Loan,47578,7.23,3,Paid Off,0,2024-03-05
704923,145845,Mortgage,165033,5.74,30,Paid Off,0,2023-01-23
704924,139438,Mortgage,558865,9.45,30,Active,0,2025-07-08
704925,144431,Personal Loan,5794,5.79,3,Paid Off,0,2021-07-18
704926,122522,Auto Loan,26270,6.79,5,Active,0,2025-07-14
704927,121656,Mortgage,405309,7.65,30,Defaulted,1,2023-03-07
704928,149584,Mortgage,228794,8.32,30,Paid Off,0,2024-07-27
704929,114459,Auto Loan,16141,6.54,6,Active,0,2024-01-23
704930,114409,Auto Loan,54102,4.93,6,Paid Off,0,2024-07-30
704931,133227,Mortgage,420702,6.19,30,Paid Off,0,2023-08-06
704932,107212,Auto Loan,10224,4.7,5,Active,0,2026-03-04
704933,114580,Mortgage,424291,9.27,30,Paid Off,0,2023-05-29
704934,114836,Mortgage,538483,4.87,30,Active,0,2023-07-08
704935,140778,Business Loan,212193,6.97,10,Paid Off,0,2026-07-04
704936,123969,Business Loan,64592,10.22,10,Active,0,2025-10-21
704937,116274,Personal Loan,1393,4.14,5,Paid Off,0,2025-01-26
704938,137445,Business Loan,209197,5.91,10,Paid Off,0,2022-08-04
704939,129638,Mortgage,150055,5.14,30,Paid Off,0,2025-04-04
704940,101397,Auto Loan,56343,5.55,5,Active,0,2024-08-31
704941,146410,Business Loan,96807,3.69,5,Paid Off,0,2023-11-23
704942,145749,Business Loan,66972,6.53,10,Active,0,2025-02-21
704943,115952,Auto Loan,21749,4.8,6,Paid Off,0,2021-08-02
704944,119820,Personal Loan,4380,5.2,5,Active,0,2021-08-08
704945,138359,Business Loan,212032,10.11,10,Active,0,2023-11-06
704946,117309,Personal Loan,14859,8.83,5,Paid Off,0,2022-04-22
704947,116599,Mortgage,325158,8.77,30,Active,0,2022-12-02
704948,146341,Mortgage,222778,4.24,30,Paid Off,0,2025-12-16
704949,101246,Auto Loan,58674,6.08,3,Active,0,2021-10-05
704950,116030,Auto Loan,12251,5.6,3,Paid Off,0,2025-07-17
704951,126644,Mortgage,512420,6.64,30,Defaulted,1,2023-06-13
704952,145566,Personal Loan,6496,6.15,5,Paid Off,0,2024-09-16
704953,127674,Auto Loan,45359,9.95,5,Active,0,2024-01-06
704954,120958,Mortgage,422810,6.17,30,Paid Off,0,2025-08-07
704955,143024,Personal Loan,12372,5.07,1,Paid Off,0,2022-04-15
704956,133713,Personal Loan,2928,9.5,3,Defaulted,1,2021-11-17
704957,106939,Business Loan,123771,8.51,10,Paid Off,0,2022-03-12
704958,145126,Mortgage,363760,9.16,30,Active,0,2026-05-23
704959,113924,Personal Loan,9209,11.2,5,Active,0,2022-12-01
704960,103241,Personal Loan,3206,6.13,3,Paid Off,0,2021-12-03
704961,111150,Personal Loan,5679,6.26,5,Active,0,2023-03-17
704962,148319,Auto Loan,42009,3.95,6,Paid Off,0,2026-02-23
704963,119671,Business Loan,249889,6.78,5,Paid Off,0,2022-07-29
704964,101413,Business Loan,72333,5.95,10,Active,0,2024-10-13
704965,128282,Auto Loan,21572,5.51,3,Active,0,2026-03-30
704966,141012,Auto Loan,15616,3.94,3,Paid Off,0,2026-06-06
704967,134240,Business Loan,244182,8.16,10,Active,0,2023-12-30
704968,129575,Auto Loan,41903,5.66,3,Paid Off,0,2026-03-28
704969,141270,Auto Loan,18467,4.33,5,Active,0,2025-04-30
704970,108257,Auto Loan,42067,9.33,3,Paid Off,0,2022-07-26
704971,126852,Mortgage,176873,5.45,30,Active,0,2022-10-11
704972,108880,Business Loan,102232,7.72,10,Active,0,2026-04-03
704973,122078,Business Loan,112130,6.94,5,Paid Off,0,2025-10-25
704974,147730,Mortgage,222369,5.26,30,Active,0,2022-07-30
704975,119349,Mortgage,447630,9.08,30,Active,0,2021-12-20
704976,132181,Business Loan,99533,10.3,10,Active,0,2021-10-15
704977,116954,Mortgage,535583,6.77,30,Active,0,2024-08-07
704978,139246,Business Loan,25015,4.94,5,Active,0,2023-01-31
704979,101621,Mortgage,400532,5.21,30,Active,0,2023-01-11
704980,147756,Personal Loan,19957,5.71,5,Paid Off,0,2024-08-26
704981,145675,Personal Loan,5645,11.77,5,Paid Off,0,2023-04-23
704982,102404,Personal Loan,9415,5.78,3,Active,0,2021-11-01
704983,130796,Personal Loan,13887,5.29,3,Defaulted,1,2024-10-09
704984,137586,Personal Loan,13665,6.07,1,Defaulted,1,2025-09-11
704985,123317,Business Loan,181614,3.88,10,Paid Off,0,2026-03-23
704986,112830,Business Loan,242567,4.06,5,Paid Off,0,2024-04-09
704987,133557,Mortgage,186720,4.56,30,Paid Off,0,2023-06-08
704988,129557,Personal Loan,22084,6.04,3,Paid Off,0,2022-11-09
704989,143986,Mortgage,503434,5.46,30,Paid Off,0,2025-04-01
704990,127893,Business Loan,134578,3.87,5,Paid Off,0,2021-10-17
704991,105294,Personal Loan,21430,4.47,1,Paid Off,0,2024-12-12
704992,124913,Business Loan,238524,8.14,10,Paid Off,0,2024-06-30
704993,134659,Mortgage,253734,6.8,30,Active,0,2024-06-13
704994,101784,Mortgage,154032,11.71,30,Active,0,2023-12-22
704995,139885,Auto Loan,17755,4.78,6,Active,0,2023-05-09
704996,117566,Business Loan,40890,7.22,10,Paid Off,0,2024-10-06
704997,116062,Personal Loan,22213,7.91,3,Paid Off,0,2025-04-21
704998,148445,Personal Loan,17343,3.83,1,Active,0,2026-04-28
704999,120382,Auto Loan,33967,6.55,6,Active,0,2025-03-21
705000,140877,Personal Loan,22399,5.02,5,Active,0,2024-06-07
705001,118057,Personal Loan,21620,6.11,5,Active,0,2025-02-13
705002,119066,Mortgage,395738,7.7,30,Paid Off,0,2021-11-05
705003,120525,Auto Loan,29801,5.73,5,Active,0,2025-07-18
705004,105847,Mortgage,574367,9.67,30,Active,0,2022-08-08
705005,118622,Auto Loan,41246,11.19,5,Active,0,2024-09-27
705006,145473,Mortgage,571138,9.29,30,Paid Off,0,2023-05-19
705007,131760,Mortgage,445389,8.44,30,Paid Off,0,2024-09-03
705008,105211,Auto Loan,58783,7.0,5,Paid Off,0,2023-08-16
705009,125730,Business Loan,168164,4.36,5,Active,0,2024-01-26
705010,106373,Personal Loan,14355,4.69,1,Active,0,2025-07-21
705011,130197,Business Loan,108685,3.97,5,Active,0,2023-09-25
705012,123945,Auto Loan,14251,6.1,6,Active,0,2025-12-08
705013,136934,Auto Loan,59024,6.68,3,Paid Off,0,2026-04-26
705014,134847,Personal Loan,21046,6.36,5,Paid Off,0,2025-03-13
705015,115292,Business Loan,149859,5.29,10,Paid Off,0,2023-01-11
705016,101851,Business Loan,181079,5.22,5,Active,0,2022-09-15
705017,118432,Mortgage,491429,10.15,30,Active,0,2026-02-01
705018,128970,Mortgage,362600,9.38,30,Paid Off,0,2021-12-28
705019,117039,Personal Loan,12785,5.17,3,Paid Off,0,2023-08-12
705020,106687,Auto Loan,23622,6.58,3,Paid Off,0,2026-02-15
705021,140938,Mortgage,593402,5.89,30,Paid Off,0,2023-05-09
705022,142181,Personal Loan,19737,10.66,1,Paid Off,0,2025-11-01
705023,125252,Business Loan,133984,6.52,10,Active,0,2025-06-30
705024,118841,Auto Loan,43375,6.08,3,Paid Off,0,2023-01-24
705025,115806,Auto Loan,12649,4.42,5,Active,0,2023-02-28
705026,104181,Personal Loan,5410,5.79,1,Active,0,2025-04-30
705027,113862,Mortgage,213176,4.46,30,Active,0,2022-11-15
705028,120189,Auto Loan,18353,8.72,5,Paid Off,0,2024-02-15
705029,108784,Auto Loan,25347,5.76,5,Paid Off,0,2022-11-27
705030,103705,Personal Loan,19532,3.66,5,Active,0,2023-02-12
705031,124445,Business Loan,114956,3.89,5,Active,0,2026-04-25
705032,137771,Auto Loan,41235,5.15,5,Active,0,2025-04-09
705033,105158,Business Loan,236369,11.49,5,Paid Off,0,2023-11-28
705034,129836,Personal Loan,7837,7.96,3,Active,0,2022-06-01
705035,106129,Business Loan,194218,10.72,10,Paid Off,0,2022-05-20
705036,111029,Mortgage,265488,9.4,30,Paid Off,0,2022-07-23
705037,147338,Auto Loan,35381,3.61,5,Paid Off,0,2023-04-07
705038,136029,Auto Loan,57421,3.84,6,Active,0,2024-02-23
705039,133446,Business Loan,193536,3.6,5,Paid Off,0,2023-02-05
705040,104116,Mortgage,173457,3.77,30,Paid Off,0,2026-02-04
705041,111756,Auto Loan,30246,4.43,5,Paid Off,0,2025-09-25
705042,127123,Auto Loan,48994,3.51,3,Paid Off,0,2023-03-23
705043,105369,Mortgage,383512,3.86,30,Defaulted,1,2023-02-06
705044,115978,Mortgage,251729,5.14,30,Paid Off,0,2024-11-23
705045,109134,Personal Loan,5860,5.06,5,Paid Off,0,2022-01-19
705046,111061,Personal Loan,24196,7.58,5,Paid Off,0,2025-11-05
705047,104550,Mortgage,192556,5.31,30,Active,0,2025-06-30
705048,135858,Business Loan,55649,4.17,10,Active,0,2023-01-07
705049,146856,Personal Loan,24642,5.95,1,Defaulted,1,2023-02-03
705050,143900,Business Loan,162204,10.96,10,Paid Off,0,2021-10-10
705051,117577,Business Loan,222863,3.77,5,Paid Off,0,2022-07-14
705052,102746,Auto Loan,56292,5.12,6,Active,0,2022-12-05
705053,121850,Business Loan,48053,6.62,10,Defaulted,1,2025-11-18
705054,125747,Business Loan,104743,6.29,10,Paid Off,0,2021-09-16
705055,106072,Business Loan,193800,8.05,10,Active,0,2023-05-27
705056,123920,Personal Loan,10418,5.6,3,Active,0,2021-07-23
705057,112933,Mortgage,415053,4.56,30,Paid Off,0,2023-02-28
705058,136180,Personal Loan,7012,4.16,1,Paid Off,0,2026-06-04
705059,134380,Mortgage,499440,5.15,30,Active,0,2026-05-12
705060,128996,Personal Loan,14886,6.03,3,Active,0,2023-05-21
705061,138260,Business Loan,247546,6.98,5,Active,0,2024-04-12
705062,100512,Business Loan,191448,6.68,5,Active,0,2022-11-09
705063,116134,Business Loan,94351,11.05,5,Paid Off,0,2023-08-26
705064,135633,Business Loan,183498,5.15,5,Paid Off,0,2026-01-25
705065,108088,Auto Loan,13575,7.8,6,Paid Off,0,2024-03-30
705066,136092,Mortgage,281877,5.05,30,Paid Off,0,2022-01-15
705067,131391,Business Loan,195529,5.09,10,Paid Off,0,2022-10-13
705068,133042,Business Loan,236096,5.29,10,Active,0,2023-10-25
705069,134308,Business Loan,118283,4.02,10,Active,0,2024-06-03
705070,112627,Mortgage,550574,5.72,30,Active,0,2022-05-11
705071,101976,Auto Loan,54958,9.57,5,Paid Off,0,2023-07-01
705072,107337,Personal Loan,5694,5.73,1,Active,0,2024-09-16
705073,142452,Mortgage,394307,11.89,30,Active,0,2023-12-27
705074,122971,Personal Loan,24234,11.64,1,Paid Off,0,2021-09-21
705075,137307,Business Loan,100068,6.05,10,Paid Off,0,2024-07-05
705076,144971,Auto Loan,22416,11.71,6,Paid Off,0,2025-11-18
705077,105216,Business Loan,56108,10.95,5,Paid Off,0,2026-03-22
705078,123622,Personal Loan,8709,6.08,3,Defaulted,1,2026-05-03
705079,141399,Business Loan,237920,9.08,10,Paid Off,0,2024-04-15
705080,120310,Business Loan,236297,4.36,5,Active,0,2024-10-06
705081,100657,Business Loan,146180,6.54,5,Paid Off,0,2022-08-31
705082,135037,Mortgage,393290,5.06,30,Active,0,2023-06-24
705083,144827,Personal Loan,8893,6.88,1,Paid Off,0,2021-09-22
705084,115943,Auto Loan,28409,7.74,6,Active,0,2025-02-14
705085,142013,Mortgage,395617,4.83,30,Paid Off,0,2025-12-25
705086,128057,Auto Loan,14820,6.42,3,Active,0,2023-10-05
705087,121871,Auto Loan,58785,5.2,6,Paid Off,0,2023-01-08
705088,107027,Personal Loan,17487,8.24,3,Paid Off,0,2025-07-09
705089,149785,Personal Loan,18669,6.46,5,Paid Off,0,2024-12-29
705090,130812,Business Loan,234026,6.62,10,Paid Off,0,2025-01-27
705091,135601,Auto Loan,27864,4.96,6,Paid Off,0,2023-08-04
705092,121546,Auto Loan,35888,6.13,5,Paid Off,0,2023-11-24
705093,114794,Mortgage,194522,5.24,30,Paid Off,0,2024-01-12
705094,145053,Business Loan,119461,5.96,5,Paid Off,0,2023-07-31
705095,103899,Auto Loan,11368,8.77,3,Active,0,2023-10-21
705096,129368,Business Loan,129861,4.59,10,Paid Off,0,2024-09-23
705097,115625,Auto Loan,49892,4.29,5,Active,0,2023-12-30
705098,146648,Mortgage,520398,6.9,30,Paid Off,0,2022-02-16
705099,110284,Business Loan,37884,5.67,5,Paid Off,0,2023-04-23
705100,125873,Mortgage,447217,7.8,30,Active,0,2022-07-29
705101,118719,Business Loan,157132,5.65,10,Paid Off,0,2025-12-04
705102,114948,Auto Loan,22196,4.0,6,Active,0,2025-09-30
705103,138343,Auto Loan,59314,5.31,3,Paid Off,0,2024-09-15
705104,131303,Personal Loan,15322,4.79,5,Active,0,2021-07-21
705105,106542,Auto Loan,40945,11.12,6,Paid Off,0,2025-04-22
705106,142690,Auto Loan,53164,9.11,5,Active,0,2023-02-20
705107,105876,Personal Loan,1634,8.22,3,Active,0,2025-03-09
705108,149324,Personal Loan,8675,10.75,5,Paid Off,0,2022-12-15
705109,115602,Personal Loan,12586,4.77,3,Paid Off,0,2023-08-29
705110,123357,Auto Loan,40363,4.65,3,Active,0,2023-03-01
705111,146342,Personal Loan,13953,8.9,5,Paid Off,0,2023-03-14
705112,119127,Personal Loan,23640,10.4,5,Active,0,2022-10-19
705113,134791,Personal Loan,15509,8.85,3,Paid Off,0,2022-04-05
705114,136359,Business Loan,148944,6.77,10,Active,0,2022-10-31
705115,118143,Auto Loan,46130,6.56,3,Paid Off,0,2026-01-04
705116,100316,Business Loan,27951,5.14,5,Paid Off,0,2024-02-17
705117,100729,Auto Loan,21478,5.15,5,Active,0,2022-10-02
705118,145882,Business Loan,27966,4.74,10,Paid Off,0,2026-07-11
705119,106215,Personal Loan,8682,10.07,3,Active,0,2024-10-05
705120,117298,Mortgage,383392,6.28,30,Paid Off,0,2024-02-12
705121,101841,Business Loan,96319,7.24,10,Active,0,2023-05-09
705122,102386,Business Loan,200718,6.34,10,Paid Off,0,2024-09-24
705123,121345,Business Loan,46215,3.53,5,Active,0,2025-06-24
705124,122114,Auto Loan,10860,8.25,6,Paid Off,0,2021-07-17
705125,143745,Mortgage,496365,6.94,30,Active,0,2026-04-16
705126,105466,Auto Loan,12481,4.56,3,Active,0,2022-06-04
705127,138365,Mortgage,295371,4.36,30,Paid Off,0,2022-08-06
705128,146719,Business Loan,164719,6.25,10,Active,0,2024-05-22
705129,105540,Auto Loan,49776,7.21,3,Paid Off,0,2022-04-30
705130,123562,Auto Loan,27874,5.36,5,Paid Off,0,2025-09-01
705131,123012,Business Loan,30485,11.08,10,Paid Off,0,2025-06-30
705132,132741,Business Loan,130325,8.88,10,Paid Off,0,2026-02-11
705133,114163,Business Loan,106053,6.01,5,Paid Off,0,2022-12-11
705134,109062,Mortgage,421855,3.83,30,Active,0,2022-08-21
705135,128697,Mortgage,285605,6.73,30,Active,0,2026-05-21
705136,118490,Business Loan,210339,5.51,5,Paid Off,0,2023-11-19
705137,114825,Business Loan,184150,7.94,10,Active,0,2023-03-29
705138,149827,Business Loan,55696,6.03,5,Active,0,2022-04-06
705139,115679,Business Loan,62249,7.79,10,Paid Off,0,2024-05-03
705140,107932,Auto Loan,30733,5.73,3,Paid Off,0,2022-03-01
705141,138880,Personal Loan,24767,8.37,5,Active,0,2024-02-29
705142,103002,Mortgage,587745,6.4,30,Active,0,2022-04-27
705143,131443,Business Loan,88707,9.56,10,Paid Off,0,2025-09-14
705144,106262,Auto Loan,40650,10.65,3,Paid Off,0,2023-02-14
705145,103953,Business Loan,147104,5.8,10,Paid Off,0,2025-11-13
705146,145134,Mortgage,281430,6.18,30,Paid Off,0,2025-07-30
705147,133478,Business Loan,120195,6.21,5,Defaulted,1,2022-06-13
705148,118553,Mortgage,313775,6.71,30,Active,0,2023-03-15
705149,124223,Business Loan,134407,11.26,10,Active,0,2022-01-31
705150,132041,Auto Loan,11679,6.62,6,Paid Off,0,2021-08-17
705151,126218,Personal Loan,15288,6.02,5,Active,0,2024-01-29
705152,114632,Mortgage,586021,6.51,30,Paid Off,0,2026-03-23
705153,117090,Mortgage,328254,6.39,30,Paid Off,0,2025-10-15
705154,134426,Personal Loan,4037,4.24,5,Active,0,2021-09-03
705155,109376,Business Loan,157696,6.93,5,Active,0,2025-01-05
705156,117780,Mortgage,492996,6.47,30,Active,0,2022-01-24
705157,110436,Personal Loan,15991,5.93,1,Paid Off,0,2022-01-23
705158,107568,Auto Loan,39714,5.22,3,Paid Off,0,2026-07-02
705159,123549,Business Loan,168142,8.98,5,Paid Off,0,2024-08-22
705160,101458,Business Loan,179364,4.7,10,Active,0,2022-12-28
705161,142296,Personal Loan,18721,10.1,5,Paid Off,0,2022-09-16
705162,134365,Personal Loan,24614,6.35,5,Active,0,2024-11-22
705163,129308,Personal Loan,23718,9.26,1,Active,0,2022-12-18
705164,104845,Personal Loan,14656,7.84,5,Active,0,2024-09-22
705165,141960,Business Loan,48135,6.66,5,Paid Off,0,2025-07-25
705166,138152,Business Loan,58894,10.87,10,Paid Off,0,2024-09-09
705167,124380,Personal Loan,6523,7.61,3,Paid Off,0,2022-03-05
705168,138921,Auto Loan,30027,10.69,6,Paid Off,0,2021-10-04
705169,126538,Mortgage,199965,6.62,30,Paid Off,0,2022-12-21
705170,105936,Business Loan,205547,8.92,5,Active,0,2026-07-13
705171,107673,Auto Loan,39848,5.72,6,Active,0,2023-02-27
705172,140436,Business Loan,215329,6.06,5,Paid Off,0,2024-02-25
705173,135494,Auto Loan,13901,3.94,5,Active,0,2024-10-02
705174,139591,Business Loan,36869,11.05,10,Active,0,2023-12-18
705175,114174,Business Loan,176877,6.1,10,Paid Off,0,2022-10-24
705176,140381,Business Loan,38413,5.18,10,Active,0,2024-09-04
705177,123137,Business Loan,82563,5.59,10,Paid Off,0,2026-01-13
705178,129628,Personal Loan,12526,3.73,3,Active,0,2026-02-08
705179,132308,Mortgage,252548,5.75,30,Paid Off,0,2026-02-07
705180,130871,Mortgage,190636,6.69,30,Paid Off,0,2024-06-03
705181,128092,Business Loan,114694,4.79,5,Active,0,2025-05-31
705182,132484,Personal Loan,3204,3.85,1,Paid Off,0,2025-06-19
705183,132812,Mortgage,171320,5.25,30,Active,0,2021-11-30
705184,125154,Auto Loan,37234,9.92,5,Active,0,2026-02-26
705185,110153,Auto Loan,29148,9.94,3,Paid Off,0,2024-09-16
705186,125866,Business Loan,156424,5.47,5,Active,0,2026-05-01
705187,115443,Auto Loan,40707,5.25,5,Paid Off,0,2022-03-18
705188,114192,Auto Loan,21659,10.67,3,Paid Off,0,2025-07-12
705189,113717,Mortgage,470085,6.95,30,Active,0,2025-08-03
705190,117348,Business Loan,96586,8.85,10,Defaulted,1,2024-08-09
705191,106420,Personal Loan,4367,4.21,1,Paid Off,0,2021-11-07
705192,138690,Mortgage,280565,4.35,30,Active,0,2022-06-28
705193,147430,Auto Loan,30187,9.59,5,Active,0,2026-01-29
705194,134114,Auto Loan,31555,5.5,6,Active,0,2025-10-07
705195,100816,Business Loan,114960,4.02,5,Paid Off,0,2022-05-02
705196,113863,Mortgage,498697,8.62,30,Active,0,2024-11-13
705197,149436,Business Loan,63932,6.45,10,Paid Off,0,2022-05-02
705198,110587,Personal Loan,23644,3.52,3,Paid Off,0,2024-04-24
705199,149497,Business Loan,97902,6.7,5,Active,0,2024-09-13
705200,126517,Personal Loan,19327,4.76,1,Paid Off,0,2026-06-29
705201,105245,Business Loan,127108,7.12,10,Paid Off,0,2025-12-26
705202,138331,Mortgage,381184,11.88,30,Active,0,2025-06-18
705203,148332,Auto Loan,11130,4.0,3,Active,0,2024-02-19
705204,114926,Business Loan,191854,6.76,10,Active,0,2022-12-29
705205,149065,Personal Loan,24103,3.84,3,Paid Off,0,2026-02-27
705206,137864,Auto Loan,21768,4.0,6,Paid Off,0,2025-04-29
705207,123346,Business Loan,43418,8.84,5,Paid Off,0,2023-10-20
705208,127036,Business Loan,118864,6.77,5,Paid Off,0,2021-11-09
705209,140418,Mortgage,359558,4.05,30,Active,0,2021-11-03
705210,128961,Mortgage,165161,5.94,30,Active,0,2023-04-21
705211,123034,Auto Loan,27380,7.53,6,Active,0,2024-08-27
705212,117324,Auto Loan,49275,6.09,5,Paid Off,0,2024-06-21
705213,144927,Auto Loan,28964,6.94,5,Active,0,2023-12-27
705214,118246,Business Loan,102413,4.76,5,Paid Off,0,2024-06-09
705215,121403,Business Loan,49937,6.55,5,Active,0,2023-02-06
705216,147287,Mortgage,458700,11.11,30,Paid Off,0,2023-04-14
705217,114710,Auto Loan,37100,6.77,6,Active,0,2023-09-15
705218,106367,Business Loan,72152,7.89,10,Active,0,2023-04-16
705219,148395,Personal Loan,14579,5.29,1,Paid Off,0,2023-04-02
705220,142363,Personal Loan,18089,11.38,1,Paid Off,0,2024-08-12
705221,140888,Auto Loan,37016,5.82,3,Active,0,2021-10-20
705222,131706,Mortgage,398828,6.89,30,Active,0,2022-02-08
705223,103378,Personal Loan,22031,9.14,1,Active,0,2023-01-31
705224,139487,Personal Loan,24433,4.65,5,Defaulted,1,2023-01-04
705225,113702,Auto Loan,19020,5.04,5,Active,0,2022-09-09
705226,116883,Auto Loan,36744,5.49,5,Active,0,2026-06-03
705227,109656,Auto Loan,41218,6.62,5,Paid Off,0,2023-09-05
705228,140354,Business Loan,114727,5.09,10,Active,0,2021-12-20
705229,131378,Mortgage,374465,6.87,30,Active,0,2026-07-11
705230,128458,Mortgage,597130,5.92,30,Active,0,2022-04-19
705231,128446,Mortgage,414007,5.08,30,Active,0,2022-06-07
705232,126889,Mortgage,380988,8.8,30,Active,0,2024-10-22
705233,120715,Business Loan,233552,6.48,5,Active,0,2023-04-27
705234,140604,Business Loan,184739,5.19,10,Active,0,2026-04-06
705235,145281,Business Loan,177454,10.76,5,Active,0,2024-04-20
705236,132111,Mortgage,595313,9.69,30,Active,0,2024-02-27
705237,134348,Auto Loan,54175,5.66,6,Active,0,2021-12-28
705238,115204,Business Loan,231375,4.03,10,Paid Off,0,2025-07-10
705239,106892,Business Loan,66136,6.4,5,Active,0,2025-08-29
705240,122134,Auto Loan,55239,6.15,3,Active,0,2022-10-31
705241,144141,Personal Loan,10890,9.24,3,Paid Off,0,2023-07-15
705242,103028,Business Loan,70399,5.14,5,Active,0,2024-09-15
705243,116297,Mortgage,390218,6.21,30,Active,0,2025-05-06
705244,132721,Business Loan,166847,5.25,10,Paid Off,0,2026-05-18
705245,125134,Auto Loan,42494,11.45,6,Active,0,2022-11-05
705246,109055,Personal Loan,7905,6.21,5,Paid Off,0,2025-12-23
705247,134885,Auto Loan,47367,6.28,5,Paid Off,0,2024-05-06
705248,116228,Personal Loan,15057,3.71,5,Active,0,2023-05-21
705249,111281,Business Loan,195764,6.86,5,Defaulted,1,2021-10-04
705250,125573,Personal Loan,11256,4.65,3,Paid Off,0,2024-08-31
705251,136501,Mortgage,273284,7.73,30,Paid Off,0,2021-08-16
705252,148210,Business Loan,225583,4.39,10,Active,0,2025-07-08
705253,143417,Business Loan,36208,4.69,5,Active,0,2024-03-16
705254,146464,Auto Loan,25630,3.63,3,Active,0,2023-01-13
705255,116703,Personal Loan,15162,10.87,1,Active,0,2026-02-19
705256,132458,Mortgage,228672,8.02,30,Paid Off,0,2026-06-04
705257,106161,Auto Loan,22437,11.94,6,Paid Off,0,2022-01-08
705258,142991,Mortgage,439938,4.92,30,Active,0,2024-05-15
705259,119306,Mortgage,429830,8.97,30,Active,0,2023-01-17
705260,148551,Auto Loan,43409,5.85,6,Paid Off,0,2021-07-29
705261,140377,Personal Loan,4887,4.83,3,Active,0,2022-07-09
705262,139953,Business Loan,183620,4.81,10,Active,0,2023-01-13
705263,104988,Business Loan,240187,6.81,5,Active,0,2026-01-26
705264,119075,Business Loan,192177,4.5,10,Paid Off,0,2021-09-29
705265,120182,Business Loan,113807,7.94,5,Paid Off,0,2026-03-25
705266,138819,Personal Loan,7025,5.76,1,Active,0,2023-02-24
705267,119432,Business Loan,140635,6.17,10,Defaulted,1,2023-05-15
705268,136918,Auto Loan,22596,6.39,3,Active,0,2022-12-03
705269,119482,Personal Loan,22464,4.15,5,Paid Off,0,2021-08-23
705270,139058,Mortgage,165846,6.01,30,Active,0,2025-09-09
705271,139446,Personal Loan,4541,6.52,1,Paid Off,0,2026-04-14
705272,122156,Business Loan,231376,3.76,10,Paid Off,0,2024-01-25
705273,137811,Mortgage,176267,5.37,30,Active,0,2023-05-06
705274,112290,Business Loan,76654,6.6,10,Active,0,2026-07-11
705275,136128,Mortgage,392924,10.06,30,Paid Off,0,2026-04-11
705276,102296,Personal Loan,17157,5.44,5,Active,0,2022-12-02
705277,103831,Mortgage,157076,5.72,30,Paid Off,0,2022-02-16
705278,133222,Mortgage,398832,9.5,30,Active,0,2025-02-07
705279,111494,Business Loan,188709,9.6,10,Active,0,2021-12-11
705280,120790,Business Loan,163259,4.32,10,Active,0,2024-12-21
705281,144315,Personal Loan,24840,9.86,1,Paid Off,0,2026-05-18
705282,138884,Mortgage,521391,9.26,30,Paid Off,0,2024-12-25
705283,103434,Personal Loan,6493,5.59,1,Active,0,2024-01-14
705284,138207,Personal Loan,24572,3.83,1,Paid Off,0,2023-03-02
705285,103077,Personal Loan,8054,4.49,5,Active,0,2025-11-14
705286,101107,Business Loan,41765,5.71,5,Active,0,2021-11-10
705287,116655,Auto Loan,53014,7.55,6,Active,0,2022-11-02
705288,145226,Business Loan,219815,8.96,5,Paid Off,0,2024-08-14
705289,125830,Mortgage,165377,8.85,30,Paid Off,0,2025-09-23
705290,121503,Auto Loan,10075,4.79,6,Active,0,2022-01-07
705291,146860,Business Loan,121905,5.85,10,Active,0,2023-08-24
705292,102146,Auto Loan,20329,4.51,3,Active,0,2022-03-14
705293,136814,Auto Loan,47255,6.2,5,Active,0,2023-11-30
705294,125283,Auto Loan,56987,6.72,3,Paid Off,0,2023-09-14
705295,127040,Business Loan,131537,8.0,10,Defaulted,1,2023-06-24
705296,146778,Auto Loan,52929,4.67,3,Active,0,2024-02-02
705297,145189,Mortgage,340920,5.2,30,Active,0,2023-04-08
705298,118145,Personal Loan,23905,3.7,3,Active,0,2024-06-30
705299,127707,Auto Loan,43536,3.68,6,Active,0,2024-07-24
705300,146651,Business Loan,149070,11.04,10,Active,0,2024-09-12
705301,107762,Business Loan,102626,5.92,10,Paid Off,0,2023-10-15
705302,129632,Business Loan,228674,5.05,5,Active,0,2026-01-24
705303,108145,Business Loan,247512,3.91,5,Paid Off,0,2023-10-10
705304,140439,Business Loan,204345,10.91,10,Defaulted,1,2023-05-26
705305,113039,Personal Loan,17452,7.51,5,Paid Off,0,2024-09-09
705306,134037,Auto Loan,50750,4.85,6,Defaulted,1,2024-07-30
705307,136290,Personal Loan,4891,5.45,5,Active,0,2026-04-30
705308,127907,Business Loan,242991,7.42,10,Active,0,2022-09-25
705309,124656,Personal Loan,8190,5.02,1,Active,0,2022-07-12
705310,116993,Personal Loan,1206,7.35,3,Paid Off,0,2023-04-30
705311,105345,Mortgage,517425,6.66,30,Active,0,2025-08-08
705312,105165,Auto Loan,48188,5.48,3,Paid Off,0,2024-09-16
705313,134825,Business Loan,82462,10.1,5,Paid Off,0,2026-06-18
705314,101675,Auto Loan,20617,6.35,5,Active,0,2023-04-13
705315,131689,Auto Loan,37041,6.53,3,Paid Off,0,2024-07-08
705316,104146,Auto Loan,34358,6.87,3,Active,0,2025-01-05
705317,131935,Business Loan,155742,4.49,5,Active,0,2021-08-07
705318,118393,Auto Loan,35464,11.37,5,Active,0,2025-11-22
705319,104707,Mortgage,184907,4.92,30,Active,0,2026-06-23
705320,102585,Auto Loan,47265,5.49,6,Paid Off,0,2024-05-28
705321,128117,Business Loan,36211,4.67,10,Paid Off,0,2026-02-22
705322,142179,Personal Loan,15873,4.09,1,Active,0,2021-11-10
705323,131618,Business Loan,236508,5.24,5,Active,0,2021-11-29
705324,135763,Business Loan,33688,11.21,10,Active,0,2022-01-29
705325,122581,Auto Loan,32702,6.73,3,Active,0,2023-03-30
705326,113835,Auto Loan,51985,8.78,6,Active,0,2024-02-23
705327,112044,Business Loan,125614,5.67,10,Active,0,2021-11-25
705328,130767,Business Loan,240212,4.43,10,Defaulted,1,2022-10-13
705329,107128,Auto Loan,16456,4.15,3,Active,0,2022-01-05
705330,122783,Personal Loan,22642,7.91,3,Paid Off,0,2026-03-23
705331,123250,Mortgage,453336,9.93,30,Active,0,2023-02-15
705332,123885,Mortgage,517869,11.56,30,Paid Off,0,2025-07-19
705333,140093,Personal Loan,7024,4.52,3,Active,0,2022-02-08
705334,131011,Auto Loan,38999,9.22,6,Active,0,2025-10-03
705335,112082,Personal Loan,15763,5.49,5,Paid Off,0,2021-10-30
705336,107786,Personal Loan,21660,6.03,1,Paid Off,0,2025-01-15
705337,105729,Mortgage,166557,9.56,30,Active,0,2026-05-30
705338,113963,Mortgage,519417,4.6,30,Active,0,2024-02-03
705339,149261,Mortgage,435908,11.0,30,Active,0,2023-08-28
705340,105121,Auto Loan,27321,10.29,6,Paid Off,0,2021-11-14
705341,110339,Business Loan,156789,5.45,5,Paid Off,0,2023-11-07
705342,102820,Mortgage,321721,4.22,30,Active,0,2023-12-12
705343,132607,Auto Loan,12302,5.97,3,Active,0,2024-12-12
705344,101034,Business Loan,118509,4.35,10,Paid Off,0,2024-12-04
705345,100233,Business Loan,202516,9.57,5,Defaulted,1,2024-12-23
705346,120696,Auto Loan,17835,10.36,6,Paid Off,0,2022-02-27
705347,145286,Business Loan,60703,4.91,10,Active,0,2025-06-26
705348,129064,Mortgage,256493,4.78,30,Active,0,2022-12-04
705349,116381,Auto Loan,38139,9.28,6,Active,0,2024-08-21
705350,136641,Mortgage,367906,5.07,30,Defaulted,1,2024-05-26
705351,111933,Auto Loan,36750,3.5,5,Paid Off,0,2025-01-26
705352,149557,Auto Loan,28587,5.07,5,Paid Off,0,2022-09-07
705353,101319,Business Loan,150417,3.66,5,Paid Off,0,2025-11-21
705354,119421,Mortgage,230926,5.6,30,Paid Off,0,2023-06-29
705355,114194,Personal Loan,1987,4.11,3,Active,0,2022-07-18
705356,127211,Personal Loan,14074,6.88,3,Active,0,2022-01-13
705357,123943,Personal Loan,18895,5.88,5,Active,0,2026-07-06
705358,130570,Business Loan,184097,6.57,10,Active,0,2026-06-22
705359,124191,Mortgage,547101,9.42,30,Active,0,2022-08-16
705360,142795,Business Loan,216766,4.2,10,Paid Off,0,2022-09-03
705361,123407,Business Loan,76333,5.24,10,Active,0,2025-05-27
705362,100756,Business Loan,93947,6.32,10,Defaulted,1,2023-07-01
705363,127669,Auto Loan,41955,8.96,5,Paid Off,0,2026-03-29
705364,105553,Mortgage,206547,4.66,30,Active,0,2026-07-09
705365,133456,Business Loan,214659,5.34,10,Active,0,2025-10-15
705366,141063,Business Loan,206256,5.68,10,Paid Off,0,2025-08-12
705367,118337,Personal Loan,19858,6.88,5,Active,0,2023-11-02
705368,105042,Business Loan,37146,3.92,5,Active,0,2025-06-03
705369,120135,Personal Loan,16983,4.36,1,Active,0,2025-08-30
705370,106491,Business Loan,151679,6.5,5,Paid Off,0,2024-09-07
705371,118129,Auto Loan,28631,5.17,6,Active,0,2024-01-03
705372,130128,Auto Loan,32154,3.64,6,Active,0,2023-06-03
705373,138903,Business Loan,37389,6.97,10,Paid Off,0,2022-07-01
705374,114129,Business Loan,81673,8.38,5,Paid Off,0,2023-10-14
705375,128147,Mortgage,254135,5.35,30,Paid Off,0,2025-02-21
705376,106689,Mortgage,336540,4.75,30,Active,0,2023-01-07
705377,109693,Mortgage,300782,4.78,30,Active,0,2024-04-10
705378,139652,Auto Loan,16894,7.93,3,Active,0,2025-04-20
705379,100811,Mortgage,171960,4.47,30,Paid Off,0,2023-06-20
705380,128624,Personal Loan,4775,5.68,1,Active,0,2026-02-11
705381,127745,Mortgage,310871,5.32,30,Defaulted,1,2024-06-01
705382,123713,Business Loan,204689,9.49,5,Active,0,2024-08-28
705383,113504,Business Loan,246866,7.96,5,Active,0,2024-06-18
705384,113797,Personal Loan,24913,11.21,1,Active,0,2024-07-11
705385,133256,Mortgage,528687,10.56,30,Active,0,2024-11-11
705386,109720,Mortgage,201816,6.62,30,Defaulted,1,2025-10-27
705387,144136,Business Loan,82026,3.57,5,Active,0,2024-08-04
705388,108317,Business Loan,42895,5.93,5,Paid Off,0,2025-10-19
705389,136325,Business Loan,136221,8.65,10,Paid Off,0,2023-05-25
705390,148421,Business Loan,79579,4.46,5,Paid Off,0,2022-06-15
705391,139927,Mortgage,322601,5.09,30,Paid Off,0,2022-07-31
705392,102630,Personal Loan,6276,3.87,5,Paid Off,0,2024-06-02
705393,118014,Business Loan,159337,4.61,5,Active,0,2022-12-04
705394,124531,Personal Loan,7913,6.03,1,Active,0,2026-01-19
705395,108677,Mortgage,284682,3.8,30,Paid Off,0,2021-09-29
705396,101618,Mortgage,397579,11.08,30,Paid Off,0,2025-03-01
705397,121723,Personal Loan,13852,11.76,1,Defaulted,1,2025-02-09
705398,120564,Business Loan,197166,5.72,10,Active,0,2025-01-15
705399,116171,Business Loan,75889,11.83,5,Active,0,2022-11-24
705400,108489,Auto Loan,27894,6.04,5,Paid Off,0,2021-09-04
705401,116338,Auto Loan,51110,6.0,6,Paid Off,0,2021-11-14
705402,105455,Mortgage,597485,4.45,30,Active,0,2021-08-01
705403,135813,Personal Loan,8465,4.39,1,Active,0,2025-05-23
705404,148471,Auto Loan,16900,4.4,3,Active,0,2023-06-09
705405,122750,Business Loan,98433,10.78,10,Paid Off,0,2025-08-14
705406,107831,Mortgage,156918,4.99,30,Defaulted,1,2022-04-06
705407,116694,Mortgage,507320,3.8,30,Paid Off,0,2024-08-30
705408,123467,Business Loan,246487,4.63,10,Paid Off,0,2022-12-19
705409,105627,Business Loan,54778,3.93,5,Paid Off,0,2023-05-21
705410,104222,Business Loan,181330,6.91,5,Active,0,2022-05-29
705411,135609,Mortgage,530304,10.93,30,Active,0,2024-03-14
705412,121130,Mortgage,334561,5.23,30,Active,0,2022-08-21
705413,118856,Auto Loan,39407,9.25,5,Active,0,2022-12-04
705414,142678,Business Loan,80785,5.45,5,Paid Off,0,2025-12-26
705415,110639,Personal Loan,14705,10.56,1,Active,0,2024-01-25
705416,110613,Auto Loan,31818,11.95,6,Active,0,2023-11-09
705417,145809,Personal Loan,13022,7.94,1,Active,0,2025-03-15
705418,118478,Mortgage,448670,5.92,30,Active,0,2024-02-10
705419,105762,Auto Loan,24356,4.3,5,Paid Off,0,2021-11-11
705420,126689,Mortgage,445452,5.52,30,Paid Off,0,2024-03-17
705421,144532,Mortgage,588473,6.47,30,Paid Off,0,2023-01-12
705422,145317,Mortgage,323276,5.0,30,Active,0,2025-08-06
705423,144236,Personal Loan,7013,4.45,1,Active,0,2026-05-04
705424,117596,Mortgage,580961,5.23,30,Active,0,2024-09-24
705425,145087,Business Loan,58752,6.33,5,Defaulted,1,2025-12-20
705426,140910,Auto Loan,21582,5.72,3,Paid Off,0,2024-07-09
705427,122038,Auto Loan,21778,8.1,5,Active,0,2025-08-23
705428,123254,Personal Loan,23684,5.17,5,Paid Off,0,2025-08-12
705429,145133,Mortgage,254804,11.88,30,Active,0,2023-05-31
705430,127771,Auto Loan,56524,4.9,3,Paid Off,0,2021-12-01
705431,110276,Mortgage,269863,7.8,30,Paid Off,0,2024-03-23
705432,110241,Auto Loan,16714,6.0,3,Paid Off,0,2024-11-21
705433,100210,Business Loan,50812,4.16,5,Active,0,2022-09-23
705434,128976,Mortgage,296419,5.7,30,Active,0,2022-07-09
705435,139435,Personal Loan,6341,4.11,1,Active,0,2023-10-11
705436,143447,Personal Loan,13052,5.2,3,Active,0,2022-08-22
705437,143061,Personal Loan,16254,3.92,5,Paid Off,0,2026-01-03
705438,136050,Mortgage,269408,9.75,30,Paid Off,0,2023-05-29
705439,113687,Mortgage,214850,5.19,30,Paid Off,0,2023-05-09
705440,126071,Auto Loan,38833,6.09,3,Paid Off,0,2025-10-25
705441,103022,Mortgage,557609,5.64,30,Active,0,2024-05-20
705442,104110,Mortgage,240137,6.57,30,Active,0,2024-05-17
705443,119011,Mortgage,545473,6.04,30,Active,0,2025-06-15
705444,115838,Business Loan,184983,8.76,5,Active,0,2024-12-09
705445,146039,Auto Loan,21551,6.45,6,Defaulted,1,2024-04-11
705446,106756,Mortgage,392889,4.63,30,Paid Off,0,2025-09-10
705447,118806,Auto Loan,44522,10.9,6,Paid Off,0,2023-04-06
705448,132676,Business Loan,225968,6.12,10,Paid Off,0,2024-12-03
705449,142726,Business Loan,65759,4.29,5,Paid Off,0,2023-03-19
705450,111065,Mortgage,311330,7.57,30,Active,0,2024-08-30
705451,117179,Auto Loan,50113,10.91,6,Active,0,2022-05-30
705452,127737,Business Loan,199539,4.3,10,Defaulted,1,2021-10-15
705453,124456,Auto Loan,10835,5.3,5,Active,0,2022-02-14
705454,136004,Mortgage,201014,6.59,30,Paid Off,0,2025-12-10
705455,136082,Auto Loan,33276,7.17,6,Paid Off,0,2026-03-27
705456,141990,Auto Loan,21822,3.93,5,Active,0,2023-08-12
705457,114411,Mortgage,192344,9.39,30,Active,0,2021-10-23
705458,108530,Business Loan,186977,5.3,5,Active,0,2022-08-16
705459,133306,Auto Loan,56716,8.66,6,Active,0,2025-06-10
705460,123783,Personal Loan,20561,5.18,5,Active,0,2023-03-26
705461,114337,Auto Loan,25890,4.07,3,Paid Off,0,2022-07-03
705462,122954,Auto Loan,43950,5.16,5,Paid Off,0,2022-05-23
705463,136823,Business Loan,33841,6.22,5,Paid Off,0,2023-10-30
705464,111450,Business Loan,249058,4.88,5,Paid Off,0,2024-08-15
705465,107258,Auto Loan,13059,5.02,6,Active,0,2022-03-05
705466,142764,Mortgage,462349,5.1,30,Active,0,2025-09-14
705467,149141,Business Loan,74214,5.95,10,Paid Off,0,2024-02-13
705468,118603,Auto Loan,19118,8.56,6,Paid Off,0,2024-11-23
705469,103031,Business Loan,143671,6.38,5,Defaulted,1,2025-01-25
705470,146317,Auto Loan,26325,5.72,6,Paid Off,0,2023-02-08
705471,107229,Personal Loan,6756,10.6,1,Active,0,2022-04-01
705472,100116,Business Loan,172167,11.27,10,Paid Off,0,2022-10-28
705473,109246,Business Loan,229230,10.84,10,Paid Off,0,2023-04-10
705474,119475,Auto Loan,28712,4.97,3,Paid Off,0,2026-03-24
705475,118809,Mortgage,313138,11.33,30,Paid Off,0,2023-02-19
705476,124556,Business Loan,60489,6.23,10,Active,0,2022-09-23
705477,103795,Mortgage,172479,5.26,30,Active,0,2021-09-25
705478,146265,Personal Loan,15183,6.83,5,Active,0,2022-11-17
705479,147402,Business Loan,67221,6.18,5,Paid Off,0,2023-01-27
705480,112414,Mortgage,218953,5.38,30,Paid Off,0,2022-04-10
705481,105879,Auto Loan,53532,6.65,5,Paid Off,0,2024-03-28
705482,113396,Business Loan,75394,6.86,10,Defaulted,1,2023-07-18
705483,130392,Auto Loan,25159,5.62,6,Active,0,2022-03-15
705484,138491,Business Loan,87636,4.51,10,Active,0,2025-03-01
705485,106802,Mortgage,207555,4.43,30,Active,0,2023-11-28
705486,125304,Business Loan,128138,6.69,10,Active,0,2023-08-12
705487,134697,Personal Loan,9559,8.03,5,Active,0,2022-07-28
705488,108586,Auto Loan,51814,3.6,3,Active,0,2023-09-23
705489,145078,Personal Loan,21022,5.33,1,Paid Off,0,2022-10-12
705490,148407,Business Loan,195961,5.93,10,Paid Off,0,2026-05-03
705491,105625,Mortgage,500164,5.9,30,Active,0,2021-12-13
705492,110342,Personal Loan,6984,6.71,5,Active,0,2025-08-18
705493,115695,Auto Loan,21018,7.96,5,Paid Off,0,2025-06-07
705494,117258,Personal Loan,8129,3.69,1,Paid Off,0,2023-12-24
705495,134824,Auto Loan,24125,6.28,3,Active,0,2026-01-02
705496,139719,Mortgage,205195,4.93,30,Active,0,2022-06-18
705497,147284,Personal Loan,1436,6.6,3,Paid Off,0,2026-04-06
705498,135249,Mortgage,306715,10.14,30,Paid Off,0,2025-07-17
705499,105920,Personal Loan,13122,5.63,1,Paid Off,0,2022-11-05
705500,114625,Mortgage,433816,5.76,30,Active,0,2023-08-19
705501,116113,Business Loan,190255,11.91,5,Paid Off,0,2024-10-18
705502,107266,Business Loan,93996,3.55,5,Paid Off,0,2026-04-08
705503,136754,Auto Loan,48504,6.78,6,Active,0,2023-07-27
705504,114982,Business Loan,35055,4.8,5,Paid Off,0,2025-06-05
705505,100075,Auto Loan,55422,9.85,5,Defaulted,1,2025-10-10
705506,135250,Mortgage,553491,5.85,30,Paid Off,0,2025-03-18
705507,126830,Mortgage,577797,5.39,30,Active,0,2026-07-02
705508,144839,Auto Loan,13302,8.52,3,Active,0,2026-07-07
705509,101124,Business Loan,143946,3.54,10,Active,0,2022-03-04
705510,125981,Personal Loan,15549,8.82,1,Active,0,2025-08-07
705511,142314,Mortgage,320865,5.13,30,Paid Off,0,2022-10-11
705512,116454,Mortgage,293014,4.5,30,Paid Off,0,2023-11-15
705513,145755,Auto Loan,36246,4.07,5,Active,0,2024-07-15
705514,106427,Auto Loan,53100,7.25,6,Paid Off,0,2024-01-19
705515,127934,Mortgage,457864,5.43,30,Active,0,2023-08-25
705516,130843,Auto Loan,47769,5.58,5,Active,0,2022-05-08
705517,130081,Auto Loan,19657,7.15,6,Paid Off,0,2025-12-23
705518,115006,Business Loan,181198,4.15,5,Paid Off,0,2021-11-20
705519,134082,Business Loan,198912,6.35,5,Active,0,2022-05-11
705520,140402,Mortgage,381134,10.62,30,Defaulted,1,2024-03-22
705521,147394,Personal Loan,15203,6.92,5,Active,0,2021-09-12
705522,128703,Business Loan,212267,4.2,5,Active,0,2023-01-30
705523,135848,Business Loan,113339,6.85,10,Paid Off,0,2023-08-14
705524,147720,Auto Loan,16790,11.69,5,Paid Off,0,2022-03-17
705525,129395,Mortgage,150592,6.96,30,Active,0,2023-06-18
705526,114579,Business Loan,87643,6.62,10,Active,0,2025-04-17
705527,117900,Auto Loan,39707,6.13,5,Active,0,2023-10-02
705528,100194,Auto Loan,43930,9.92,6,Active,0,2024-04-12
705529,148182,Mortgage,542079,4.45,30,Paid Off,0,2026-03-10
705530,130799,Personal Loan,21279,6.33,1,Paid Off,0,2026-07-04
705531,119219,Business Loan,51284,4.91,10,Active,0,2023-09-14
705532,146098,Mortgage,492755,10.23,30,Paid Off,0,2025-08-27
705533,102813,Personal Loan,1657,5.6,1,Paid Off,0,2021-12-09
705534,120370,Mortgage,178999,4.13,30,Active,0,2023-03-27
705535,106537,Mortgage,325935,11.93,30,Active,0,2025-07-16
705536,102664,Business Loan,155032,5.16,10,Paid Off,0,2022-03-30
705537,122856,Mortgage,517500,10.54,30,Active,0,2023-03-30
705538,111617,Mortgage,344343,10.25,30,Active,0,2021-11-15
705539,102952,Mortgage,538495,6.66,30,Paid Off,0,2021-12-18
705540,145701,Personal Loan,2563,5.99,5,Paid Off,0,2022-09-07
705541,112058,Personal Loan,10567,10.66,3,Paid Off,0,2021-08-24
705542,129338,Mortgage,385679,5.7,30,Defaulted,1,2021-08-07
705543,145490,Business Loan,234800,6.91,10,Paid Off,0,2026-06-12
705544,126378,Personal Loan,13312,5.01,1,Defaulted,1,2026-01-13
705545,127861,Mortgage,399370,8.83,30,Paid Off,0,2025-07-23
705546,110533,Business Loan,71048,4.74,5,Paid Off,0,2022-02-13
705547,115458,Mortgage,324215,4.28,30,Paid Off,0,2025-11-06
705548,149676,Business Loan,134014,10.45,5,Active,0,2024-12-21
705549,145504,Business Loan,229363,5.32,10,Active,0,2023-07-27
705550,143501,Business Loan,101734,7.87,10,Paid Off,0,2025-08-24
705551,134623,Business Loan,47313,5.3,10,Active,0,2024-07-22
705552,105504,Auto Loan,33245,6.3,3,Active,0,2021-11-18
705553,116256,Auto Loan,14269,5.0,6,Paid Off,0,2022-10-01
705554,109237,Business Loan,150521,9.23,5,Paid Off,0,2022-08-31
705555,145502,Auto Loan,50482,5.55,3,Paid Off,0,2024-04-24
705556,107950,Personal Loan,14492,5.7,5,Paid Off,0,2026-07-06
705557,113683,Personal Loan,7446,10.46,1,Active,0,2023-03-06
705558,115632,Mortgage,175072,4.03,30,Paid Off,0,2025-10-25
705559,126306,Business Loan,231491,8.2,5,Defaulted,1,2024-04-20
705560,122071,Business Loan,201427,4.68,5,Paid Off,0,2025-03-04
705561,136752,Mortgage,468244,8.58,30,Paid Off,0,2024-07-29
705562,148320,Auto Loan,53367,6.35,5,Paid Off,0,2022-03-29
705563,129278,Business Loan,83491,7.06,10,Active,0,2022-05-06
705564,101631,Auto Loan,12041,7.56,6,Paid Off,0,2026-07-10
705565,106108,Personal Loan,18870,6.07,5,Active,0,2026-02-09
705566,124339,Mortgage,170821,5.34,30,Active,0,2026-02-17
705567,115814,Personal Loan,10980,6.82,3,Paid Off,0,2023-11-04
705568,124383,Auto Loan,56388,9.24,3,Active,0,2024-10-01
705569,126607,Personal Loan,3939,5.72,1,Active,0,2025-08-29
705570,100839,Personal Loan,9805,5.63,3,Paid Off,0,2022-09-11
705571,111475,Auto Loan,25024,5.0,6,Active,0,2025-03-20
705572,120626,Auto Loan,15158,5.59,6,Active,0,2024-08-23
705573,108279,Personal Loan,22523,10.61,5,Active,0,2025-08-17
705574,130633,Mortgage,185024,6.4,30,Paid Off,0,2023-05-15
705575,149340,Business Loan,176236,5.69,10,Paid Off,0,2023-12-15
705576,142844,Personal Loan,9187,3.69,1,Paid Off,0,2023-11-26
705577,131544,Personal Loan,20132,5.34,1,Active,0,2021-08-17
705578,129500,Personal Loan,8755,4.31,1,Paid Off,0,2022-11-08
705579,147762,Mortgage,495193,9.02,30,Active,0,2022-05-26
705580,108875,Personal Loan,13378,6.32,5,Paid Off,0,2025-10-31
705581,143097,Personal Loan,5506,5.02,1,Active,0,2023-03-16
705582,130914,Mortgage,299236,6.02,30,Defaulted,1,2022-10-19
705583,105685,Personal Loan,9807,6.0,3,Active,0,2023-09-29
705584,105733,Business Loan,146213,8.86,5,Paid Off,0,2023-04-19
705585,130292,Auto Loan,56042,5.0,5,Active,0,2023-06-12
705586,111300,Business Loan,230712,4.17,10,Paid Off,0,2025-07-09
705587,105598,Business Loan,29127,9.87,5,Paid Off,0,2025-11-28
705588,102517,Mortgage,190591,3.53,30,Paid Off,0,2021-12-08
705589,125779,Personal Loan,3106,9.36,5,Paid Off,0,2024-02-05
705590,119825,Auto Loan,54696,6.57,6,Paid Off,0,2024-02-29
705591,135669,Personal Loan,11435,6.03,3,Active,0,2022-05-31
705592,147048,Mortgage,558431,4.08,30,Active,0,2023-06-08
705593,118331,Business Loan,225182,6.66,5,Active,0,2026-07-11
705594,101846,Mortgage,496628,11.88,30,Active,0,2023-04-21
705595,118502,Personal Loan,24697,7.34,1,Paid Off,0,2022-04-01
705596,120217,Auto Loan,52592,9.01,5,Active,0,2023-04-19
705597,140292,Personal Loan,18633,5.31,3,Paid Off,0,2024-10-26
705598,134983,Auto Loan,15344,5.07,6,Paid Off,0,2022-11-29
705599,127970,Auto Loan,49287,6.18,6,Active,0,2022-03-31
705600,128359,Personal Loan,13499,11.95,1,Paid Off,0,2022-02-23
705601,117901,Mortgage,329989,10.78,30,Defaulted,1,2022-10-18
705602,127087,Mortgage,151293,5.71,30,Active,0,2024-10-04
705603,112440,Mortgage,406143,8.02,30,Defaulted,1,2025-08-19
705604,112594,Personal Loan,24176,9.0,3,Active,0,2023-01-27
705605,103197,Business Loan,149613,5.79,10,Active,0,2021-08-28
705606,102865,Personal Loan,17488,9.87,3,Defaulted,1,2025-03-08
705607,123311,Business Loan,110810,3.85,5,Active,0,2025-10-22
705608,119741,Business Loan,211060,6.25,5,Active,0,2022-12-21
705609,109452,Mortgage,554993,3.87,30,Paid Off,0,2023-04-09
705610,134236,Auto Loan,51684,4.7,3,Active,0,2024-03-27
705611,101736,Personal Loan,18742,7.81,5,Active,0,2023-09-08
705612,145115,Auto Loan,20023,4.16,6,Active,0,2025-01-31
705613,128334,Business Loan,164480,6.84,10,Paid Off,0,2025-10-01
705614,111757,Mortgage,392605,5.87,30,Paid Off,0,2025-05-04
705615,134580,Auto Loan,50208,4.12,6,Paid Off,0,2023-09-10
705616,107029,Auto Loan,11219,8.76,6,Active,0,2022-06-11
705617,123578,Auto Loan,36801,10.16,3,Active,0,2023-08-07
705618,110859,Mortgage,333916,8.39,30,Paid Off,0,2026-01-16
705619,138468,Mortgage,371532,4.81,30,Active,0,2024-03-04
705620,116372,Mortgage,190298,5.98,30,Paid Off,0,2023-09-02
705621,114054,Personal Loan,17275,4.57,5,Active,0,2025-10-21
705622,138564,Auto Loan,36905,6.25,5,Active,0,2022-04-05
705623,134913,Business Loan,168401,5.34,5,Active,0,2022-10-21
705624,149084,Auto Loan,19217,10.92,5,Active,0,2023-12-27
705625,101930,Personal Loan,3401,6.39,1,Active,0,2021-09-06
705626,146498,Auto Loan,37271,6.37,5,Paid Off,0,2025-03-15
705627,101126,Auto Loan,10613,8.12,5,Paid Off,0,2023-01-25
705628,114233,Business Loan,185121,3.82,5,Paid Off,0,2023-12-09
705629,144700,Mortgage,510992,5.15,30,Active,0,2025-02-05
705630,130321,Mortgage,578874,6.42,30,Paid Off,0,2024-11-25
705631,142697,Business Loan,159902,3.56,5,Paid Off,0,2022-10-28
705632,107479,Business Loan,199818,10.43,5,Paid Off,0,2022-10-31
705633,129036,Business Loan,124113,4.22,5,Paid Off,0,2023-04-06
705634,112589,Personal Loan,24376,6.58,1,Active,0,2022-02-11
705635,144510,Auto Loan,18660,6.11,6,Active,0,2022-07-13
705636,113588,Auto Loan,11141,6.14,3,Active,0,2021-09-03
705637,117306,Auto Loan,24024,6.58,3,Active,0,2024-03-12
705638,102888,Mortgage,269473,3.54,30,Active,0,2024-04-15
705639,146393,Mortgage,431900,5.24,30,Defaulted,1,2026-04-17
705640,122034,Mortgage,589254,5.14,30,Active,0,2026-06-19
705641,120137,Business Loan,125486,5.05,5,Paid Off,0,2022-05-25
705642,136454,Business Loan,205532,6.64,10,Active,0,2022-05-11
705643,108877,Mortgage,406481,3.89,30,Active,0,2021-12-12
705644,130442,Mortgage,213014,6.71,30,Active,0,2024-07-02
705645,129915,Personal Loan,10931,6.59,3,Active,0,2023-06-24
705646,148715,Personal Loan,24736,5.56,3,Paid Off,0,2024-11-16
705647,136947,Business Loan,139428,6.33,10,Active,0,2026-01-23
705648,108668,Auto Loan,55659,5.73,5,Active,0,2021-10-14
705649,131394,Auto Loan,37023,5.86,6,Active,0,2022-05-22
705650,141419,Auto Loan,25738,5.19,3,Paid Off,0,2024-04-18
705651,110240,Business Loan,153823,6.9,5,Paid Off,0,2023-09-10
705652,107596,Auto Loan,55675,9.15,5,Active,0,2024-06-18
705653,143330,Business Loan,26557,5.27,10,Paid Off,0,2021-07-24
705654,108870,Auto Loan,32326,7.36,3,Paid Off,0,2022-12-26
705655,107800,Business Loan,143850,7.21,10,Paid Off,0,2026-06-02
705656,120999,Business Loan,199848,4.38,5,Active,0,2025-03-15
705657,113035,Mortgage,505368,9.78,30,Paid Off,0,2023-02-19
705658,119849,Business Loan,224523,4.76,5,Paid Off,0,2025-01-16
705659,105200,Business Loan,61405,3.51,5,Active,0,2023-04-25
705660,138426,Auto Loan,54656,5.67,3,Active,0,2024-07-12
705661,145463,Mortgage,271271,4.45,30,Paid Off,0,2026-02-11
705662,133669,Mortgage,225467,11.04,30,Active,0,2025-05-11
705663,140488,Business Loan,185056,6.65,10,Active,0,2022-04-22
705664,113160,Mortgage,308423,4.08,30,Paid Off,0,2023-01-12
705665,105662,Business Loan,180553,11.25,5,Active,0,2024-09-21
705666,144310,Personal Loan,4675,3.93,3,Paid Off,0,2023-06-24
705667,134267,Auto Loan,11518,5.08,3,Paid Off,0,2022-05-10
705668,107955,Personal Loan,24005,11.26,1,Paid Off,0,2023-02-26
705669,112968,Personal Loan,20625,5.54,3,Active,0,2021-08-21
705670,149696,Mortgage,457155,4.2,30,Paid Off,0,2021-08-03
705671,142655,Personal Loan,3885,4.77,1,Paid Off,0,2022-06-12
705672,130691,Personal Loan,1967,6.89,5,Paid Off,0,2022-11-21
705673,100061,Personal Loan,12244,4.3,1,Active,0,2021-09-12
705674,133594,Business Loan,115582,5.47,10,Active,0,2022-10-21
705675,112909,Personal Loan,12973,6.87,1,Paid Off,0,2022-10-30
705676,127717,Mortgage,554409,4.78,30,Paid Off,0,2022-06-01
705677,110827,Mortgage,364871,4.25,30,Active,0,2024-02-16
705678,126231,Mortgage,527588,11.47,30,Active,0,2025-04-12
705679,107779,Auto Loan,52901,10.11,3,Active,0,2023-03-22
705680,140065,Mortgage,420255,9.61,30,Paid Off,0,2022-07-15
705681,110202,Auto Loan,18168,5.0,3,Defaulted,1,2021-11-12
705682,101808,Mortgage,187919,6.21,30,Paid Off,0,2022-02-07
705683,137577,Personal Loan,1201,7.33,5,Active,0,2022-05-31
705684,142763,Personal Loan,15331,3.7,3,Paid Off,0,2021-11-07
705685,122281,Personal Loan,14387,4.43,1,Active,0,2024-06-17
705686,131942,Mortgage,484344,6.54,30,Paid Off,0,2024-06-23
705687,141614,Personal Loan,3061,5.6,3,Active,0,2024-05-02
705688,110424,Personal Loan,6020,10.78,1,Active,0,2026-02-22
705689,113614,Mortgage,563937,6.16,30,Active,0,2025-09-14
705690,127269,Auto Loan,20886,6.0,6,Paid Off,0,2023-10-16
705691,108420,Business Loan,115700,6.79,5,Active,0,2022-12-06
705692,133890,Business Loan,38576,6.89,10,Active,0,2024-04-08
705693,132671,Business Loan,151752,5.18,5,Paid Off,0,2024-10-21
705694,110632,Personal Loan,1717,9.32,5,Defaulted,1,2023-11-06
705695,130902,Auto Loan,49014,6.45,3,Active,0,2026-03-14
705696,103489,Mortgage,285311,4.81,30,Paid Off,0,2025-07-05
705697,145940,Personal Loan,7188,6.86,3,Paid Off,0,2023-03-02
705698,113958,Auto Loan,23745,3.64,5,Active,0,2024-01-18
705699,112203,Mortgage,498425,7.69,30,Active,0,2022-07-19
705700,128964,Mortgage,366151,6.16,30,Paid Off,0,2025-10-05
705701,125286,Personal Loan,18396,3.68,5,Paid Off,0,2022-03-12
705702,109186,Mortgage,180733,5.57,30,Active,0,2024-04-19
705703,117150,Personal Loan,15564,3.88,3,Paid Off,0,2022-11-11
705704,143189,Business Loan,135704,9.18,5,Active,0,2021-09-27
705705,115650,Auto Loan,27575,6.9,3,Paid Off,0,2025-11-12
705706,106658,Business Loan,186905,3.64,10,Active,0,2025-10-20
705707,128374,Personal Loan,23642,4.54,5,Active,0,2024-08-28
705708,123879,Auto Loan,54487,4.06,3,Active,0,2023-06-15
705709,145458,Mortgage,257640,6.78,30,Paid Off,0,2026-01-08
705710,135087,Auto Loan,21350,9.07,5,Paid Off,0,2021-11-07
705711,141987,Business Loan,49585,8.18,10,Active,0,2025-02-23
705712,132266,Auto Loan,38987,6.7,3,Active,0,2023-11-21
705713,142973,Personal Loan,15902,6.51,5,Active,0,2025-04-16
705714,101572,Mortgage,378186,6.58,30,Paid Off,0,2024-07-21
705715,132569,Business Loan,216168,4.47,5,Active,0,2025-08-16
705716,135279,Auto Loan,58202,11.32,5,Active,0,2025-01-02
705717,146451,Mortgage,480865,4.95,30,Active,0,2026-03-03
705718,116124,Auto Loan,17022,5.89,5,Paid Off,0,2024-04-10
705719,113431,Business Loan,235630,4.35,5,Paid Off,0,2026-03-09
705720,106179,Business Loan,92851,4.04,5,Paid Off,0,2022-11-14
705721,132679,Business Loan,140243,5.88,5,Paid Off,0,2023-07-01
705722,100939,Personal Loan,21620,5.27,3,Paid Off,0,2025-10-14
705723,129188,Mortgage,299328,3.98,30,Paid Off,0,2026-04-10
705724,134755,Mortgage,330390,5.77,30,Active,0,2023-06-30
705725,149311,Personal Loan,24101,4.7,3,Active,0,2022-03-09
705726,108825,Business Loan,160816,10.11,5,Paid Off,0,2022-08-10
705727,131072,Mortgage,556130,4.77,30,Active,0,2026-06-06
705728,135210,Auto Loan,27258,6.04,3,Active,0,2022-01-31
705729,115255,Personal Loan,6349,5.19,3,Active,0,2026-01-09
705730,142004,Business Loan,50024,5.66,10,Paid Off,0,2026-04-28
705731,122853,Business Loan,113180,3.63,5,Paid Off,0,2022-10-02
705732,146718,Auto Loan,59813,5.6,5,Paid Off,0,2025-06-14
705733,103460,Mortgage,487118,3.9,30,Active,0,2025-05-14
705734,149939,Mortgage,191085,4.53,30,Paid Off,0,2024-04-16
705735,106832,Personal Loan,7735,5.08,5,Paid Off,0,2022-08-21
705736,133010,Personal Loan,21012,9.93,1,Active,0,2024-01-26
705737,111306,Personal Loan,23622,4.19,1,Active,0,2026-03-05
705738,148619,Business Loan,39193,9.37,5,Paid Off,0,2024-04-04
705739,136073,Personal Loan,23330,5.58,3,Active,0,2025-09-04
705740,128455,Auto Loan,56705,6.04,5,Paid Off,0,2024-05-25
705741,127963,Business Loan,73606,4.02,10,Paid Off,0,2025-04-03
705742,134854,Personal Loan,19726,4.38,3,Paid Off,0,2022-03-28
705743,135412,Business Loan,71004,5.74,10,Active,0,2022-07-14
705744,127700,Auto Loan,23184,10.11,3,Paid Off,0,2024-01-12
705745,138261,Personal Loan,20466,5.5,5,Active,0,2024-07-06
705746,141279,Business Loan,92692,4.25,10,Defaulted,1,2021-07-27
705747,149225,Business Loan,84172,5.92,5,Active,0,2021-09-14
705748,103021,Personal Loan,20526,6.02,1,Active,0,2024-11-22
705749,103220,Business Loan,31168,6.4,10,Active,0,2024-01-03
705750,117937,Business Loan,204515,5.42,10,Paid Off,0,2023-02-15
705751,123712,Mortgage,437284,5.83,30,Paid Off,0,2025-09-27
705752,100150,Mortgage,551382,3.99,30,Active,0,2025-02-04
705753,112613,Mortgage,357431,6.11,30,Active,0,2026-05-04
705754,118554,Business Loan,67685,8.75,10,Active,0,2026-05-29
705755,135927,Personal Loan,5588,7.23,3,Active,0,2024-08-07
705756,131350,Mortgage,276866,5.94,30,Active,0,2023-10-23
705757,146958,Personal Loan,13964,5.28,3,Paid Off,0,2024-10-13
705758,142916,Auto Loan,49854,6.95,6,Active,0,2026-05-08
705759,104678,Mortgage,164040,4.88,30,Active,0,2021-10-25
705760,131150,Personal Loan,7833,6.1,5,Active,0,2023-03-15
705761,148472,Auto Loan,51640,11.87,6,Active,0,2025-04-13
705762,109731,Auto Loan,17485,4.86,3,Active,0,2023-01-08
705763,136352,Business Loan,44358,3.93,10,Active,0,2023-10-11
705764,142834,Personal Loan,10083,8.5,1,Active,0,2023-06-02
705765,126348,Auto Loan,52959,6.88,5,Paid Off,0,2026-04-07
705766,129573,Personal Loan,17859,4.72,3,Paid Off,0,2023-10-22
705767,145329,Mortgage,218570,4.84,30,Active,0,2024-01-26
705768,103929,Mortgage,537049,6.0,30,Active,0,2024-05-03
705769,118455,Auto Loan,31078,3.66,6,Active,0,2022-09-24
705770,119451,Auto Loan,49874,7.39,3,Paid Off,0,2023-12-19
705771,103298,Auto Loan,41265,4.12,3,Paid Off,0,2022-02-03
705772,140426,Business Loan,180337,4.68,5,Defaulted,1,2023-02-23
705773,143438,Mortgage,291509,4.02,30,Paid Off,0,2023-03-13
705774,101489,Mortgage,231277,5.85,30,Active,0,2021-12-03
705775,134590,Personal Loan,10092,6.65,5,Active,0,2021-09-14
705776,128459,Personal Loan,6634,6.74,1,Defaulted,1,2023-05-17
705777,131611,Personal Loan,6885,5.15,3,Active,0,2025-02-04
705778,146538,Business Loan,66591,10.99,10,Paid Off,0,2024-09-14
705779,121750,Auto Loan,50169,4.17,3,Paid Off,0,2024-10-19
705780,110881,Auto Loan,15746,4.65,3,Active,0,2021-11-16
705781,114673,Mortgage,303415,6.49,30,Paid Off,0,2022-10-05
705782,108478,Business Loan,71096,5.15,10,Active,0,2025-12-14
705783,127545,Business Loan,153945,4.66,10,Active,0,2021-12-09
705784,133254,Business Loan,143529,9.65,5,Paid Off,0,2025-03-06
705785,132423,Personal Loan,21385,9.34,5,Paid Off,0,2023-03-26
705786,136418,Business Loan,87545,4.01,5,Paid Off,0,2026-02-16
705787,131165,Personal Loan,13235,4.65,1,Paid Off,0,2022-12-01
705788,137800,Mortgage,412586,9.65,30,Active,0,2025-12-30
705789,120532,Mortgage,273649,7.92,30,Paid Off,0,2022-11-01
705790,133936,Business Loan,202295,6.08,5,Paid Off,0,2024-06-21
705791,122468,Business Loan,177038,8.06,10,Active,0,2024-08-16
705792,120916,Personal Loan,1169,3.68,1,Active,0,2023-08-30
705793,146457,Business Loan,140582,5.49,10,Paid Off,0,2022-07-30
705794,147693,Business Loan,83911,6.37,5,Active,0,2023-05-01
705795,100283,Auto Loan,11625,3.61,3,Active,0,2024-04-13
705796,109410,Personal Loan,8987,3.8,1,Paid Off,0,2022-08-31
705797,105070,Auto Loan,49080,6.43,3,Paid Off,0,2023-08-29
705798,145662,Personal Loan,14723,6.04,5,Paid Off,0,2024-08-31
705799,140845,Mortgage,252371,7.75,30,Active,0,2024-07-13
705800,123542,Personal Loan,4563,5.62,5,Paid Off,0,2022-01-08
705801,103633,Auto Loan,47691,4.28,3,Active,0,2025-08-15
705802,130494,Personal Loan,14777,5.95,3,Active,0,2024-12-06
705803,135042,Business Loan,152514,5.63,10,Active,0,2025-07-04
705804,128958,Business Loan,69895,5.96,5,Active,0,2023-08-23
705805,146491,Auto Loan,26888,5.39,3,Active,0,2025-05-18
705806,109501,Business Loan,179574,5.02,10,Active,0,2024-12-16
705807,108642,Business Loan,80997,5.7,5,Active,0,2025-07-06
705808,137786,Mortgage,365201,4.17,30,Paid Off,0,2024-09-22
705809,134861,Personal Loan,17507,10.47,3,Paid Off,0,2022-11-30
705810,112088,Personal Loan,15139,6.2,5,Active,0,2025-03-22
705811,133903,Mortgage,366554,3.59,30,Paid Off,0,2023-04-02
705812,109011,Auto Loan,57887,5.01,3,Paid Off,0,2023-04-09
705813,116382,Auto Loan,22268,8.2,3,Active,0,2022-11-29
705814,104036,Personal Loan,15324,3.84,5,Paid Off,0,2024-09-28
705815,106804,Mortgage,440178,4.93,30,Active,0,2025-12-20
705816,146392,Auto Loan,20216,5.14,5,Active,0,2025-08-03
705817,104609,Personal Loan,1711,6.56,5,Active,0,2021-12-26
705818,148876,Auto Loan,29006,6.07,3,Paid Off,0,2026-01-06
705819,131257,Business Loan,189388,3.94,10,Paid Off,0,2026-02-09
705820,100586,Auto Loan,22354,5.78,6,Active,0,2026-04-25
705821,134495,Auto Loan,59986,3.74,3,Active,0,2025-11-21
705822,131732,Personal Loan,11280,10.83,3,Active,0,2024-01-16
705823,103789,Mortgage,551850,6.65,30,Active,0,2026-02-24
705824,147185,Personal Loan,11601,6.41,3,Paid Off,0,2023-10-06
705825,101697,Business Loan,117333,8.53,10,Paid Off,0,2026-04-09
705826,142440,Business Loan,135115,5.68,5,Paid Off,0,2023-05-23
705827,133728,Auto Loan,13185,5.13,3,Paid Off,0,2024-02-20
705828,148480,Business Loan,220427,11.84,10,Paid Off,0,2024-11-30
705829,130689,Business Loan,88495,4.85,10,Active,0,2025-03-31
705830,136691,Mortgage,323587,5.89,30,Paid Off,0,2024-03-06
705831,149990,Business Loan,244902,9.06,5,Paid Off,0,2024-02-14
705832,122132,Business Loan,198458,6.93,5,Active,0,2023-02-15
705833,107598,Business Loan,78429,5.55,5,Active,0,2025-09-10
705834,138399,Personal Loan,24511,10.94,5,Paid Off,0,2025-04-06
705835,136521,Auto Loan,49158,11.4,3,Paid Off,0,2022-05-13
705836,145535,Auto Loan,42571,6.56,6,Active,0,2024-09-24
705837,112010,Auto Loan,32191,5.34,6,Active,0,2025-06-07
705838,111010,Auto Loan,45710,3.84,5,Active,0,2026-05-31
705839,127887,Business Loan,144023,9.35,5,Paid Off,0,2024-01-24
705840,116164,Business Loan,192199,4.92,10,Active,0,2022-09-04
705841,117549,Mortgage,453423,3.66,30,Paid Off,0,2023-05-17
705842,116409,Auto Loan,15576,6.87,6,Active,0,2026-01-19
705843,115731,Mortgage,533095,3.87,30,Paid Off,0,2025-08-30
705844,141673,Personal Loan,6303,5.88,1,Defaulted,1,2025-12-09
705845,105990,Mortgage,495250,3.94,30,Active,0,2021-07-27
705846,143890,Auto Loan,46696,3.8,5,Paid Off,0,2026-05-12
705847,135691,Business Loan,110629,4.3,10,Active,0,2022-12-15
705848,125940,Mortgage,470752,4.79,30,Paid Off,0,2023-09-19
705849,118849,Business Loan,247443,11.34,5,Active,0,2025-09-22
705850,106974,Auto Loan,46962,10.59,5,Paid Off,0,2024-09-01
705851,117319,Personal Loan,5584,3.61,5,Paid Off,0,2023-03-17
705852,110089,Personal Loan,23883,6.56,5,Active,0,2022-10-03
705853,143034,Business Loan,215193,4.66,10,Active,0,2024-11-08
705854,108238,Personal Loan,21619,4.67,3,Paid Off,0,2023-04-15
705855,136342,Mortgage,272173,6.35,30,Active,0,2026-04-21
705856,103504,Auto Loan,58276,4.59,6,Paid Off,0,2025-07-24
705857,136285,Mortgage,495680,7.5,30,Defaulted,1,2023-02-24
705858,144129,Personal Loan,13447,8.16,1,Active,0,2026-02-15
705859,108961,Mortgage,238343,6.89,30,Paid Off,0,2021-08-18
705860,105329,Mortgage,587527,4.43,30,Paid Off,0,2025-02-05
705861,143091,Business Loan,189724,5.8,10,Paid Off,0,2024-09-07
705862,144454,Business Loan,112454,3.73,10,Paid Off,0,2025-01-12
705863,127392,Auto Loan,39894,5.59,6,Active,0,2024-06-03
705864,140295,Business Loan,189343,4.39,5,Paid Off,0,2023-03-05
705865,106660,Business Loan,114656,8.08,5,Active,0,2022-01-22
705866,122761,Personal Loan,7850,5.79,3,Paid Off,0,2022-12-12
705867,121430,Auto Loan,49134,5.82,6,Paid Off,0,2023-09-26
705868,109284,Mortgage,190592,6.07,30,Paid Off,0,2022-10-28
705869,107289,Auto Loan,11917,5.72,3,Paid Off,0,2022-08-20
705870,145319,Business Loan,230091,5.35,5,Paid Off,0,2026-01-27
705871,136250,Mortgage,178086,6.41,30,Paid Off,0,2022-08-31
705872,103189,Auto Loan,52314,8.5,5,Active,0,2023-05-25
705873,137042,Business Loan,135457,5.08,5,Active,0,2022-10-01
705874,146572,Business Loan,146189,5.83,10,Paid Off,0,2021-07-22
705875,147823,Business Loan,207131,3.64,10,Paid Off,0,2022-12-16
705876,129949,Personal Loan,17603,4.37,1,Paid Off,0,2025-10-13
705877,105260,Mortgage,211448,4.6,30,Active,0,2023-12-30
705878,116157,Mortgage,394028,8.8,30,Active,0,2024-09-14
705879,144711,Business Loan,36057,4.02,5,Paid Off,0,2022-07-28
705880,116115,Business Loan,51956,4.52,10,Paid Off,0,2021-12-12
705881,122022,Mortgage,346647,4.56,30,Paid Off,0,2024-07-04
705882,102265,Auto Loan,25737,10.94,6,Active,0,2022-07-09
705883,147343,Mortgage,416575,6.5,30,Paid Off,0,2023-02-20
705884,135302,Mortgage,431772,4.47,30,Paid Off,0,2024-02-13
705885,132434,Personal Loan,2549,4.98,5,Paid Off,0,2022-08-09
705886,106752,Personal Loan,11186,4.26,1,Active,0,2024-03-04
705887,110801,Personal Loan,1021,11.07,5,Paid Off,0,2025-08-01
705888,131586,Business Loan,125961,3.63,10,Paid Off,0,2023-05-09
705889,113933,Mortgage,370362,10.35,30,Active,0,2026-04-22
705890,129141,Mortgage,593170,6.26,30,Active,0,2025-12-05
705891,108781,Auto Loan,37726,6.57,5,Paid Off,0,2023-09-08
705892,115211,Mortgage,270986,4.01,30,Paid Off,0,2024-09-24
705893,125850,Business Loan,161067,4.15,5,Active,0,2022-07-02
705894,124835,Mortgage,286526,3.68,30,Active,0,2022-07-19
705895,138857,Auto Loan,32368,5.64,3,Active,0,2024-10-03
705896,111265,Mortgage,165069,6.47,30,Active,0,2025-07-17
705897,129658,Personal Loan,7402,9.2,3,Active,0,2022-08-05
705898,130481,Mortgage,200997,6.66,30,Active,0,2023-12-25
705899,134392,Mortgage,231943,9.53,30,Active,0,2025-05-06
705900,134176,Mortgage,298259,6.64,30,Paid Off,0,2024-04-11
705901,135244,Mortgage,463108,4.53,30,Paid Off,0,2024-09-27
705902,106199,Business Loan,220911,5.94,5,Paid Off,0,2026-05-01
705903,118508,Auto Loan,52586,6.87,3,Active,0,2025-10-12
705904,106887,Business Loan,144865,5.72,10,Paid Off,0,2025-03-02
705905,128985,Personal Loan,6477,7.68,5,Paid Off,0,2022-03-02
705906,119101,Personal Loan,11186,5.23,3,Paid Off,0,2022-07-14
705907,131456,Auto Loan,48972,6.77,6,Active,0,2022-04-19
705908,115121,Mortgage,349046,4.41,30,Active,0,2024-06-02
705909,112141,Personal Loan,6715,6.0,5,Paid Off,0,2021-10-18
705910,121549,Mortgage,525012,6.58,30,Paid Off,0,2021-09-16
705911,113069,Personal Loan,18013,5.62,3,Paid Off,0,2024-09-25
705912,124994,Personal Loan,23213,6.25,3,Paid Off,0,2022-11-03
705913,136638,Personal Loan,11965,5.45,5,Active,0,2024-12-28
705914,142270,Business Loan,52573,3.79,10,Active,0,2022-07-15
705915,148931,Personal Loan,18468,9.89,3,Paid Off,0,2023-09-12
705916,145737,Personal Loan,20241,4.28,1,Active,0,2025-06-13
705917,123141,Mortgage,300077,4.96,30,Active,0,2023-02-06
705918,109267,Personal Loan,9841,3.75,1,Paid Off,0,2025-05-21
705919,117299,Personal Loan,23964,9.82,3,Paid Off,0,2024-05-19
705920,142535,Mortgage,278058,6.94,30,Paid Off,0,2021-07-17
705921,143655,Auto Loan,40929,11.38,6,Paid Off,0,2025-10-18
705922,119386,Business Loan,233457,3.83,10,Active,0,2023-04-18
705923,124181,Personal Loan,3119,4.03,1,Active,0,2023-12-19
705924,121110,Business Loan,238719,6.17,5,Active,0,2022-11-28
705925,128191,Personal Loan,10428,5.36,1,Paid Off,0,2022-04-27
705926,142740,Personal Loan,13647,6.89,1,Active,0,2025-09-25
705927,130224,Personal Loan,24102,7.05,3,Paid Off,0,2025-11-05
705928,123271,Personal Loan,4855,11.54,1,Defaulted,1,2023-05-17
705929,102582,Personal Loan,17911,11.61,3,Active,0,2024-02-23
705930,112903,Business Loan,236056,9.19,10,Paid Off,0,2021-11-29
705931,123861,Mortgage,286937,5.73,30,Active,0,2022-11-02
705932,131943,Mortgage,290526,3.6,30,Active,0,2024-02-17
705933,148327,Personal Loan,13906,5.25,5,Paid Off,0,2025-12-30
705934,111863,Mortgage,411190,4.49,30,Paid Off,0,2023-03-20
705935,135910,Auto Loan,50597,11.23,5,Paid Off,0,2022-03-03
705936,125264,Mortgage,387346,6.2,30,Paid Off,0,2024-09-26
705937,141826,Personal Loan,21442,4.69,3,Paid Off,0,2022-05-23
705938,106921,Business Loan,91874,7.85,5,Active,0,2022-03-20
705939,142059,Mortgage,275616,5.87,30,Active,0,2025-04-23
705940,126545,Business Loan,183850,5.26,5,Paid Off,0,2025-04-19
705941,138594,Mortgage,529709,4.52,30,Paid Off,0,2021-12-14
705942,125082,Mortgage,332985,6.5,30,Active,0,2022-05-22
705943,142710,Personal Loan,22632,5.98,3,Paid Off,0,2025-06-20
705944,130405,Auto Loan,17735,9.06,3,Paid Off,0,2024-06-24
705945,121095,Business Loan,60550,6.7,5,Paid Off,0,2024-01-14
705946,139723,Mortgage,556411,3.92,30,Paid Off,0,2025-06-05
705947,121640,Mortgage,396762,6.73,30,Paid Off,0,2021-10-22
705948,107112,Mortgage,531818,5.69,30,Paid Off,0,2025-05-24
705949,143711,Personal Loan,5968,4.3,5,Active,0,2022-04-10
705950,136676,Mortgage,328541,9.67,30,Active,0,2024-08-23
705951,146805,Business Loan,36128,4.87,5,Paid Off,0,2023-08-18
705952,137628,Mortgage,451967,5.11,30,Active,0,2023-01-20
705953,131994,Business Loan,194847,6.58,10,Active,0,2025-02-10
705954,135831,Business Loan,122990,10.9,10,Active,0,2024-09-05
705955,127983,Business Loan,101959,5.53,5,Paid Off,0,2021-12-10
705956,127368,Personal Loan,13107,4.95,5,Defaulted,1,2021-07-29
705957,139706,Personal Loan,17126,11.37,3,Paid Off,0,2024-09-09
705958,108971,Mortgage,240131,7.58,30,Active,0,2023-08-30
705959,148550,Business Loan,83794,7.64,5,Active,0,2025-03-19
705960,130710,Auto Loan,47793,5.57,3,Active,0,2022-07-24
705961,127310,Personal Loan,18305,6.43,1,Paid Off,0,2025-07-23
705962,136697,Personal Loan,9171,10.81,1,Active,0,2026-01-02
705963,118736,Personal Loan,6619,5.44,3,Defaulted,1,2024-08-18
705964,101534,Mortgage,546347,5.01,30,Active,0,2023-05-21
705965,124296,Mortgage,296218,4.26,30,Active,0,2022-01-20
705966,114712,Auto Loan,32223,6.5,3,Active,0,2024-03-22
705967,135688,Business Loan,48163,5.43,5,Paid Off,0,2025-05-20
705968,118769,Auto Loan,55870,4.48,3,Active,0,2026-04-25
705969,129762,Business Loan,161251,5.38,10,Paid Off,0,2024-12-07
705970,140160,Mortgage,589633,6.98,30,Active,0,2026-06-12
705971,133904,Business Loan,246810,6.27,5,Paid Off,0,2024-10-21
705972,108546,Auto Loan,28630,7.71,3,Paid Off,0,2026-05-25
705973,143971,Mortgage,431587,8.13,30,Paid Off,0,2024-06-01
705974,119326,Business Loan,219862,10.0,10,Paid Off,0,2024-09-27
705975,132466,Personal Loan,4434,6.52,5,Active,0,2025-08-25
705976,119495,Personal Loan,24084,6.04,5,Paid Off,0,2022-01-06
705977,137023,Mortgage,377212,6.14,30,Active,0,2023-08-06
705978,101139,Mortgage,248121,10.36,30,Active,0,2025-04-14
705979,137414,Personal Loan,18636,4.08,1,Defaulted,1,2023-05-27
705980,134473,Mortgage,500238,6.35,30,Active,0,2023-03-26
705981,122675,Mortgage,561580,6.45,30,Paid Off,0,2026-04-25
705982,112505,Personal Loan,17871,8.16,1,Active,0,2026-06-14
705983,145056,Auto Loan,20696,11.17,6,Paid Off,0,2024-06-10
705984,103618,Business Loan,171243,6.08,5,Paid Off,0,2024-08-18
705985,139606,Auto Loan,28434,4.1,6,Paid Off,0,2022-08-18
705986,134857,Personal Loan,5832,11.29,1,Active,0,2023-03-10
705987,149110,Auto Loan,53937,6.63,3,Active,0,2024-12-29
705988,107324,Auto Loan,16605,5.98,6,Active,0,2023-09-26
705989,100962,Business Loan,154600,4.12,5,Active,0,2021-12-16
705990,135313,Personal Loan,14542,6.91,5,Active,0,2025-05-21
705991,130515,Mortgage,453653,4.24,30,Paid Off,0,2025-02-04
705992,125548,Auto Loan,58088,5.4,5,Active,0,2022-09-21
705993,110835,Business Loan,187649,8.17,10,Paid Off,0,2024-05-17
705994,101975,Business Loan,188778,4.95,5,Active,0,2022-02-11
705995,114765,Personal Loan,10892,5.39,5,Active,0,2022-01-07
705996,148448,Business Loan,26609,7.73,10,Active,0,2022-06-01
705997,137970,Business Loan,144957,4.23,10,Active,0,2023-01-15
705998,139241,Auto Loan,32594,6.0,5,Active,0,2024-09-24
705999,140229,Auto Loan,11318,6.85,5,Paid Off,0,2023-11-10
706000,141496,Personal Loan,10488,3.54,1,Paid Off,0,2025-09-30
706001,140356,Business Loan,62143,6.0,10,Active,0,2022-01-12
706002,108057,Personal Loan,1265,6.78,3,Active,0,2024-02-15
706003,145875,Business Loan,116378,4.12,5,Paid Off,0,2024-03-19
706004,128206,Personal Loan,3591,8.49,3,Active,0,2021-08-02
706005,134179,Personal Loan,9535,6.59,1,Active,0,2026-01-28
706006,124957,Mortgage,517208,9.63,30,Active,0,2025-08-02
706007,126350,Personal Loan,1638,7.78,5,Paid Off,0,2024-03-18
706008,105055,Personal Loan,21028,6.77,5,Active,0,2023-06-25
706009,120586,Mortgage,486187,6.06,30,Paid Off,0,2024-07-20
706010,102678,Auto Loan,16431,6.22,6,Active,0,2025-05-09
706011,146056,Business Loan,136597,10.69,5,Paid Off,0,2024-08-05
706012,130288,Mortgage,189526,6.44,30,Active,0,2026-05-05
706013,120468,Business Loan,41444,4.75,10,Active,0,2021-11-01
706014,124517,Auto Loan,57116,6.32,5,Paid Off,0,2023-03-09
706015,149857,Business Loan,216601,6.62,5,Active,0,2023-05-22
706016,124769,Personal Loan,21987,6.88,3,Active,0,2025-02-23
706017,102762,Auto Loan,35642,4.95,3,Active,0,2021-08-06
706018,112403,Mortgage,506874,5.18,30,Paid Off,0,2025-03-08
706019,113249,Auto Loan,16575,5.23,3,Active,0,2026-01-11
706020,140383,Personal Loan,24713,5.29,3,Active,0,2023-11-24
706021,121531,Mortgage,281545,7.3,30,Paid Off,0,2026-06-12
706022,145683,Business Loan,77672,4.7,10,Active,0,2021-08-22
706023,139610,Business Loan,244012,6.24,10,Active,0,2024-01-18
706024,142350,Mortgage,187789,9.58,30,Active,0,2022-10-02
706025,132048,Personal Loan,21702,6.68,5,Defaulted,1,2022-04-06
706026,106381,Personal Loan,9352,5.93,3,Paid Off,0,2026-03-29
706027,142414,Mortgage,274680,5.92,30,Paid Off,0,2025-09-13
706028,118092,Auto Loan,57524,11.79,3,Active,0,2026-06-08
706029,138864,Business Loan,184516,5.7,10,Active,0,2025-06-14
706030,130999,Business Loan,244212,9.83,5,Paid Off,0,2023-04-07
706031,109988,Auto Loan,34765,3.61,6,Active,0,2023-02-23
706032,142097,Mortgage,417007,3.68,30,Active,0,2025-11-04
706033,133509,Auto Loan,40534,7.54,3,Active,0,2023-02-06
706034,118435,Auto Loan,49185,7.62,6,Defaulted,1,2024-10-10
706035,144219,Personal Loan,11830,4.81,3,Active,0,2023-02-08
706036,117503,Auto Loan,51211,11.74,6,Paid Off,0,2023-09-11
706037,141735,Auto Loan,14583,4.47,3,Paid Off,0,2022-06-04
706038,101417,Personal Loan,5180,6.43,1,Paid Off,0,2023-11-02
706039,147550,Personal Loan,4709,11.99,5,Active,0,2025-12-17
706040,129842,Personal Loan,21229,6.02,5,Active,0,2022-12-04
706041,110311,Mortgage,287641,5.83,30,Active,0,2024-11-22
706042,137556,Auto Loan,44335,4.12,5,Active,0,2022-05-15
706043,120847,Auto Loan,13430,10.12,5,Active,0,2023-09-18
706044,119964,Personal Loan,18512,9.65,1,Paid Off,0,2024-07-16
706045,117853,Business Loan,98323,6.67,5,Active,0,2022-07-08
706046,129461,Auto Loan,16420,5.2,5,Active,0,2024-03-29
706047,130541,Mortgage,359000,11.58,30,Active,0,2023-09-14
706048,122777,Personal Loan,18092,6.68,5,Paid Off,0,2023-10-12
706049,122633,Mortgage,432617,4.0,30,Active,0,2021-09-16
706050,133484,Auto Loan,21432,11.27,6,Paid Off,0,2025-02-01
706051,101486,Business Loan,25696,5.81,5,Paid Off,0,2022-04-22
706052,127335,Personal Loan,15991,6.04,5,Active,0,2023-10-14
706053,130088,Personal Loan,18817,6.73,1,Paid Off,0,2025-05-09
706054,102111,Mortgage,367831,11.88,30,Paid Off,0,2021-12-30
706055,143716,Auto Loan,16220,7.8,6,Paid Off,0,2025-12-24
706056,125055,Auto Loan,51875,4.36,5,Active,0,2023-07-01
706057,113651,Mortgage,416772,7.73,30,Active,0,2022-08-27
706058,111886,Auto Loan,55085,9.57,3,Active,0,2023-03-07
706059,113909,Personal Loan,24156,9.23,1,Paid Off,0,2021-08-08
706060,103131,Auto Loan,43578,5.72,6,Paid Off,0,2024-10-10
706061,119699,Mortgage,479532,11.76,30,Defaulted,1,2025-07-23
706062,100913,Auto Loan,10929,5.66,6,Defaulted,1,2024-03-14
706063,131140,Personal Loan,9965,6.66,5,Paid Off,0,2022-12-27
706064,123347,Business Loan,146501,10.58,10,Paid Off,0,2024-08-10
706065,137752,Mortgage,263752,3.58,30,Active,0,2026-02-24
706066,127876,Business Loan,245764,5.43,5,Paid Off,0,2023-10-14
706067,133486,Personal Loan,5609,10.17,3,Active,0,2024-08-08
706068,112429,Auto Loan,40896,4.58,5,Defaulted,1,2023-05-31
706069,131451,Auto Loan,26353,9.58,3,Active,0,2025-11-16
706070,120892,Personal Loan,4723,5.67,3,Paid Off,0,2025-06-09
706071,142005,Auto Loan,57300,5.89,5,Paid Off,0,2023-05-11
706072,141385,Business Loan,151805,4.66,5,Active,0,2022-08-24
706073,116430,Personal Loan,15181,3.6,3,Paid Off,0,2025-07-30
706074,144225,Mortgage,326359,5.71,30,Active,0,2025-06-20
706075,129264,Mortgage,330531,8.96,30,Active,0,2024-05-27
706076,104082,Personal Loan,5071,9.78,5,Paid Off,0,2024-11-02
706077,101331,Mortgage,525141,4.26,30,Active,0,2022-05-29
706078,146094,Auto Loan,56250,11.36,5,Active,0,2023-01-26
706079,114543,Personal Loan,15489,7.22,3,Paid Off,0,2026-01-17
706080,134490,Mortgage,439129,5.54,30,Paid Off,0,2024-02-08
706081,144945,Personal Loan,14974,4.8,3,Active,0,2025-01-13
706082,149025,Personal Loan,17094,6.06,3,Active,0,2023-05-04
706083,113922,Business Loan,244113,3.95,5,Paid Off,0,2022-04-23
706084,149026,Mortgage,327658,6.06,30,Paid Off,0,2023-09-13
706085,141940,Mortgage,547604,5.39,30,Active,0,2022-09-26
706086,110530,Auto Loan,57675,6.98,6,Active,0,2021-11-26
706087,132956,Personal Loan,11459,4.75,3,Paid Off,0,2021-11-08
706088,141287,Business Loan,57007,6.82,10,Paid Off,0,2022-06-08
706089,119002,Business Loan,213022,5.64,5,Paid Off,0,2025-12-11
706090,133028,Personal Loan,13079,9.13,5,Active,0,2025-06-26
706091,111665,Business Loan,120443,11.65,10,Paid Off,0,2025-09-09
706092,130207,Mortgage,515142,6.3,30,Paid Off,0,2022-08-14
706093,117122,Personal Loan,21428,10.92,5,Paid Off,0,2024-02-14
706094,143222,Auto Loan,42112,9.59,6,Paid Off,0,2026-07-04
706095,139777,Personal Loan,16268,3.86,3,Paid Off,0,2026-02-19
706096,136789,Personal Loan,18645,5.53,5,Active,0,2024-01-16
706097,129824,Mortgage,222208,6.0,30,Active,0,2024-11-09
706098,113367,Personal Loan,6261,11.68,5,Paid Off,0,2023-10-03
706099,104199,Auto Loan,57495,3.54,5,Paid Off,0,2022-08-15
706100,128908,Mortgage,312760,4.4,30,Paid Off,0,2024-08-14
706101,141643,Auto Loan,30438,3.67,6,Active,0,2023-07-26
706102,113606,Business Loan,227460,6.86,5,Paid Off,0,2022-12-24
706103,118237,Business Loan,196657,6.24,5,Paid Off,0,2024-08-21
706104,124651,Auto Loan,51078,6.64,3,Paid Off,0,2025-05-17
706105,130879,Mortgage,176058,4.83,30,Paid Off,0,2023-05-15
706106,138415,Auto Loan,45911,4.55,5,Active,0,2024-06-23
706107,136581,Business Loan,192947,4.43,5,Active,0,2023-04-30
706108,117394,Auto Loan,50652,5.25,5,Paid Off,0,2023-11-22
706109,118144,Business Loan,116544,5.69,5,Paid Off,0,2026-05-09
706110,109728,Business Loan,84253,6.26,10,Active,0,2024-01-07
706111,130038,Mortgage,233523,6.42,30,Defaulted,1,2022-06-28
706112,135607,Mortgage,180310,7.03,30,Paid Off,0,2024-07-26
706113,130639,Personal Loan,4455,3.67,3,Active,0,2025-05-04
706114,110347,Mortgage,487557,7.27,30,Active,0,2024-08-07
706115,144045,Mortgage,447301,4.93,30,Paid Off,0,2024-08-30
706116,130467,Business Loan,149674,6.88,10,Paid Off,0,2024-08-29
706117,128042,Auto Loan,48744,5.72,3,Active,0,2022-04-30
706118,140977,Business Loan,59392,5.25,5,Paid Off,0,2021-11-02
706119,119145,Business Loan,170634,6.88,10,Active,0,2025-01-06
706120,146325,Auto Loan,59957,7.42,6,Paid Off,0,2025-10-18
706121,117163,Personal Loan,2835,5.23,1,Active,0,2026-05-27
706122,114145,Business Loan,199997,4.14,5,Active,0,2024-04-15
706123,129130,Auto Loan,28253,3.81,5,Active,0,2024-05-31
706124,100630,Business Loan,185370,4.84,5,Paid Off,0,2025-01-30
706125,106821,Business Loan,105639,6.94,10,Paid Off,0,2023-01-08
706126,102276,Mortgage,250055,3.78,30,Paid Off,0,2022-12-10
706127,114564,Mortgage,250508,10.78,30,Active,0,2025-04-22
706128,121562,Mortgage,405271,6.81,30,Paid Off,0,2023-12-31
706129,140156,Auto Loan,29900,10.27,5,Active,0,2023-05-02
706130,144128,Business Loan,32479,5.46,5,Active,0,2025-02-18
706131,104272,Business Loan,130637,6.74,5,Paid Off,0,2022-04-18
706132,100006,Business Loan,49392,11.57,5,Paid Off,0,2022-05-16
706133,102145,Mortgage,597952,4.53,30,Active,0,2025-10-08
706134,138973,Mortgage,426265,4.96,30,Paid Off,0,2024-01-02
706135,144230,Personal Loan,6105,9.48,3,Defaulted,1,2022-02-11
706136,142713,Business Loan,153769,11.43,5,Active,0,2023-02-21
706137,101699,Personal Loan,2483,3.7,5,Active,0,2024-02-24
706138,139968,Mortgage,211155,3.71,30,Active,0,2025-10-21
706139,138077,Business Loan,84712,4.15,5,Paid Off,0,2022-09-20
706140,139524,Personal Loan,19930,6.72,5,Active,0,2024-08-16
706141,144665,Mortgage,576795,10.76,30,Active,0,2025-12-29
706142,135432,Personal Loan,16781,8.01,3,Active,0,2025-03-17
706143,123251,Mortgage,285729,5.14,30,Paid Off,0,2021-11-09
706144,127666,Personal Loan,6792,8.9,5,Active,0,2022-05-01
706145,115550,Mortgage,500396,5.34,30,Paid Off,0,2024-09-25
706146,144077,Auto Loan,31719,5.98,3,Paid Off,0,2025-12-04
706147,121956,Auto Loan,12381,10.77,6,Active,0,2026-05-24
706148,133726,Personal Loan,12727,8.24,3,Paid Off,0,2021-10-10
706149,115671,Auto Loan,45959,11.84,5,Paid Off,0,2023-03-10
706150,148105,Business Loan,87762,7.99,10,Paid Off,0,2025-11-02
706151,107132,Business Loan,220927,8.88,5,Active,0,2021-09-22
706152,126991,Mortgage,226041,5.83,30,Paid Off,0,2022-03-02
706153,140305,Mortgage,276275,4.1,30,Active,0,2023-12-01
706154,128050,Personal Loan,11807,10.73,3,Paid Off,0,2024-04-23
706155,103455,Auto Loan,31382,8.68,5,Paid Off,0,2024-10-31
706156,120512,Auto Loan,28906,7.1,6,Active,0,2021-11-29
706157,102735,Business Loan,189080,3.65,5,Paid Off,0,2025-05-09
706158,119719,Personal Loan,19570,3.52,5,Active,0,2022-11-30
706159,133137,Business Loan,152221,4.95,10,Paid Off,0,2025-05-18
706160,139219,Auto Loan,10019,6.65,5,Paid Off,0,2023-02-26
706161,103214,Business Loan,186528,9.83,10,Active,0,2024-12-01
706162,146553,Personal Loan,21942,6.23,1,Paid Off,0,2022-10-06
706163,107638,Business Loan,53413,5.41,5,Active,0,2022-11-27
706164,130742,Personal Loan,12277,5.75,3,Paid Off,0,2025-01-01
706165,117688,Mortgage,537433,10.7,30,Paid Off,0,2022-09-25
706166,147203,Mortgage,432437,11.81,30,Paid Off,0,2022-02-23
706167,116658,Mortgage,292733,6.2,30,Active,0,2021-12-16
706168,101721,Personal Loan,4974,6.39,3,Defaulted,1,2024-01-31
706169,138512,Personal Loan,19247,5.58,5,Active,0,2022-11-29
706170,106433,Personal Loan,9405,6.48,3,Paid Off,0,2026-01-06
706171,127060,Personal Loan,22879,4.12,3,Defaulted,1,2023-05-16
706172,126726,Personal Loan,12889,6.63,5,Paid Off,0,2025-08-09
706173,118754,Business Loan,119149,8.76,5,Active,0,2023-08-08
706174,120277,Mortgage,226284,5.55,30,Paid Off,0,2024-07-24
706175,132378,Personal Loan,6351,6.1,3,Paid Off,0,2023-04-19
706176,102094,Personal Loan,13462,4.41,5,Paid Off,0,2022-04-01
706177,122029,Mortgage,537683,3.53,30,Paid Off,0,2023-08-10
706178,114938,Auto Loan,29059,6.07,3,Paid Off,0,2025-07-04
706179,106029,Personal Loan,7362,4.28,3,Active,0,2024-05-15
706180,101864,Business Loan,33738,8.92,5,Defaulted,1,2024-12-19
706181,108350,Auto Loan,46454,10.75,3,Active,0,2021-10-06
706182,147281,Business Loan,140625,7.57,5,Defaulted,1,2025-06-06
706183,130205,Business Loan,230534,10.04,5,Defaulted,1,2025-01-03
706184,124049,Business Loan,160381,3.6,5,Active,0,2024-02-17
706185,106994,Business Loan,102210,4.23,5,Active,0,2022-10-14
706186,124029,Mortgage,561482,4.39,30,Paid Off,0,2023-10-16
706187,127295,Auto Loan,27135,6.7,5,Paid Off,0,2025-04-17
706188,114935,Mortgage,290248,8.44,30,Active,0,2023-06-10
706189,106132,Auto Loan,37440,5.59,6,Active,0,2025-03-13
706190,122645,Business Loan,36036,5.81,5,Active,0,2024-02-14
706191,101402,Mortgage,283907,5.56,30,Active,0,2025-06-13
706192,100536,Business Loan,114182,6.1,10,Active,0,2022-11-17
706193,105822,Auto Loan,37559,11.57,6,Active,0,2024-07-27
706194,106348,Auto Loan,42647,5.88,6,Active,0,2024-10-07
706195,148291,Business Loan,182551,4.69,10,Active,0,2024-05-12
706196,148712,Business Loan,172412,10.41,10,Paid Off,0,2025-08-27
706197,108543,Personal Loan,19073,4.55,3,Active,0,2025-04-29
706198,119998,Business Loan,212707,11.44,10,Active,0,2025-10-04
706199,138047,Mortgage,173875,5.0,30,Paid Off,0,2026-03-21
706200,107544,Auto Loan,14024,6.61,6,Active,0,2025-06-03
706201,101993,Mortgage,171749,7.26,30,Active,0,2021-09-06
706202,132538,Personal Loan,21620,10.71,5,Active,0,2023-08-20
706203,126410,Mortgage,382937,3.85,30,Active,0,2024-03-02
706204,141145,Mortgage,486180,7.44,30,Active,0,2024-04-05
706205,106778,Business Loan,175088,3.76,10,Active,0,2023-06-18
706206,105377,Auto Loan,50258,8.22,3,Paid Off,0,2025-07-19
706207,102399,Auto Loan,46244,6.43,3,Active,0,2025-03-26
706208,143609,Mortgage,444744,4.94,30,Paid Off,0,2024-03-05
706209,132146,Personal Loan,9325,4.35,1,Active,0,2023-10-11
706210,125877,Mortgage,457674,5.78,30,Paid Off,0,2023-10-22
706211,107100,Mortgage,201973,11.3,30,Active,0,2022-01-27
706212,126735,Mortgage,209988,5.56,30,Active,0,2023-06-05
706213,123422,Business Loan,83364,5.17,10,Active,0,2023-04-02
706214,139662,Mortgage,184737,5.4,30,Paid Off,0,2026-04-11
706215,137222,Mortgage,161686,6.32,30,Active,0,2022-12-07
706216,149506,Mortgage,169112,5.43,30,Paid Off,0,2025-01-12
706217,106156,Mortgage,294812,4.79,30,Active,0,2024-10-29
706218,102298,Auto Loan,24038,9.43,6,Active,0,2025-06-05
706219,125668,Mortgage,466424,6.94,30,Active,0,2023-08-27
706220,127093,Mortgage,301520,4.47,30,Active,0,2023-11-26
706221,106046,Business Loan,109042,6.47,10,Active,0,2026-06-29
706222,136549,Auto Loan,59077,5.04,3,Active,0,2023-07-08
706223,126280,Personal Loan,15574,4.13,3,Paid Off,0,2025-06-30
706224,104265,Business Loan,228165,5.77,5,Paid Off,0,2023-08-11
706225,139383,Business Loan,26845,11.29,5,Active,0,2025-07-02
706226,113542,Mortgage,287702,5.03,30,Active,0,2024-03-26
706227,138803,Business Loan,45097,6.69,5,Paid Off,0,2022-09-11
706228,104165,Business Loan,26639,4.66,10,Paid Off,0,2022-03-12
706229,126063,Personal Loan,9680,6.69,1,Paid Off,0,2022-12-09
706230,110629,Mortgage,519746,5.61,30,Active,0,2021-07-18
706231,137173,Auto Loan,41158,5.35,3,Paid Off,0,2021-11-01
706232,101956,Personal Loan,15041,4.22,3,Paid Off,0,2024-07-05
706233,116671,Auto Loan,40814,4.11,6,Active,0,2024-07-08
706234,134035,Business Loan,161168,5.25,10,Active,0,2024-04-18
706235,128416,Personal Loan,18108,5.06,1,Paid Off,0,2022-12-17
706236,101731,Auto Loan,40491,9.06,5,Paid Off,0,2023-02-02
706237,125764,Auto Loan,35181,8.22,5,Paid Off,0,2026-05-23
706238,131640,Business Loan,96126,6.26,10,Active,0,2024-06-02
706239,107781,Personal Loan,6845,4.29,1,Paid Off,0,2026-04-07
706240,119961,Business Loan,139862,6.16,10,Paid Off,0,2023-04-28
706241,132533,Mortgage,358708,5.21,30,Paid Off,0,2022-07-22
706242,119193,Business Loan,245145,6.52,10,Paid Off,0,2026-06-01
706243,118960,Business Loan,107974,11.57,5,Paid Off,0,2021-10-07
706244,135363,Auto Loan,51133,10.82,6,Paid Off,0,2021-11-19
706245,138318,Mortgage,579833,6.07,30,Paid Off,0,2022-02-12
706246,123751,Auto Loan,13076,5.47,5,Active,0,2025-02-15
706247,130258,Personal Loan,19560,9.01,5,Active,0,2022-05-14
706248,108113,Personal Loan,2426,8.89,1,Paid Off,0,2026-03-05
706249,148562,Auto Loan,25966,8.77,6,Paid Off,0,2022-10-31
706250,110791,Personal Loan,15650,5.44,1,Paid Off,0,2026-06-08
706251,132834,Business Loan,214142,7.8,5,Active,0,2025-11-25
706252,125056,Business Loan,129623,6.32,10,Active,0,2021-08-26
706253,141776,Auto Loan,28234,3.59,3,Active,0,2025-01-19
706254,131981,Business Loan,186958,6.74,10,Active,0,2023-09-17
706255,108194,Auto Loan,13028,4.36,5,Paid Off,0,2023-11-07
706256,133191,Business Loan,70263,6.26,10,Active,0,2022-12-29
706257,114381,Personal Loan,17728,4.69,5,Paid Off,0,2024-06-20
706258,140920,Auto Loan,20470,8.05,6,Defaulted,1,2026-04-06
706259,107234,Auto Loan,31125,3.95,3,Active,0,2025-10-28
706260,126988,Mortgage,585313,8.91,30,Paid Off,0,2022-09-16
706261,110069,Mortgage,333525,4.91,30,Paid Off,0,2023-04-22
706262,132280,Auto Loan,59613,4.45,5,Active,0,2025-10-04
706263,135074,Business Loan,179067,5.26,10,Active,0,2023-04-20
706264,134184,Business Loan,212930,6.85,5,Paid Off,0,2023-05-30
706265,129579,Auto Loan,49742,6.67,3,Paid Off,0,2023-05-01
706266,142110,Mortgage,486052,4.69,30,Paid Off,0,2022-07-28
706267,131144,Mortgage,562582,4.09,30,Paid Off,0,2024-12-24
706268,101166,Business Loan,68729,11.15,5,Active,0,2023-04-08
706269,149834,Business Loan,102094,6.91,10,Active,0,2024-11-01
706270,135300,Personal Loan,24484,3.53,3,Active,0,2024-12-11
706271,137353,Personal Loan,19660,6.82,1,Paid Off,0,2025-11-23
706272,148203,Personal Loan,11369,6.91,3,Active,0,2023-01-08
706273,147542,Auto Loan,44108,8.38,3,Paid Off,0,2022-03-08
706274,129853,Business Loan,44672,10.97,5,Paid Off,0,2025-10-20
706275,137187,Mortgage,455007,5.39,30,Paid Off,0,2024-06-07
706276,132390,Mortgage,497839,6.83,30,Active,0,2025-03-31
706277,117271,Mortgage,337148,6.07,30,Paid Off,0,2021-08-11
706278,122930,Mortgage,360514,3.53,30,Active,0,2021-12-05
706279,144194,Business Loan,108279,5.48,5,Defaulted,1,2024-06-13
706280,136808,Mortgage,212379,9.75,30,Active,0,2024-05-28
706281,126794,Auto Loan,58548,6.11,3,Paid Off,0,2025-10-30
706282,102269,Auto Loan,45842,5.83,6,Paid Off,0,2025-11-18
706283,123691,Personal Loan,21961,6.26,3,Active,0,2025-03-13
706284,128537,Business Loan,161880,5.04,10,Active,0,2021-12-27
706285,102445,Personal Loan,4423,3.91,5,Active,0,2024-04-10
706286,123182,Business Loan,100051,6.29,10,Paid Off,0,2025-04-08
706287,124069,Business Loan,222651,5.17,5,Active,0,2023-09-06
706288,121847,Auto Loan,14388,10.32,6,Paid Off,0,2026-03-19
706289,124757,Auto Loan,47946,8.93,6,Paid Off,0,2021-11-17
706290,117983,Auto Loan,16591,8.21,5,Active,0,2023-12-16
706291,119303,Business Loan,45198,6.72,10,Active,0,2024-05-04
706292,118276,Business Loan,206832,5.15,5,Active,0,2026-03-26
706293,147515,Mortgage,573853,3.99,30,Active,0,2025-05-20
706294,105407,Business Loan,225546,4.92,10,Paid Off,0,2025-04-29
706295,102348,Auto Loan,11315,11.94,5,Defaulted,1,2023-11-25
706296,126360,Personal Loan,2807,3.61,3,Paid Off,0,2022-04-23
706297,145208,Auto Loan,35464,4.69,6,Paid Off,0,2026-05-20
706298,116507,Business Loan,67040,6.31,5,Paid Off,0,2026-06-26
706299,133745,Business Loan,70599,4.77,5,Paid Off,0,2025-09-28
706300,127989,Auto Loan,16598,6.46,6,Paid Off,0,2022-01-11
706301,132365,Mortgage,377890,7.27,30,Active,0,2024-08-03
706302,109224,Mortgage,192030,4.99,30,Active,0,2025-05-05
706303,108370,Auto Loan,24075,6.09,6,Active,0,2024-10-04
706304,146800,Personal Loan,24337,6.16,5,Paid Off,0,2021-09-04
706305,139141,Auto Loan,47580,4.01,6,Active,0,2022-05-01
706306,109769,Business Loan,80675,10.56,5,Active,0,2022-11-15
706307,131271,Business Loan,109153,4.53,10,Paid Off,0,2024-07-08
706308,109555,Personal Loan,5657,6.6,3,Paid Off,0,2023-09-05
706309,133645,Mortgage,267080,4.0,30,Active,0,2022-01-21
706310,135137,Business Loan,58010,6.37,10,Paid Off,0,2023-09-13
706311,122860,Business Loan,110545,5.44,5,Paid Off,0,2025-06-14
706312,107895,Personal Loan,11991,7.81,3,Active,0,2025-02-10
706313,134963,Mortgage,316094,6.22,30,Paid Off,0,2023-05-27
706314,138173,Mortgage,392738,8.33,30,Active,0,2024-03-26
706315,101788,Mortgage,461221,5.17,30,Active,0,2025-08-13
706316,126476,Business Loan,41677,6.35,10,Active,0,2023-09-01
706317,132995,Mortgage,420674,11.09,30,Paid Off,0,2025-08-29
706318,100892,Mortgage,551566,7.09,30,Paid Off,0,2022-08-06
706319,114720,Auto Loan,48164,5.04,6,Paid Off,0,2022-05-28
706320,131571,Business Loan,167871,5.11,10,Active,0,2026-03-01
706321,106735,Business Loan,237701,4.27,10,Active,0,2023-10-21
706322,138670,Mortgage,417243,11.78,30,Active,0,2025-03-28
706323,118430,Business Loan,228437,5.14,5,Active,0,2022-02-03
706324,118537,Personal Loan,22242,6.24,1,Active,0,2025-04-09
706325,100430,Auto Loan,42180,5.13,3,Active,0,2022-09-11
706326,125627,Personal Loan,7975,6.85,1,Active,0,2022-10-25
706327,111189,Auto Loan,49605,6.05,5,Paid Off,0,2026-05-02
706328,112708,Personal Loan,23774,5.78,1,Active,0,2023-12-08
706329,109738,Business Loan,142939,6.19,5,Active,0,2026-07-08
706330,148873,Personal Loan,15445,6.53,1,Active,0,2021-09-03
706331,112030,Auto Loan,24470,10.72,3,Paid Off,0,2025-05-16
706332,132822,Auto Loan,29745,9.86,5,Active,0,2024-10-13
706333,149636,Business Loan,241977,6.8,10,Active,0,2023-01-09
706334,101616,Business Loan,164050,8.99,10,Active,0,2024-08-06
706335,102864,Personal Loan,24156,7.28,5,Paid Off,0,2023-09-03
706336,100252,Auto Loan,45253,6.96,3,Paid Off,0,2022-01-24
706337,107964,Auto Loan,23740,8.4,3,Active,0,2022-10-28
706338,127815,Auto Loan,24918,7.0,5,Active,0,2024-02-10
706339,100676,Personal Loan,1914,5.99,5,Paid Off,0,2026-02-03
706340,107096,Auto Loan,55625,5.22,5,Paid Off,0,2026-01-01
706341,144809,Mortgage,177405,7.56,30,Active,0,2022-10-05
706342,110873,Business Loan,215049,3.72,10,Active,0,2026-05-10
706343,140077,Mortgage,553392,6.94,30,Active,0,2025-07-15
706344,116529,Business Loan,113349,5.13,5,Active,0,2025-02-01
706345,115982,Personal Loan,10883,4.3,1,Paid Off,0,2025-07-29
706346,148974,Auto Loan,50346,4.99,6,Active,0,2024-05-21
706347,101670,Auto Loan,39401,6.74,3,Paid Off,0,2024-07-02
706348,124273,Business Loan,141246,4.34,5,Paid Off,0,2021-09-10
706349,114273,Mortgage,484806,4.67,30,Paid Off,0,2023-08-31
706350,110612,Auto Loan,23067,5.14,6,Active,0,2024-08-21
706351,102644,Auto Loan,49891,6.29,5,Paid Off,0,2024-04-17
706352,119387,Mortgage,574792,4.78,30,Active,0,2024-03-12
706353,113571,Business Loan,130093,10.96,5,Active,0,2022-04-02
706354,132647,Mortgage,267464,3.77,30,Paid Off,0,2021-10-05
706355,114424,Mortgage,331780,7.35,30,Paid Off,0,2025-01-27
706356,130950,Personal Loan,8902,5.41,3,Paid Off,0,2026-02-19
706357,108296,Personal Loan,20584,6.67,3,Paid Off,0,2023-05-30
706358,117050,Business Loan,93055,4.53,5,Active,0,2021-08-03
706359,120904,Mortgage,270777,3.67,30,Active,0,2024-05-11
706360,117915,Mortgage,518215,5.08,30,Active,0,2025-06-28
706361,144943,Auto Loan,55415,6.07,5,Paid Off,0,2023-06-09
706362,142548,Personal Loan,5934,5.01,1,Active,0,2025-07-06
706363,148168,Auto Loan,10793,6.0,3,Active,0,2023-08-19
706364,138901,Auto Loan,48506,5.86,5,Active,0,2023-07-19
706365,109022,Auto Loan,10653,4.58,5,Defaulted,1,2023-03-10
706366,108755,Business Loan,159286,6.97,5,Active,0,2024-12-13
706367,110595,Auto Loan,47277,3.85,5,Active,0,2021-09-12
706368,144397,Mortgage,582956,6.05,30,Active,0,2022-01-18
706369,146145,Personal Loan,5875,8.07,5,Active,0,2024-12-20
706370,134927,Business Loan,222830,9.35,5,Active,0,2025-05-26
706371,138307,Mortgage,386660,4.52,30,Active,0,2024-06-19
706372,139600,Personal Loan,8536,11.53,5,Active,0,2026-04-04
706373,121041,Auto Loan,34271,5.43,6,Active,0,2023-02-14
706374,134634,Personal Loan,7295,3.75,5,Active,0,2024-10-24
706375,129399,Auto Loan,47224,4.92,5,Active,0,2026-02-22
706376,113426,Personal Loan,5872,4.98,3,Active,0,2025-03-01
706377,122764,Mortgage,413631,6.1,30,Active,0,2021-09-10
706378,129453,Personal Loan,13367,5.98,3,Paid Off,0,2026-02-25
706379,124304,Business Loan,120582,4.95,5,Paid Off,0,2024-12-28
706380,137749,Business Loan,176448,3.73,10,Active,0,2021-07-22
706381,144477,Personal Loan,1397,5.27,3,Active,0,2024-11-22
706382,147524,Business Loan,116748,4.62,5,Paid Off,0,2025-04-02
706383,123770,Business Loan,137070,6.16,10,Active,0,2025-10-11
706384,118221,Mortgage,348096,10.64,30,Active,0,2021-11-10
706385,124221,Personal Loan,2307,6.22,3,Active,0,2024-12-11
706386,118106,Auto Loan,57286,7.33,6,Active,0,2022-06-22
706387,101053,Mortgage,478555,5.14,30,Active,0,2024-08-11
706388,116356,Business Loan,55606,7.21,5,Paid Off,0,2022-12-07
706389,100866,Business Loan,125455,6.71,5,Active,0,2022-10-30
706390,101974,Mortgage,160704,5.5,30,Paid Off,0,2025-02-21
706391,145841,Personal Loan,12676,11.2,5,Active,0,2024-02-04
706392,104071,Mortgage,319952,8.68,30,Paid Off,0,2025-04-21
706393,148783,Personal Loan,17082,6.65,3,Defaulted,1,2026-06-11
706394,142653,Personal Loan,15733,5.67,3,Active,0,2026-04-04
706395,109803,Business Loan,142582,5.52,5,Paid Off,0,2024-09-07
706396,121993,Auto Loan,38347,5.62,5,Active,0,2023-07-20
706397,116231,Mortgage,275063,6.43,30,Paid Off,0,2022-06-03
706398,148491,Personal Loan,17469,5.93,1,Active,0,2024-09-05
706399,120558,Mortgage,594727,5.37,30,Paid Off,0,2023-02-14
706400,113469,Business Loan,59121,8.14,5,Paid Off,0,2024-02-05
706401,144366,Personal Loan,14646,11.6,3,Paid Off,0,2022-03-06
706402,105734,Auto Loan,48207,3.95,5,Paid Off,0,2022-10-31
706403,118457,Auto Loan,37565,4.8,6,Paid Off,0,2022-06-28
706404,114791,Business Loan,103566,6.35,10,Active,0,2026-02-01
706405,145465,Mortgage,526333,6.6,30,Paid Off,0,2023-03-11
706406,132688,Mortgage,586591,8.23,30,Active,0,2026-04-08
706407,110289,Personal Loan,20437,3.81,5,Active,0,2025-03-29
706408,146322,Business Loan,113641,7.69,5,Paid Off,0,2022-12-18
706409,138919,Personal Loan,17556,3.7,3,Active,0,2025-10-18
706410,132414,Business Loan,64301,5.65,10,Active,0,2026-07-15
706411,147059,Business Loan,173305,5.26,5,Paid Off,0,2026-06-10
706412,148276,Business Loan,40659,10.99,5,Active,0,2025-01-19
706413,110941,Business Loan,211157,9.38,10,Paid Off,0,2025-06-09
706414,130904,Personal Loan,8958,11.19,1,Active,0,2025-04-18
706415,112475,Personal Loan,14226,5.02,1,Paid Off,0,2025-04-26
706416,118067,Auto Loan,47241,5.82,6,Active,0,2025-05-26
706417,115590,Auto Loan,11328,6.7,5,Paid Off,0,2022-06-26
706418,136067,Mortgage,190984,5.08,30,Active,0,2021-12-16
706419,129235,Personal Loan,22116,4.86,3,Active,0,2025-04-23
706420,137976,Auto Loan,17133,10.52,5,Paid Off,0,2024-11-27
706421,118597,Business Loan,74171,11.65,10,Paid Off,0,2022-03-22
706422,122215,Auto Loan,53811,6.48,3,Defaulted,1,2024-10-03
706423,125018,Business Loan,72561,8.53,5,Paid Off,0,2024-06-30
706424,109667,Personal Loan,11461,6.73,1,Paid Off,0,2021-11-13
706425,100532,Mortgage,520214,3.79,30,Paid Off,0,2023-03-15
706426,137225,Business Loan,90967,6.64,10,Paid Off,0,2022-08-03
706427,100686,Auto Loan,17505,6.95,3,Paid Off,0,2025-03-02
706428,139186,Business Loan,78335,6.16,10,Paid Off,0,2023-03-06
706429,126326,Personal Loan,14582,10.52,1,Active,0,2023-11-30
706430,116895,Business Loan,180559,6.38,10,Active,0,2026-04-09
706431,118104,Personal Loan,24059,6.89,5,Paid Off,0,2022-08-04
706432,146169,Auto Loan,12968,6.45,5,Paid Off,0,2023-07-13
706433,141135,Personal Loan,10046,6.37,3,Paid Off,0,2024-09-21
706434,104699,Business Loan,152113,5.92,5,Paid Off,0,2022-11-12
706435,107182,Personal Loan,8899,9.03,5,Active,0,2025-01-26
706436,144181,Business Loan,194340,6.36,10,Active,0,2021-10-29
706437,146337,Personal Loan,13080,9.47,3,Active,0,2023-05-31
706438,106434,Business Loan,70260,3.98,10,Paid Off,0,2023-03-29
706439,100624,Personal Loan,24119,4.29,1,Active,0,2024-04-19
706440,143996,Personal Loan,23179,7.86,1,Paid Off,0,2022-01-14
706441,122589,Auto Loan,39167,3.98,3,Active,0,2024-03-19
706442,114361,Auto Loan,46787,6.62,5,Paid Off,0,2025-05-21
706443,142683,Auto Loan,28507,6.39,6,Active,0,2026-06-12
706444,128070,Personal Loan,6518,3.8,1,Paid Off,0,2024-07-11
706445,144831,Personal Loan,6342,5.01,5,Active,0,2025-07-12
706446,114933,Personal Loan,2403,11.58,5,Paid Off,0,2025-07-11
706447,100928,Auto Loan,50638,3.52,5,Active,0,2024-12-13
706448,147677,Personal Loan,12903,7.86,3,Active,0,2021-12-04
706449,103673,Business Loan,193199,6.62,10,Active,0,2022-02-21
706450,109351,Business Loan,137512,6.19,10,Paid Off,0,2021-11-23
706451,124962,Personal Loan,8677,9.61,1,Paid Off,0,2021-09-15
706452,144801,Mortgage,269879,9.34,30,Paid Off,0,2024-10-15
706453,135194,Business Loan,194037,9.82,5,Active,0,2023-12-09
706454,105537,Auto Loan,41845,6.15,5,Paid Off,0,2024-07-09
706455,122962,Mortgage,370154,6.84,30,Paid Off,0,2023-06-12
706456,122317,Personal Loan,14465,6.59,3,Paid Off,0,2025-01-21
706457,100499,Business Loan,44555,6.98,5,Paid Off,0,2022-02-16
706458,109025,Business Loan,149642,10.33,10,Paid Off,0,2023-06-06
706459,125918,Auto Loan,14546,3.96,5,Defaulted,1,2021-10-09
706460,148023,Mortgage,309137,4.16,30,Active,0,2023-07-25
706461,116992,Auto Loan,43599,6.58,6,Paid Off,0,2022-03-04
706462,125088,Business Loan,233115,4.47,10,Paid Off,0,2021-08-21
706463,105954,Personal Loan,17073,4.4,5,Paid Off,0,2025-04-01
706464,106231,Auto Loan,30614,11.05,5,Active,0,2025-12-24
706465,139651,Auto Loan,11068,8.47,5,Active,0,2024-05-16
706466,146290,Mortgage,523959,3.81,30,Paid Off,0,2024-08-28
706467,101673,Mortgage,355624,7.59,30,Paid Off,0,2023-03-17
706468,138269,Business Loan,40527,8.33,10,Paid Off,0,2021-11-18
706469,126967,Mortgage,319980,9.83,30,Paid Off,0,2021-09-07
706470,118035,Mortgage,250564,6.81,30,Active,0,2025-10-25
706471,132411,Auto Loan,33721,7.67,3,Active,0,2023-05-30
706472,148527,Auto Loan,15209,4.65,3,Active,0,2023-04-14
706473,145344,Personal Loan,9835,5.06,3,Defaulted,1,2025-07-12
706474,118109,Business Loan,194777,5.15,5,Paid Off,0,2021-08-19
706475,120713,Business Loan,82861,6.64,10,Paid Off,0,2022-04-07
706476,141771,Mortgage,294727,3.56,30,Paid Off,0,2025-09-19
706477,124379,Mortgage,533956,9.52,30,Active,0,2026-02-07
706478,106651,Auto Loan,53469,11.04,3,Active,0,2024-05-22
706479,113852,Auto Loan,22660,4.67,3,Paid Off,0,2025-08-08
706480,143141,Auto Loan,45789,5.12,5,Active,0,2026-02-18
706481,113822,Personal Loan,11355,4.78,3,Active,0,2022-06-19
706482,131483,Personal Loan,17340,4.33,3,Active,0,2022-08-01
706483,124422,Personal Loan,3162,6.94,5,Paid Off,0,2022-08-04
706484,148072,Auto Loan,36910,4.41,3,Active,0,2026-05-04
706485,118491,Business Loan,243742,8.24,10,Active,0,2021-07-20
706486,115711,Mortgage,223350,6.11,30,Paid Off,0,2022-12-25
706487,125012,Auto Loan,33999,4.64,6,Active,0,2023-09-19
706488,108059,Mortgage,520266,4.21,30,Paid Off,0,2022-12-28
706489,141759,Personal Loan,8937,6.68,1,Paid Off,0,2025-01-26
706490,127784,Auto Loan,34590,6.67,5,Paid Off,0,2024-11-02
706491,128065,Business Loan,128188,6.46,5,Paid Off,0,2025-02-25
706492,119113,Personal Loan,23614,3.59,1,Active,0,2025-10-14
706493,136629,Business Loan,47768,6.78,5,Paid Off,0,2024-02-29
706494,116497,Mortgage,243862,6.41,30,Active,0,2026-01-22
706495,119707,Personal Loan,12872,9.77,1,Paid Off,0,2025-11-20
706496,144356,Mortgage,500530,6.04,30,Paid Off,0,2022-05-01
706497,138297,Business Loan,67896,5.99,5,Active,0,2024-07-22
706498,109199,Mortgage,353244,10.4,30,Paid Off,0,2026-06-28
706499,123927,Business Loan,43235,5.81,5,Paid Off,0,2024-06-14
706500,112678,Mortgage,325206,5.93,30,Active,0,2023-01-15
706501,129695,Mortgage,570570,6.28,30,Active,0,2023-01-23
706502,130185,Auto Loan,34745,4.63,3,Paid Off,0,2023-02-14
706503,111905,Auto Loan,54907,3.51,6,Active,0,2025-06-27
706504,117318,Mortgage,527716,3.62,30,Paid Off,0,2023-01-03
706505,118400,Business Loan,104723,3.99,5,Paid Off,0,2024-05-25
706506,120290,Auto Loan,58491,5.23,3,Paid Off,0,2025-01-22
706507,112266,Mortgage,241393,4.92,30,Active,0,2026-01-03
706508,102467,Personal Loan,24982,4.37,5,Active,0,2021-08-07
706509,132165,Auto Loan,41207,5.32,5,Active,0,2024-02-10
706510,100261,Auto Loan,22337,5.74,6,Paid Off,0,2023-03-01
706511,146831,Auto Loan,57673,3.96,5,Paid Off,0,2025-03-26
706512,126237,Mortgage,585623,8.33,30,Active,0,2023-01-07
706513,130801,Mortgage,421294,8.65,30,Active,0,2022-07-29
706514,140973,Personal Loan,13309,4.23,3,Paid Off,0,2023-07-15
706515,118341,Personal Loan,16538,6.52,3,Paid Off,0,2023-06-09
706516,135021,Mortgage,514904,6.31,30,Active,0,2024-01-02
706517,128056,Business Loan,236446,6.57,10,Active,0,2022-09-13
706518,138950,Business Loan,189061,9.79,5,Paid Off,0,2024-01-01
706519,111099,Mortgage,180205,4.58,30,Paid Off,0,2024-09-22
706520,144660,Mortgage,332543,7.26,30,Paid Off,0,2023-09-26
706521,119839,Business Loan,209149,6.9,5,Paid Off,0,2025-12-19
706522,142488,Mortgage,592175,3.76,30,Active,0,2026-04-29
706523,126511,Mortgage,513003,8.95,30,Paid Off,0,2024-06-22
706524,112341,Mortgage,441963,6.47,30,Paid Off,0,2025-01-12
706525,108684,Auto Loan,29536,5.55,3,Active,0,2026-03-11
706526,120342,Business Loan,97245,10.27,5,Active,0,2021-07-27
706527,136792,Personal Loan,8418,5.65,5,Paid Off,0,2022-04-01
706528,137450,Mortgage,489823,6.24,30,Active,0,2022-01-30
706529,131387,Mortgage,538647,10.07,30,Paid Off,0,2025-05-22
706530,135866,Mortgage,168881,4.61,30,Paid Off,0,2025-10-02
706531,147404,Business Loan,87320,3.72,10,Active,0,2023-04-25
706532,148431,Mortgage,156907,11.96,30,Defaulted,1,2023-04-08
706533,120078,Business Loan,92691,4.01,5,Active,0,2023-08-26
706534,133114,Personal Loan,9904,6.62,1,Active,0,2026-06-01
706535,145646,Auto Loan,46879,5.22,5,Active,0,2022-06-06
706536,149908,Auto Loan,32296,9.46,3,Defaulted,1,2026-02-13
706537,115578,Mortgage,334816,9.98,30,Paid Off,0,2021-11-11
706538,105854,Personal Loan,19041,4.83,1,Paid Off,0,2025-12-30
706539,133579,Mortgage,452253,5.13,30,Active,0,2023-09-25
706540,108777,Personal Loan,2753,11.58,1,Paid Off,0,2024-04-02
706541,118178,Personal Loan,20817,6.23,3,Paid Off,0,2025-07-08
706542,145457,Mortgage,268389,5.59,30,Active,0,2023-08-29
706543,132194,Mortgage,306379,4.47,30,Active,0,2023-04-22
706544,117203,Mortgage,360360,5.18,30,Active,0,2026-06-18
706545,109604,Auto Loan,45399,6.82,6,Active,0,2026-03-17
706546,142377,Business Loan,179340,7.12,10,Paid Off,0,2023-03-16
706547,126888,Mortgage,548361,10.71,30,Active,0,2026-02-12
706548,109366,Auto Loan,58955,5.61,3,Paid Off,0,2024-10-23
706549,140907,Personal Loan,12683,5.91,3,Paid Off,0,2022-10-26
706550,138391,Personal Loan,2630,5.28,3,Active,0,2022-02-25
706551,130781,Business Loan,193726,10.99,10,Active,0,2025-04-29
706552,141039,Personal Loan,15039,9.39,3,Active,0,2026-01-30
706553,112263,Mortgage,504371,7.55,30,Paid Off,0,2024-05-22
706554,101033,Business Loan,178792,4.4,5,Active,0,2021-11-26
706555,100593,Personal Loan,19989,5.09,5,Active,0,2026-05-09
706556,129890,Auto Loan,26951,3.9,6,Paid Off,0,2022-10-19
706557,145256,Business Loan,219782,3.87,10,Active,0,2026-01-28
706558,109679,Auto Loan,28153,6.03,6,Paid Off,0,2021-09-07
706559,144499,Personal Loan,4001,5.75,5,Active,0,2023-12-06
706560,116752,Business Loan,70003,5.28,5,Active,0,2025-04-03
706561,108224,Auto Loan,19436,5.49,3,Active,0,2024-05-22
706562,132474,Personal Loan,13373,4.89,3,Paid Off,0,2021-12-17
706563,121238,Business Loan,132635,5.86,5,Active,0,2026-01-05
706564,112208,Business Loan,43216,5.75,10,Paid Off,0,2024-11-01
706565,134465,Business Loan,36600,5.36,5,Active,0,2023-03-03
706566,127554,Personal Loan,13565,11.7,1,Active,0,2023-09-02
706567,137096,Mortgage,572328,10.82,30,Active,0,2025-08-18
706568,111734,Personal Loan,16353,4.75,1,Active,0,2024-07-12
706569,134769,Mortgage,184207,4.4,30,Paid Off,0,2024-10-18
706570,107451,Personal Loan,14460,5.18,5,Active,0,2023-06-09
706571,140344,Mortgage,510415,8.82,30,Paid Off,0,2023-07-14
706572,131112,Business Loan,30516,10.55,5,Paid Off,0,2023-04-20
706573,102916,Personal Loan,3821,5.91,3,Paid Off,0,2021-08-04
706574,105604,Mortgage,188534,6.74,30,Active,0,2024-11-29
706575,121126,Business Loan,138242,10.98,5,Active,0,2022-10-24
706576,101291,Auto Loan,30372,5.68,3,Active,0,2024-07-20
706577,103428,Personal Loan,1744,6.17,5,Active,0,2024-02-23
706578,104766,Auto Loan,35462,5.25,5,Paid Off,0,2021-12-29
706579,121145,Mortgage,161887,6.07,30,Paid Off,0,2024-06-03
706580,138279,Business Loan,191005,6.6,10,Active,0,2022-02-10
706581,100873,Mortgage,174539,4.58,30,Paid Off,0,2026-06-26
706582,127565,Personal Loan,2520,4.94,3,Paid Off,0,2022-04-27
706583,137149,Mortgage,340204,6.34,30,Paid Off,0,2022-07-21
706584,104537,Personal Loan,15520,11.1,1,Active,0,2022-05-26
706585,135621,Business Loan,195099,5.11,5,Defaulted,1,2025-06-30
706586,101819,Business Loan,67130,11.52,5,Active,0,2026-03-04
706587,141601,Personal Loan,8413,3.98,5,Paid Off,0,2026-04-10
706588,115016,Mortgage,500072,11.74,30,Active,0,2022-06-17
706589,147520,Auto Loan,21039,3.6,6,Active,0,2023-06-15
706590,128787,Mortgage,266514,8.97,30,Active,0,2023-11-16
706591,102022,Business Loan,36168,9.06,5,Active,0,2022-10-11
706592,145652,Auto Loan,48050,7.03,3,Paid Off,0,2025-07-12
706593,148317,Personal Loan,19008,6.3,5,Active,0,2024-01-02
706594,130256,Mortgage,599379,4.19,30,Active,0,2021-08-27
706595,124779,Auto Loan,27110,6.36,6,Paid Off,0,2026-03-23
706596,124579,Auto Loan,32956,3.64,6,Paid Off,0,2023-06-15
706597,145203,Personal Loan,2834,4.54,3,Paid Off,0,2021-09-12
706598,117047,Personal Loan,13225,9.24,1,Active,0,2026-04-10
706599,143365,Personal Loan,13407,4.82,3,Paid Off,0,2024-04-18
706600,133912,Personal Loan,9665,3.58,5,Active,0,2025-06-04
706601,141603,Business Loan,243779,5.06,5,Active,0,2024-10-31
706602,114611,Business Loan,130550,11.34,5,Paid Off,0,2025-08-01
706603,149702,Auto Loan,14788,4.54,3,Active,0,2025-10-25
706604,113294,Personal Loan,24614,5.17,1,Paid Off,0,2025-02-12
706605,101928,Auto Loan,20244,6.19,5,Active,0,2022-12-12
706606,119384,Mortgage,404820,11.06,30,Paid Off,0,2022-05-28
706607,126800,Business Loan,66671,4.8,5,Active,0,2022-04-17
706608,115633,Mortgage,426776,4.58,30,Paid Off,0,2025-11-07
706609,144089,Business Loan,138035,11.91,5,Active,0,2024-12-22
706610,109712,Auto Loan,13598,3.54,5,Active,0,2024-09-29
706611,118380,Personal Loan,14830,5.56,5,Active,0,2021-12-27
706612,107149,Personal Loan,10358,10.81,3,Paid Off,0,2025-05-14
706613,114969,Business Loan,230686,7.49,5,Active,0,2024-04-04
706614,127905,Personal Loan,18490,9.43,5,Paid Off,0,2023-09-04
706615,114936,Mortgage,150384,5.85,30,Active,0,2022-06-24
706616,128918,Business Loan,76313,6.2,10,Paid Off,0,2023-01-19
706617,143951,Business Loan,104502,6.93,10,Paid Off,0,2024-02-21
706618,137183,Personal Loan,20607,6.47,5,Paid Off,0,2024-03-26
706619,116528,Auto Loan,55836,9.67,5,Paid Off,0,2023-04-05
706620,101661,Business Loan,105781,5.94,5,Active,0,2024-09-12
706621,120065,Mortgage,560840,5.22,30,Active,0,2022-07-21
706622,131482,Personal Loan,22347,6.85,3,Active,0,2025-08-19
706623,103734,Business Loan,101542,10.93,10,Active,0,2026-03-23
706624,137084,Personal Loan,9356,5.99,3,Active,0,2024-05-08
706625,125767,Business Loan,245580,5.1,10,Active,0,2022-12-15
706626,137655,Auto Loan,42932,4.08,6,Active,0,2023-01-01
706627,102549,Business Loan,37730,6.05,10,Paid Off,0,2022-10-14
706628,112604,Auto Loan,11299,5.07,3,Paid Off,0,2023-05-26
706629,136423,Mortgage,498905,5.31,30,Paid Off,0,2025-03-14
706630,104104,Mortgage,295162,3.67,30,Paid Off,0,2022-07-11
706631,105068,Personal Loan,2602,5.95,5,Paid Off,0,2023-12-19
706632,143167,Auto Loan,15726,5.44,3,Active,0,2025-12-29
706633,147586,Auto Loan,45995,5.36,5,Active,0,2024-06-06
706634,139054,Mortgage,230658,8.12,30,Active,0,2026-05-22
706635,126286,Personal Loan,13393,6.28,5,Active,0,2022-09-30
706636,109167,Business Loan,229041,5.94,5,Paid Off,0,2022-03-17
706637,141767,Personal Loan,1396,5.35,1,Active,0,2024-12-06
706638,108470,Mortgage,512336,11.95,30,Paid Off,0,2024-05-25
706639,125205,Auto Loan,47597,5.25,6,Paid Off,0,2025-10-05
706640,146510,Personal Loan,20646,4.61,5,Active,0,2023-10-09
706641,137759,Mortgage,399375,6.12,30,Active,0,2023-12-02
706642,135480,Business Loan,34031,6.94,10,Defaulted,1,2024-09-29
706643,104981,Auto Loan,35262,9.2,3,Active,0,2024-01-26
706644,131245,Mortgage,516197,8.86,30,Active,0,2025-10-14
706645,143198,Personal Loan,3940,5.21,3,Active,0,2022-04-09
706646,147976,Business Loan,199806,8.53,5,Paid Off,0,2026-03-07
706647,144424,Personal Loan,19924,4.95,1,Active,0,2024-11-08
706648,145594,Business Loan,153683,5.29,10,Paid Off,0,2026-07-10
706649,143224,Mortgage,294631,6.81,30,Active,0,2021-11-30
706650,149035,Business Loan,41488,4.73,5,Paid Off,0,2022-06-27
706651,102305,Mortgage,314820,5.48,30,Paid Off,0,2025-10-31
706652,137977,Auto Loan,54391,4.03,6,Paid Off,0,2025-01-26
706653,114355,Auto Loan,23059,11.38,3,Paid Off,0,2022-10-07
706654,109928,Auto Loan,33777,9.0,3,Active,0,2024-07-06
706655,123747,Personal Loan,5531,3.53,5,Paid Off,0,2025-11-12
706656,108045,Auto Loan,11183,3.76,5,Defaulted,1,2025-10-26
706657,131199,Personal Loan,1518,4.13,1,Active,0,2021-09-21
706658,104785,Auto Loan,58476,5.79,6,Active,0,2024-10-13
706659,109592,Business Loan,176314,6.81,10,Active,0,2024-11-03
706660,106975,Mortgage,234819,6.72,30,Active,0,2025-08-04
706661,118365,Mortgage,395882,9.0,30,Active,0,2025-05-21
706662,112913,Personal Loan,17535,8.27,5,Paid Off,0,2024-06-22
706663,114493,Personal Loan,11062,8.85,5,Paid Off,0,2024-10-05
706664,147156,Mortgage,193260,5.9,30,Active,0,2022-09-28
706665,137559,Business Loan,56787,5.66,10,Active,0,2022-03-11
706666,107401,Personal Loan,17060,11.64,3,Active,0,2021-11-26
706667,141837,Mortgage,295055,6.79,30,Paid Off,0,2021-09-03
706668,106573,Personal Loan,12748,5.14,1,Paid Off,0,2021-11-08
706669,113094,Business Loan,85942,10.12,5,Active,0,2024-07-21
706670,106178,Business Loan,144752,8.53,10,Paid Off,0,2023-02-12
706671,100584,Mortgage,593758,4.47,30,Paid Off,0,2024-08-14
706672,144720,Business Loan,171578,5.17,5,Active,0,2024-01-09
706673,139145,Mortgage,309829,8.8,30,Active,0,2021-12-02
706674,105326,Personal Loan,11907,5.01,1,Active,0,2024-05-19
706675,137404,Personal Loan,5255,10.86,1,Active,0,2022-05-15
706676,128965,Mortgage,257824,10.02,30,Active,0,2023-09-19
706677,118236,Business Loan,116194,4.42,10,Active,0,2024-10-25
706678,122312,Mortgage,379245,10.21,30,Paid Off,0,2023-12-28
706679,138310,Auto Loan,34223,6.94,3,Active,0,2024-09-04
706680,147289,Mortgage,352727,4.18,30,Paid Off,0,2022-05-05
706681,112895,Auto Loan,15453,3.85,3,Paid Off,0,2023-03-24
706682,135819,Auto Loan,50375,5.58,5,Paid Off,0,2024-02-15
706683,100423,Auto Loan,35022,9.31,5,Paid Off,0,2022-08-16
706684,124867,Business Loan,196548,5.08,10,Paid Off,0,2024-02-01
706685,113747,Personal Loan,20950,11.88,1,Paid Off,0,2026-02-10
706686,126395,Personal Loan,1337,5.04,5,Paid Off,0,2024-10-20
706687,135870,Personal Loan,5080,8.28,3,Paid Off,0,2022-09-14
706688,143494,Business Loan,86626,6.04,10,Active,0,2024-08-29
706689,112555,Personal Loan,11765,4.1,1,Paid Off,0,2025-10-01
706690,123270,Mortgage,178449,8.87,30,Paid Off,0,2025-10-22
706691,142186,Mortgage,439803,10.17,30,Paid Off,0,2022-09-15
706692,129741,Auto Loan,13513,9.36,5,Paid Off,0,2024-08-12
706693,105747,Business Loan,212064,11.73,5,Paid Off,0,2022-03-16
706694,104741,Personal Loan,21953,6.49,1,Paid Off,0,2024-04-07
706695,144152,Auto Loan,37662,6.41,3,Paid Off,0,2024-04-18
706696,108962,Auto Loan,56609,5.29,3,Paid Off,0,2023-10-17
706697,139569,Mortgage,155247,6.98,30,Active,0,2023-05-15
706698,110317,Mortgage,361738,3.8,30,Active,0,2024-04-25
706699,100250,Business Loan,234680,6.0,10,Active,0,2022-04-28
706700,124129,Personal Loan,5610,10.41,3,Paid Off,0,2023-06-08
706701,111873,Personal Loan,24981,4.95,3,Paid Off,0,2024-01-23
706702,106418,Business Loan,125473,5.02,5,Paid Off,0,2023-05-30
706703,149937,Personal Loan,16898,7.13,5,Defaulted,1,2025-02-23
706704,147847,Auto Loan,53592,11.74,6,Active,0,2025-11-16
706705,133385,Auto Loan,39100,3.91,3,Active,0,2022-08-10
706706,138758,Business Loan,210080,5.01,10,Paid Off,0,2026-03-14
706707,129731,Business Loan,232839,4.53,5,Paid Off,0,2024-03-18
706708,115031,Personal Loan,10511,4.55,5,Active,0,2021-10-13
706709,100038,Personal Loan,14017,4.74,1,Paid Off,0,2021-12-14
706710,134902,Auto Loan,46741,10.09,3,Paid Off,0,2024-06-13
706711,102692,Business Loan,195408,6.77,5,Active,0,2025-12-07
706712,119382,Business Loan,236078,7.09,10,Defaulted,1,2024-10-03
706713,140890,Auto Loan,57713,4.22,6,Paid Off,0,2024-04-24
706714,102255,Mortgage,450105,5.44,30,Paid Off,0,2024-12-28
706715,119662,Business Loan,145631,7.43,5,Active,0,2024-12-09
706716,139458,Personal Loan,1985,5.79,1,Paid Off,0,2025-01-08
706717,121286,Business Loan,141712,3.79,10,Paid Off,0,2022-09-14
706718,122969,Auto Loan,33329,9.3,3,Active,0,2022-09-17
706719,122647,Mortgage,172682,5.47,30,Paid Off,0,2023-09-27
706720,141433,Personal Loan,17876,3.71,5,Active,0,2025-12-20
706721,133643,Mortgage,391914,11.03,30,Active,0,2022-04-20
706722,120348,Mortgage,199780,3.83,30,Active,0,2025-04-28
706723,114467,Business Loan,90174,4.04,5,Paid Off,0,2022-08-19
706724,128158,Mortgage,461483,11.16,30,Paid Off,0,2022-12-08
706725,127921,Business Loan,136560,5.1,5,Active,0,2025-11-24
706726,121211,Personal Loan,11344,5.87,1,Paid Off,0,2022-09-12
706727,113732,Auto Loan,20527,9.48,5,Paid Off,0,2021-11-05
706728,111096,Personal Loan,18605,5.82,3,Paid Off,0,2022-04-16
706729,126738,Auto Loan,59664,4.17,3,Paid Off,0,2024-06-16
706730,136869,Mortgage,422403,10.29,30,Paid Off,0,2025-09-27
706731,100505,Auto Loan,15563,11.47,5,Paid Off,0,2025-08-11
706732,144389,Business Loan,224693,10.81,10,Active,0,2023-06-11
706733,132118,Mortgage,264225,6.58,30,Active,0,2023-09-22
706734,142921,Mortgage,557530,6.09,30,Paid Off,0,2022-03-12
706735,101100,Mortgage,220580,6.33,30,Active,0,2022-09-24
706736,146667,Mortgage,425194,9.76,30,Defaulted,1,2023-03-22
706737,136589,Personal Loan,7241,6.41,5,Active,0,2022-07-30
706738,132507,Mortgage,210561,4.44,30,Active,0,2021-10-17
706739,144073,Business Loan,84988,5.61,5,Paid Off,0,2026-06-21
706740,122811,Personal Loan,16907,10.01,1,Defaulted,1,2025-11-17
706741,135353,Business Loan,113598,8.63,10,Defaulted,1,2023-08-30
706742,140728,Business Loan,110854,5.39,5,Active,0,2021-09-18
706743,125609,Auto Loan,16821,7.45,5,Active,0,2024-07-10
706744,101608,Business Loan,240316,7.75,10,Active,0,2025-05-23
706745,138878,Mortgage,174797,5.56,30,Paid Off,0,2025-12-01
706746,132494,Personal Loan,16714,5.53,5,Active,0,2024-07-15
706747,120443,Business Loan,104761,10.09,5,Paid Off,0,2026-05-16
706748,117846,Mortgage,556282,4.63,30,Paid Off,0,2023-05-23
706749,120868,Auto Loan,59052,4.44,6,Active,0,2026-01-31
706750,110735,Mortgage,541329,6.09,30,Defaulted,1,2023-04-20
706751,105382,Mortgage,321821,3.56,30,Active,0,2025-07-01
706752,120865,Auto Loan,16435,4.82,5,Active,0,2023-06-06
706753,113104,Personal Loan,18015,6.92,1,Active,0,2022-02-16
706754,115686,Mortgage,420458,3.94,30,Paid Off,0,2023-02-13
706755,148672,Personal Loan,1494,9.21,3,Active,0,2024-12-16
706756,131518,Mortgage,240846,6.08,30,Active,0,2024-05-07
706757,109621,Mortgage,171213,9.15,30,Active,0,2022-06-14
706758,111235,Mortgage,166022,5.47,30,Active,0,2022-05-02
706759,120285,Personal Loan,19231,6.51,1,Active,0,2023-02-13
706760,120241,Personal Loan,1358,4.35,5,Paid Off,0,2026-07-08
706761,118475,Auto Loan,17098,5.29,6,Paid Off,0,2023-03-18
706762,106431,Personal Loan,20847,6.54,1,Paid Off,0,2026-05-11
706763,141661,Mortgage,446809,4.96,30,Paid Off,0,2022-07-29
706764,147540,Personal Loan,22500,6.2,1,Active,0,2026-01-02
706765,105925,Mortgage,309332,6.17,30,Active,0,2026-03-31
706766,143099,Personal Loan,6080,3.53,5,Paid Off,0,2025-04-20
706767,126643,Personal Loan,24922,4.99,5,Paid Off,0,2026-05-16
706768,117795,Mortgage,578635,6.13,30,Active,0,2022-11-16
706769,114871,Mortgage,250914,11.38,30,Paid Off,0,2024-01-18
706770,101430,Business Loan,84035,5.91,10,Active,0,2024-03-01
706771,139635,Business Loan,203591,5.22,10,Active,0,2025-12-21
706772,139039,Business Loan,234381,7.58,10,Defaulted,1,2023-05-17
706773,145846,Mortgage,539679,6.45,30,Active,0,2024-06-10
706774,128304,Business Loan,181749,3.94,5,Defaulted,1,2022-10-20
706775,114505,Mortgage,535665,7.39,30,Paid Off,0,2025-02-18
706776,113625,Personal Loan,23771,6.84,1,Active,0,2022-12-19
706777,126994,Auto Loan,16783,11.16,5,Active,0,2025-06-26
706778,100621,Mortgage,533775,6.44,30,Active,0,2023-02-19
706779,121714,Business Loan,108588,8.26,10,Active,0,2022-03-21
706780,149028,Business Loan,109947,5.87,10,Paid Off,0,2024-04-12
706781,133279,Mortgage,546531,6.84,30,Active,0,2022-03-11
706782,112235,Auto Loan,35021,5.56,5,Active,0,2025-01-11
706783,142974,Auto Loan,43353,3.85,3,Paid Off,0,2026-06-26
706784,131793,Business Loan,227914,5.8,5,Paid Off,0,2026-03-01
706785,115999,Personal Loan,24256,10.89,5,Paid Off,0,2024-05-08
706786,107264,Business Loan,130037,7.53,5,Active,0,2024-10-03
706787,114238,Business Loan,163478,5.87,10,Active,0,2021-12-12
706788,125454,Business Loan,32210,6.51,5,Paid Off,0,2024-12-26
706789,136832,Auto Loan,25602,5.12,5,Active,0,2024-02-01
706790,112796,Mortgage,426445,5.37,30,Paid Off,0,2022-10-12
706791,140534,Mortgage,252450,6.62,30,Active,0,2023-07-31
706792,148415,Mortgage,530722,10.73,30,Active,0,2022-03-16
706793,100748,Mortgage,438739,6.22,30,Paid Off,0,2025-01-14
706794,116345,Auto Loan,59946,5.72,6,Defaulted,1,2024-01-15
706795,100217,Business Loan,117009,6.76,10,Active,0,2022-04-15
706796,132588,Mortgage,554859,3.75,30,Active,0,2025-01-18
706797,120192,Mortgage,192797,6.82,30,Paid Off,0,2022-09-27
706798,142467,Personal Loan,10961,5.55,3,Paid Off,0,2026-05-08
706799,145312,Auto Loan,53214,6.24,6,Active,0,2026-01-30
706800,136458,Auto Loan,56836,5.34,3,Active,0,2024-03-07
706801,147548,Mortgage,488984,4.94,30,Paid Off,0,2025-07-31
706802,121070,Personal Loan,9270,4.26,5,Active,0,2022-08-15
706803,112418,Personal Loan,8596,4.29,3,Active,0,2023-02-22
706804,115959,Mortgage,524278,3.9,30,Paid Off,0,2024-07-08
706805,132653,Auto Loan,57194,5.7,3,Paid Off,0,2023-03-28
706806,107538,Personal Loan,24964,11.05,3,Active,0,2024-01-07
706807,114401,Auto Loan,47510,8.47,6,Active,0,2022-02-22
706808,142785,Business Loan,36996,9.26,5,Paid Off,0,2024-03-03
706809,117161,Mortgage,573048,4.66,30,Active,0,2023-07-12
706810,108481,Auto Loan,36063,3.94,6,Paid Off,0,2023-01-03
706811,107321,Mortgage,444613,10.04,30,Active,0,2022-06-06
706812,130059,Business Loan,211687,11.55,10,Paid Off,0,2022-05-25
706813,113757,Auto Loan,48285,9.49,3,Active,0,2024-07-08
706814,147844,Business Loan,119936,9.5,5,Paid Off,0,2025-04-27
706815,108510,Business Loan,44048,3.94,5,Paid Off,0,2022-06-28
706816,123330,Personal Loan,21893,6.44,1,Active,0,2025-04-09
706817,107339,Business Loan,30408,5.3,10,Paid Off,0,2024-01-17
706818,135861,Mortgage,349969,5.37,30,Active,0,2022-03-26
706819,139529,Personal Loan,15083,7.06,1,Active,0,2023-03-29
706820,107519,Auto Loan,50091,9.23,6,Paid Off,0,2022-03-13
706821,102943,Business Loan,48343,6.48,5,Paid Off,0,2022-09-15
706822,141710,Business Loan,148851,5.17,10,Active,0,2024-05-21
706823,102616,Business Loan,42772,7.78,10,Active,0,2024-03-23
706824,149961,Personal Loan,24320,6.16,5,Paid Off,0,2026-05-01
706825,123149,Mortgage,270481,9.21,30,Active,0,2024-09-03
706826,136654,Mortgage,372379,3.95,30,Paid Off,0,2022-09-26
706827,147691,Personal Loan,9785,6.76,1,Paid Off,0,2024-12-25
706828,142922,Business Loan,216231,5.64,10,Paid Off,0,2022-09-03
706829,127290,Auto Loan,50308,11.07,6,Paid Off,0,2025-10-26
706830,149372,Mortgage,152031,5.51,30,Paid Off,0,2022-10-05
706831,107144,Mortgage,425296,4.28,30,Active,0,2022-07-24
706832,106926,Personal Loan,12123,4.43,5,Paid Off,0,2025-01-25
706833,105923,Personal Loan,14775,8.33,3,Paid Off,0,2025-08-30
706834,101859,Business Loan,87950,7.7,5,Defaulted,1,2023-01-24
706835,122198,Mortgage,272124,6.94,30,Active,0,2022-10-13
706836,143161,Mortgage,523492,6.75,30,Active,0,2026-01-26
706837,138930,Personal Loan,24814,7.09,5,Active,0,2024-09-22
706838,107652,Auto Loan,56072,11.24,3,Active,0,2023-12-01
706839,123469,Mortgage,261214,7.53,30,Paid Off,0,2025-10-20
706840,132209,Auto Loan,11140,6.73,3,Paid Off,0,2026-03-30
706841,106536,Mortgage,294445,6.26,30,Active,0,2025-03-19
706842,141772,Personal Loan,2888,11.05,1,Paid Off,0,2023-01-24
706843,124247,Personal Loan,3461,3.94,5,Active,0,2024-02-04
706844,109313,Personal Loan,16450,6.74,5,Paid Off,0,2024-12-23
706845,126516,Mortgage,175391,6.66,30,Paid Off,0,2022-06-28
706846,137295,Business Loan,161756,7.78,5,Paid Off,0,2023-11-02
706847,105697,Mortgage,198937,5.14,30,Active,0,2023-06-20
706848,140001,Mortgage,313506,6.9,30,Active,0,2023-11-14
706849,128508,Mortgage,322957,5.8,30,Active,0,2022-06-01
706850,112477,Mortgage,298911,10.56,30,Paid Off,0,2023-03-31
706851,149579,Mortgage,287069,6.49,30,Active,0,2026-07-12
706852,135366,Mortgage,517951,5.33,30,Paid Off,0,2024-03-19
706853,104152,Business Loan,202889,3.93,5,Paid Off,0,2022-02-21
706854,132595,Personal Loan,16463,8.39,3,Active,0,2024-05-29
706855,128993,Business Loan,244548,4.56,5,Active,0,2023-12-22
706856,127507,Personal Loan,24102,5.29,5,Paid Off,0,2023-05-24
706857,114682,Mortgage,535875,5.01,30,Active,0,2022-04-15
706858,122496,Business Loan,86978,5.03,10,Paid Off,0,2026-06-02
706859,102603,Business Loan,173757,5.59,5,Active,0,2022-01-07
706860,109792,Personal Loan,12776,6.53,3,Active,0,2022-01-18
706861,135778,Business Loan,35883,3.63,5,Active,0,2023-07-14
706862,109105,Business Loan,65003,11.88,10,Active,0,2023-11-20
706863,108321,Personal Loan,18988,6.2,3,Active,0,2026-01-09
706864,139345,Personal Loan,22805,5.67,5,Active,0,2025-12-25
706865,107161,Business Loan,179718,8.14,10,Active,0,2023-08-13
706866,135058,Mortgage,244854,5.11,30,Paid Off,0,2023-03-24
706867,146008,Personal Loan,1240,4.98,1,Defaulted,1,2021-09-06
706868,124006,Auto Loan,51987,6.41,3,Active,0,2022-09-02
706869,130838,Mortgage,461808,6.29,30,Active,0,2024-08-21
706870,142354,Auto Loan,25797,7.67,6,Paid Off,0,2022-05-07
706871,134991,Mortgage,589787,5.77,30,Paid Off,0,2023-03-09
706872,148613,Business Loan,222270,5.33,10,Paid Off,0,2024-11-21
706873,129451,Mortgage,224340,4.98,30,Paid Off,0,2021-10-10
706874,110539,Personal Loan,6964,5.76,3,Active,0,2026-06-15
706875,142686,Mortgage,596241,9.41,30,Active,0,2023-02-28
706876,101850,Auto Loan,11366,6.02,6,Paid Off,0,2024-01-11
706877,103799,Business Loan,177305,4.4,5,Paid Off,0,2024-08-10
706878,137712,Business Loan,66843,7.57,5,Active,0,2022-11-06
706879,133917,Personal Loan,2855,5.05,5,Paid Off,0,2022-05-24
706880,144865,Personal Loan,7740,6.58,5,Active,0,2023-12-14
706881,133112,Personal Loan,9890,11.49,3,Active,0,2024-05-30
706882,133363,Personal Loan,16341,9.89,3,Paid Off,0,2025-02-04
706883,137686,Auto Loan,44868,7.11,6,Paid Off,0,2025-01-16
706884,129874,Mortgage,231929,4.62,30,Active,0,2022-07-24
706885,139113,Personal Loan,17259,6.43,3,Paid Off,0,2024-04-04
706886,139898,Business Loan,167365,5.97,10,Paid Off,0,2022-10-25
706887,146644,Mortgage,495910,6.46,30,Active,0,2025-06-16
706888,122955,Auto Loan,11219,4.44,6,Active,0,2024-12-23
706889,114944,Mortgage,562583,4.21,30,Active,0,2021-10-13
706890,109192,Personal Loan,6723,6.85,5,Active,0,2023-02-09
706891,107390,Mortgage,578967,3.67,30,Active,0,2024-02-12
706892,123242,Business Loan,222380,11.69,10,Active,0,2022-04-02
706893,140796,Auto Loan,31999,8.61,3,Paid Off,0,2025-01-07
706894,131091,Mortgage,249794,3.51,30,Paid Off,0,2025-10-28
706895,107040,Personal Loan,1763,9.8,1,Active,0,2023-03-05
706896,116927,Personal Loan,3272,7.61,5,Active,0,2022-12-17
706897,122049,Auto Loan,46894,6.28,5,Paid Off,0,2025-10-23
706898,136299,Business Loan,159320,11.28,5,Paid Off,0,2025-08-30
706899,147056,Auto Loan,18772,5.59,3,Paid Off,0,2022-05-20
706900,139083,Mortgage,334996,5.3,30,Paid Off,0,2026-02-05
706901,132318,Personal Loan,20052,6.46,3,Active,0,2024-10-21
706902,115747,Mortgage,397615,6.0,30,Active,0,2021-09-18
706903,124929,Business Loan,167856,6.08,10,Paid Off,0,2022-02-23
706904,109683,Business Loan,240512,5.53,10,Active,0,2025-05-27
706905,135159,Mortgage,299573,5.03,30,Active,0,2022-12-12
706906,109936,Personal Loan,21528,11.33,1,Active,0,2022-12-09
706907,132716,Business Loan,65188,4.83,10,Active,0,2022-11-04
706908,141199,Personal Loan,16270,6.82,3,Paid Off,0,2024-12-31
706909,131928,Business Loan,57754,10.93,10,Paid Off,0,2025-11-12
706910,132122,Personal Loan,2260,9.53,5,Active,0,2023-05-09
706911,137434,Auto Loan,34660,3.61,5,Active,0,2024-07-08
706912,148862,Business Loan,211991,7.15,5,Active,0,2023-01-28
706913,146986,Business Loan,174387,5.67,5,Paid Off,0,2024-07-28
706914,131628,Mortgage,310428,4.41,30,Active,0,2022-08-08
706915,121616,Auto Loan,13815,3.53,3,Paid Off,0,2022-05-20
706916,141704,Mortgage,373858,6.53,30,Defaulted,1,2024-11-28
706917,126073,Business Loan,94796,6.35,5,Paid Off,0,2023-09-11
706918,142878,Business Loan,69316,11.6,10,Defaulted,1,2024-03-14
706919,122774,Business Loan,246700,6.59,5,Paid Off,0,2025-08-12
706920,111521,Mortgage,345340,11.46,30,Active,0,2023-11-18
706921,131258,Mortgage,576264,9.36,30,Active,0,2023-08-26
706922,113214,Personal Loan,16863,10.4,5,Active,0,2025-06-17
706923,142445,Auto Loan,11454,3.84,6,Active,0,2024-04-17
706924,127318,Business Loan,59893,6.82,10,Paid Off,0,2022-11-23
706925,129900,Mortgage,307422,5.4,30,Paid Off,0,2024-08-08
706926,128360,Business Loan,185577,5.31,5,Active,0,2021-09-15
706927,120416,Personal Loan,2928,5.55,1,Paid Off,0,2026-03-12
706928,127305,Auto Loan,31572,5.12,5,Active,0,2024-08-28
706929,116817,Mortgage,370917,3.64,30,Active,0,2025-09-16
706930,134507,Auto Loan,34646,4.42,6,Active,0,2023-01-12
706931,139168,Personal Loan,8304,4.17,1,Paid Off,0,2022-07-15
706932,115897,Business Loan,65373,7.7,10,Defaulted,1,2023-12-11
706933,134572,Personal Loan,20155,5.07,5,Active,0,2025-05-07
706934,106196,Business Loan,156407,7.32,10,Paid Off,0,2025-12-08
706935,141745,Auto Loan,14608,9.1,5,Paid Off,0,2025-01-16
706936,142214,Auto Loan,12501,4.7,5,Active,0,2022-11-29
706937,111342,Business Loan,212203,4.82,10,Paid Off,0,2022-07-05
706938,114514,Mortgage,437672,5.28,30,Paid Off,0,2023-12-03
706939,128627,Personal Loan,19671,8.51,1,Defaulted,1,2022-04-01
706940,147321,Personal Loan,18544,11.38,5,Active,0,2022-09-18
706941,146709,Mortgage,485406,6.01,30,Active,0,2022-07-21
706942,119696,Personal Loan,5848,4.35,1,Active,0,2023-06-10
706943,116982,Mortgage,407649,4.32,30,Paid Off,0,2024-06-11
706944,114540,Business Loan,34338,5.43,5,Active,0,2024-01-19
706945,101227,Personal Loan,13754,11.74,1,Paid Off,0,2023-06-18
706946,110050,Auto Loan,35507,4.82,3,Paid Off,0,2022-02-10
706947,135172,Auto Loan,59778,5.5,6,Active,0,2026-01-04
706948,142914,Mortgage,572009,4.81,30,Paid Off,0,2025-07-03
706949,107175,Auto Loan,38973,6.95,3,Paid Off,0,2022-12-04
706950,132469,Business Loan,174916,4.65,5,Paid Off,0,2022-12-08
706951,141749,Auto Loan,56281,4.21,5,Paid Off,0,2025-10-02
706952,118002,Personal Loan,24496,7.21,5,Paid Off,0,2025-08-21
706953,105080,Auto Loan,22681,5.63,6,Active,0,2026-03-02
706954,101183,Mortgage,433840,5.29,30,Active,0,2024-08-23
706955,128498,Auto Loan,51179,11.83,6,Active,0,2025-01-05
706956,100279,Personal Loan,24669,4.49,3,Active,0,2022-06-28
706957,135644,Business Loan,211608,6.03,10,Active,0,2023-12-26
706958,123766,Mortgage,392063,6.23,30,Active,0,2021-09-07
706959,133470,Mortgage,574156,7.19,30,Paid Off,0,2021-08-26
706960,118902,Business Loan,108046,3.57,5,Paid Off,0,2025-07-19
706961,145043,Business Loan,207156,11.91,5,Paid Off,0,2024-06-05
706962,124026,Business Loan,93394,5.09,5,Paid Off,0,2025-12-28
706963,114603,Mortgage,343046,11.61,30,Paid Off,0,2022-12-15
706964,138731,Personal Loan,22755,10.69,1,Paid Off,0,2022-01-02
706965,128569,Mortgage,397941,6.85,30,Paid Off,0,2022-02-22
706966,111771,Mortgage,477738,3.51,30,Active,0,2024-10-05
706967,102830,Auto Loan,19037,8.42,6,Active,0,2023-01-01
706968,105341,Auto Loan,25885,5.44,3,Active,0,2025-10-02
706969,102034,Personal Loan,23976,6.52,1,Active,0,2022-03-21
706970,141384,Business Loan,157907,3.59,10,Active,0,2023-06-07
706971,144563,Mortgage,330215,3.62,30,Active,0,2025-07-05
706972,125937,Business Loan,47221,5.32,5,Paid Off,0,2025-10-04
706973,102326,Personal Loan,20872,4.24,1,Active,0,2022-09-16
706974,146238,Personal Loan,16770,6.58,1,Paid Off,0,2021-09-19
706975,103693,Auto Loan,24847,5.35,5,Paid Off,0,2026-01-09
706976,110388,Personal Loan,2180,5.81,1,Paid Off,0,2023-07-31
706977,101400,Personal Loan,1545,10.09,3,Defaulted,1,2024-09-08
706978,139134,Personal Loan,23223,6.17,1,Paid Off,0,2025-04-10
706979,117036,Mortgage,550708,8.69,30,Paid Off,0,2023-11-27
706980,142279,Mortgage,259924,3.97,30,Active,0,2026-02-15
706981,103916,Auto Loan,18124,8.1,3,Paid Off,0,2022-08-14
706982,133656,Personal Loan,24523,9.51,1,Paid Off,0,2021-07-24
706983,116577,Auto Loan,59673,5.99,3,Active,0,2025-03-14
706984,121456,Personal Loan,2888,6.15,1,Paid Off,0,2023-06-05
706985,134757,Business Loan,192196,11.43,10,Paid Off,0,2021-11-23
706986,141799,Mortgage,266282,4.27,30,Active,0,2026-04-08
706987,102730,Personal Loan,15125,3.94,3,Paid Off,0,2025-06-12
706988,148350,Personal Loan,2638,4.07,1,Active,0,2024-10-07
706989,120510,Business Loan,149454,5.37,5,Active,0,2022-03-31
706990,105411,Business Loan,222541,9.15,5,Active,0,2023-05-07
706991,103640,Personal Loan,3250,9.18,3,Active,0,2021-11-13
706992,137120,Business Loan,223581,6.89,10,Defaulted,1,2023-03-16
706993,117280,Business Loan,26992,4.29,5,Active,0,2022-04-15
706994,114013,Personal Loan,19544,8.19,1,Paid Off,0,2025-01-23
706995,132901,Business Loan,160035,8.98,10,Paid Off,0,2024-11-09
706996,104277,Mortgage,492924,8.81,30,Active,0,2023-05-31
706997,147840,Mortgage,370401,5.6,30,Paid Off,0,2023-02-28
706998,127095,Personal Loan,8482,5.11,3,Active,0,2024-07-19
706999,135764,Mortgage,302354,3.53,30,Defaulted,1,2025-10-05
707000,131306,Auto Loan,34532,5.31,5,Active,0,2023-09-25
707001,106311,Business Loan,136028,5.55,5,Active,0,2022-07-09
707002,138776,Mortgage,354358,7.67,30,Active,0,2024-10-13
707003,117700,Auto Loan,24927,7.49,6,Paid Off,0,2021-09-26
707004,130574,Personal Loan,22300,10.27,5,Active,0,2022-12-04
707005,117708,Mortgage,429357,5.82,30,Active,0,2026-01-22
707006,118598,Business Loan,150119,5.45,5,Paid Off,0,2022-08-02
707007,148118,Personal Loan,24515,6.87,3,Active,0,2024-05-06
707008,119243,Auto Loan,13360,5.03,3,Active,0,2025-06-21
707009,102181,Business Loan,185543,7.26,5,Active,0,2023-04-02
707010,110280,Personal Loan,16497,9.36,3,Defaulted,1,2023-11-06
707011,115694,Personal Loan,21889,6.73,3,Active,0,2023-09-27
707012,115397,Mortgage,344734,10.29,30,Paid Off,0,2025-01-07
707013,135781,Personal Loan,8626,6.61,5,Active,0,2025-12-29
707014,144969,Auto Loan,55739,8.81,3,Active,0,2024-12-12
707015,111210,Auto Loan,33635,4.66,6,Active,0,2022-08-13
707016,114240,Business Loan,135068,4.97,10,Paid Off,0,2021-09-24
707017,144893,Auto Loan,40423,5.46,5,Active,0,2024-03-21
707018,136873,Auto Loan,23293,5.07,6,Paid Off,0,2024-04-05
707019,101165,Auto Loan,34538,3.85,3,Active,0,2025-07-05
707020,130324,Personal Loan,5512,9.12,1,Paid Off,0,2026-07-15
707021,120346,Business Loan,195002,6.88,5,Active,0,2022-05-15
707022,104157,Personal Loan,21508,3.55,5,Paid Off,0,2023-10-22
707023,140337,Auto Loan,10735,7.37,6,Paid Off,0,2022-01-27
707024,148186,Personal Loan,23880,6.1,1,Paid Off,0,2026-07-17
707025,137300,Mortgage,427388,4.36,30,Paid Off,0,2022-12-07
707026,108239,Mortgage,320321,6.65,30,Paid Off,0,2022-09-15
707027,109060,Business Loan,217436,5.68,10,Paid Off,0,2024-06-04
707028,101952,Mortgage,236210,8.86,30,Paid Off,0,2022-12-15
707029,143697,Mortgage,189720,6.74,30,Active,0,2022-01-12
707030,143482,Business Loan,129160,6.89,10,Paid Off,0,2024-08-02
707031,136242,Personal Loan,19085,4.86,3,Paid Off,0,2022-03-08
707032,135513,Personal Loan,11310,3.89,1,Active,0,2024-06-05
707033,138080,Auto Loan,35257,6.8,3,Active,0,2026-03-25
707034,136597,Auto Loan,21039,7.57,5,Paid Off,0,2021-11-05
707035,118572,Personal Loan,2401,6.65,5,Paid Off,0,2024-10-28
707036,123919,Business Loan,225553,6.06,10,Paid Off,0,2024-08-08
707037,106631,Auto Loan,44364,10.31,3,Paid Off,0,2025-05-26
707038,106390,Mortgage,202411,3.81,30,Active,0,2023-10-13
707039,106650,Auto Loan,34741,6.58,3,Active,0,2021-12-06
707040,134340,Auto Loan,54009,4.96,3,Active,0,2023-01-29
707041,121735,Business Loan,41224,4.27,5,Active,0,2025-01-05
707042,130040,Mortgage,305293,9.28,30,Active,0,2022-09-22
707043,133627,Mortgage,340899,5.8,30,Paid Off,0,2025-05-25
707044,120082,Auto Loan,51032,5.86,3,Paid Off,0,2025-03-14
707045,142124,Auto Loan,24977,4.07,5,Active,0,2024-03-01
707046,142096,Business Loan,216299,6.04,10,Defaulted,1,2025-12-31
707047,130631,Mortgage,158667,5.58,30,Active,0,2022-06-11
707048,112566,Personal Loan,4448,6.0,5,Active,0,2023-06-14
707049,108976,Personal Loan,1949,3.89,5,Active,0,2024-07-22
707050,143938,Business Loan,220174,5.93,10,Paid Off,0,2025-05-21
707051,109020,Business Loan,150095,5.94,10,Paid Off,0,2026-03-28
707052,149304,Business Loan,166159,5.42,10,Paid Off,0,2024-05-24
707053,123388,Mortgage,285425,7.08,30,Defaulted,1,2024-09-12
707054,119939,Business Loan,154558,4.69,10,Active,0,2023-05-09
707055,115516,Business Loan,195418,9.67,10,Active,0,2025-01-06
707056,124670,Mortgage,444549,5.46,30,Active,0,2022-12-12
707057,138072,Business Loan,84898,6.31,10,Paid Off,0,2024-10-21
707058,118102,Business Loan,216198,8.5,10,Defaulted,1,2025-02-21
707059,110393,Personal Loan,13103,6.31,5,Active,0,2022-02-13
707060,112435,Mortgage,414956,5.53,30,Defaulted,1,2022-05-09
707061,115214,Business Loan,236571,4.45,10,Active,0,2023-01-25
707062,139611,Auto Loan,33860,5.81,5,Active,0,2022-05-11
707063,125899,Mortgage,468483,3.82,30,Paid Off,0,2024-02-19
707064,117235,Business Loan,157689,4.63,5,Paid Off,0,2021-09-01
707065,139043,Personal Loan,3600,5.91,5,Paid Off,0,2024-10-14
707066,103105,Business Loan,235609,8.18,10,Paid Off,0,2024-04-07
707067,142629,Business Loan,212740,8.23,5,Defaulted,1,2026-03-26
707068,130989,Business Loan,180440,7.19,10,Active,0,2021-08-29
707069,124250,Auto Loan,54984,6.52,3,Paid Off,0,2023-10-22
707070,145322,Mortgage,179783,4.41,30,Paid Off,0,2023-09-05
707071,115553,Personal Loan,7314,10.79,3,Paid Off,0,2026-03-13
707072,149062,Personal Loan,22292,6.52,1,Active,0,2024-03-05
707073,118655,Mortgage,321639,10.4,30,Active,0,2023-02-10
707074,109093,Personal Loan,22953,4.43,3,Active,0,2026-01-18
707075,102331,Personal Loan,23031,5.34,3,Active,0,2021-11-10
707076,148685,Personal Loan,15085,3.51,1,Active,0,2023-03-04
707077,111682,Personal Loan,9196,5.26,1,Paid Off,0,2022-01-17
707078,146447,Mortgage,198118,6.87,30,Active,0,2023-01-20
707079,100579,Business Loan,78557,6.76,5,Paid Off,0,2025-10-01
707080,120775,Auto Loan,49831,6.7,5,Active,0,2026-02-09
707081,148785,Mortgage,403142,4.33,30,Active,0,2024-09-07
707082,107356,Personal Loan,2597,6.13,1,Active,0,2025-04-09
707083,120424,Business Loan,79859,5.56,5,Paid Off,0,2021-12-15
707084,119645,Auto Loan,40542,6.86,6,Active,0,2022-03-30
707085,137453,Mortgage,473538,8.73,30,Active,0,2022-07-22
707086,125114,Mortgage,400507,4.89,30,Paid Off,0,2021-11-21
707087,135041,Auto Loan,37462,8.42,6,Defaulted,1,2022-02-07
707088,148303,Personal Loan,2135,4.31,3,Active,0,2023-09-21
707089,148917,Mortgage,187621,4.33,30,Active,0,2023-07-22
707090,113152,Mortgage,195432,8.34,30,Active,0,2025-05-08
707091,124100,Mortgage,357081,9.01,30,Active,0,2026-03-02
707092,114886,Business Loan,97109,5.37,10,Paid Off,0,2023-07-26
707093,105994,Mortgage,455775,6.95,30,Active,0,2025-03-17
707094,130110,Business Loan,149284,5.13,5,Paid Off,0,2025-12-27
707095,130361,Personal Loan,20812,5.75,3,Active,0,2023-12-09
707096,113242,Personal Loan,17963,5.59,3,Paid Off,0,2024-01-24
707097,101317,Mortgage,224823,6.44,30,Paid Off,0,2022-02-19
707098,106809,Personal Loan,2026,3.97,5,Paid Off,0,2025-04-01
707099,109141,Mortgage,528508,5.39,30,Active,0,2021-10-12
707100,144232,Mortgage,391533,4.89,30,Paid Off,0,2023-08-06
707101,142054,Business Loan,89537,6.26,10,Defaulted,1,2024-05-08
707102,132629,Mortgage,302218,4.99,30,Paid Off,0,2025-12-05
707103,120204,Auto Loan,21965,5.59,6,Paid Off,0,2023-09-25
707104,130922,Personal Loan,17876,6.6,1,Active,0,2022-03-03
707105,107406,Personal Loan,14228,5.53,3,Paid Off,0,2022-01-12
707106,149094,Business Loan,184588,7.94,10,Paid Off,0,2022-08-14
707107,135218,Business Loan,117638,6.76,5,Paid Off,0,2022-05-14
707108,118842,Auto Loan,50924,5.49,6,Active,0,2026-04-06
707109,126856,Business Loan,155261,6.94,5,Defaulted,1,2022-11-18
707110,117520,Mortgage,492543,6.91,30,Active,0,2023-06-03
707111,136257,Auto Loan,26002,3.76,6,Paid Off,0,2022-10-29
707112,138375,Mortgage,302823,8.2,30,Paid Off,0,2025-08-25
707113,116147,Mortgage,251333,6.64,30,Active,0,2025-05-02
707114,140925,Mortgage,318513,6.45,30,Active,0,2026-03-28
707115,139497,Business Loan,27908,5.28,5,Active,0,2025-05-27
707116,118716,Personal Loan,23111,4.09,3,Paid Off,0,2025-08-19
707117,124108,Auto Loan,40881,4.9,5,Paid Off,0,2022-11-12
707118,104180,Mortgage,175307,6.91,30,Active,0,2024-05-11
707119,118956,Auto Loan,10583,6.63,5,Paid Off,0,2021-08-09
707120,137704,Mortgage,161985,10.98,30,Paid Off,0,2023-06-24
707121,148297,Mortgage,400255,7.49,30,Paid Off,0,2026-02-04
707122,146419,Personal Loan,22267,5.79,3,Active,0,2025-07-25
707123,144774,Business Loan,98802,3.6,10,Active,0,2024-02-28
707124,125827,Business Loan,169464,5.05,5,Active,0,2021-11-04
707125,107306,Auto Loan,32554,5.08,6,Active,0,2026-02-12
707126,103115,Business Loan,184132,3.81,10,Active,0,2026-05-17
707127,121349,Personal Loan,2030,3.93,1,Paid Off,0,2025-11-15
707128,123893,Mortgage,596698,5.66,30,Paid Off,0,2022-09-01
707129,117173,Auto Loan,25680,6.15,3,Paid Off,0,2026-01-25
707130,104422,Auto Loan,16388,4.07,6,Paid Off,0,2023-09-14
707131,108895,Auto Loan,38056,6.67,3,Paid Off,0,2022-03-16
707132,111466,Mortgage,282415,3.91,30,Defaulted,1,2024-02-14
707133,146866,Mortgage,342921,6.38,30,Active,0,2025-04-18
707134,149380,Auto Loan,35397,6.47,5,Active,0,2025-01-27
707135,120321,Personal Loan,16802,4.26,5,Active,0,2023-10-06
707136,143568,Business Loan,39407,3.58,5,Active,0,2022-01-06
707137,146767,Mortgage,198827,5.03,30,Active,0,2025-04-19
707138,143610,Personal Loan,7791,11.18,3,Defaulted,1,2026-05-28
707139,137543,Mortgage,524563,5.18,30,Active,0,2025-09-25
707140,132495,Business Loan,233236,6.86,10,Paid Off,0,2024-06-28
707141,102150,Auto Loan,41004,4.27,3,Active,0,2024-07-03
707142,118159,Mortgage,405365,6.94,30,Paid Off,0,2022-06-20
707143,132162,Business Loan,91562,4.51,5,Active,0,2023-08-12
707144,143775,Business Loan,97467,4.09,10,Active,0,2024-06-17
707145,132438,Auto Loan,21361,6.28,6,Paid Off,0,2026-03-16
707146,115124,Business Loan,187058,6.28,5,Paid Off,0,2025-11-02
707147,125311,Auto Loan,31877,6.32,5,Active,0,2021-10-09
707148,109634,Personal Loan,1815,5.23,1,Active,0,2025-09-27
707149,103843,Auto Loan,31302,6.35,3,Active,0,2024-01-23
707150,141301,Personal Loan,8129,5.19,3,Active,0,2023-09-04
707151,138567,Business Loan,26521,9.38,10,Active,0,2022-01-18
707152,101271,Personal Loan,2443,9.73,3,Paid Off,0,2023-12-16
707153,143356,Mortgage,475761,5.11,30,Paid Off,0,2023-10-04
707154,141426,Personal Loan,1597,4.55,3,Paid Off,0,2022-11-02
707155,128101,Personal Loan,8423,4.14,1,Paid Off,0,2023-04-24
707156,102069,Business Loan,247839,6.24,10,Paid Off,0,2021-10-20
707157,140105,Mortgage,228757,4.22,30,Active,0,2023-10-20
707158,138406,Business Loan,111235,4.84,5,Active,0,2025-12-24
707159,107427,Auto Loan,23921,5.65,6,Paid Off,0,2022-01-30
707160,118977,Personal Loan,6210,10.79,5,Paid Off,0,2025-03-27
707161,105875,Business Loan,240644,6.45,5,Active,0,2025-06-24
707162,133976,Business Loan,115519,11.63,5,Paid Off,0,2023-06-06
707163,124986,Auto Loan,45948,11.86,5,Defaulted,1,2023-03-22
707164,147496,Business Loan,85480,4.76,5,Paid Off,0,2024-06-26
707165,114695,Business Loan,63763,6.48,5,Active,0,2024-07-28
707166,117689,Personal Loan,23942,4.44,3,Paid Off,0,2024-07-21
707167,129043,Auto Loan,29157,6.24,6,Paid Off,0,2024-06-22
707168,105115,Personal Loan,19826,6.78,5,Active,0,2022-09-03
707169,132572,Personal Loan,16202,4.34,3,Active,0,2025-11-30
707170,116688,Auto Loan,41375,9.4,3,Active,0,2026-04-28
707171,121888,Mortgage,327299,4.76,30,Paid Off,0,2024-12-05
707172,102731,Business Loan,74106,4.84,10,Active,0,2023-09-01
707173,121284,Auto Loan,53138,5.21,5,Active,0,2026-01-27
707174,105541,Personal Loan,8837,6.35,1,Paid Off,0,2026-05-17
707175,143191,Business Loan,103214,8.05,5,Active,0,2023-04-08
707176,143773,Mortgage,368181,6.0,30,Paid Off,0,2021-09-27
707177,122346,Business Loan,49756,3.88,10,Paid Off,0,2022-03-05
707178,143827,Business Loan,226274,6.91,10,Active,0,2023-04-18
707179,149432,Personal Loan,15014,5.65,5,Paid Off,0,2023-06-12
707180,133578,Personal Loan,17940,10.1,3,Active,0,2024-07-15
707181,115142,Business Loan,210371,4.85,10,Paid Off,0,2025-05-25
707182,131407,Mortgage,169635,3.52,30,Defaulted,1,2025-07-16
707183,131619,Mortgage,418476,6.52,30,Paid Off,0,2022-12-30
707184,133873,Business Loan,207373,6.73,5,Defaulted,1,2025-07-04
707185,137048,Personal Loan,12793,6.89,1,Paid Off,0,2025-03-28
707186,127987,Personal Loan,8070,5.12,5,Paid Off,0,2023-08-31
707187,116145,Business Loan,41253,5.83,10,Paid Off,0,2026-02-22
707188,101503,Business Loan,245663,5.29,5,Active,0,2024-02-12
707189,146788,Auto Loan,47963,6.0,3,Active,0,2021-08-29
707190,149548,Auto Loan,45748,7.05,5,Paid Off,0,2025-05-12
707191,100902,Auto Loan,35190,6.44,5,Paid Off,0,2022-07-15
707192,131330,Auto Loan,59036,5.5,3,Active,0,2024-07-02
707193,121854,Mortgage,351789,4.13,30,Active,0,2026-06-21
707194,119591,Mortgage,486305,3.77,30,Paid Off,0,2024-09-13
707195,108596,Business Loan,192157,6.89,5,Paid Off,0,2025-06-04
707196,109057,Auto Loan,50052,9.7,6,Paid Off,0,2026-03-25
707197,148425,Auto Loan,52656,5.72,6,Defaulted,1,2024-02-17
707198,107359,Mortgage,531611,5.08,30,Active,0,2025-12-06
707199,100647,Personal Loan,20781,3.98,3,Active,0,2024-04-07
707200,136520,Personal Loan,22033,8.09,1,Active,0,2024-05-05
707201,125962,Mortgage,274181,5.54,30,Paid Off,0,2024-04-18
707202,145751,Mortgage,265396,4.65,30,Paid Off,0,2022-09-24
707203,126254,Personal Loan,2026,5.2,1,Paid Off,0,2022-10-08
707204,127184,Business Loan,201614,6.07,5,Paid Off,0,2025-03-12
707205,144636,Auto Loan,11475,6.67,5,Paid Off,0,2024-12-02
707206,149832,Personal Loan,8856,5.76,1,Active,0,2025-11-18
707207,134310,Mortgage,511912,11.79,30,Paid Off,0,2025-03-10
707208,111911,Auto Loan,26808,9.83,5,Active,0,2023-03-29
707209,124936,Business Loan,202380,6.99,5,Active,0,2023-05-24
707210,125281,Mortgage,420557,7.56,30,Active,0,2024-09-14
707211,127349,Mortgage,499058,8.41,30,Paid Off,0,2024-05-24
707212,109195,Auto Loan,18682,4.42,5,Paid Off,0,2022-09-22
707213,142331,Business Loan,78811,5.22,5,Paid Off,0,2024-12-11
707214,126690,Business Loan,217417,10.01,5,Paid Off,0,2021-10-01
707215,112656,Mortgage,566203,11.98,30,Active,0,2023-03-31
707216,146957,Business Loan,62402,4.77,10,Active,0,2024-02-18
707217,125050,Auto Loan,49975,6.83,3,Active,0,2026-03-13
707218,130380,Business Loan,238162,10.64,5,Paid Off,0,2025-07-17
707219,102544,Mortgage,267629,5.78,30,Active,0,2025-04-24
707220,106839,Business Loan,72890,11.6,10,Active,0,2021-12-12
707221,105855,Mortgage,375887,7.62,30,Paid Off,0,2025-10-28
707222,127400,Mortgage,466141,5.72,30,Active,0,2022-11-02
707223,136120,Auto Loan,50628,6.4,3,Active,0,2024-01-09
707224,149019,Mortgage,176267,4.17,30,Active,0,2021-10-10
707225,137796,Personal Loan,16868,5.49,1,Paid Off,0,2023-06-09
707226,146564,Mortgage,408927,9.64,30,Active,0,2023-09-18
707227,113168,Business Loan,112134,11.59,5,Paid Off,0,2024-08-25
707228,133620,Personal Loan,24346,10.88,5,Paid Off,0,2024-09-13
707229,128675,Auto Loan,10195,7.1,6,Paid Off,0,2022-06-21
707230,114486,Mortgage,452333,8.6,30,Active,0,2022-01-17
707231,126621,Auto Loan,59798,11.81,6,Active,0,2023-06-08
707232,131894,Mortgage,589120,6.71,30,Paid Off,0,2025-08-13
707233,106415,Mortgage,572921,10.82,30,Paid Off,0,2022-06-19
707234,109128,Personal Loan,15055,5.4,3,Active,0,2023-12-29
707235,126760,Mortgage,251289,6.01,30,Paid Off,0,2025-10-02
707236,110936,Personal Loan,5063,6.93,5,Paid Off,0,2023-09-25
707237,100171,Business Loan,30503,5.45,10,Active,0,2025-07-18
707238,123213,Business Loan,183667,4.98,10,Paid Off,0,2025-01-04
707239,142841,Auto Loan,54537,10.6,6,Active,0,2022-09-17
707240,109908,Mortgage,218419,6.43,30,Paid Off,0,2025-12-13
707241,125910,Auto Loan,34758,4.17,6,Active,0,2024-05-21
707242,148884,Mortgage,594565,6.7,30,Active,0,2023-10-20
707243,142172,Auto Loan,20948,6.88,3,Active,0,2025-09-16
707244,119438,Business Loan,92503,5.04,5,Paid Off,0,2025-09-07
707245,139503,Mortgage,224345,5.05,30,Paid Off,0,2023-02-05
707246,138495,Auto Loan,46424,6.17,3,Paid Off,0,2025-08-18
707247,118871,Auto Loan,55343,6.19,6,Active,0,2024-12-09
707248,120712,Mortgage,466015,4.91,30,Active,0,2024-05-22
707249,117053,Personal Loan,3880,7.7,1,Paid Off,0,2025-12-05
707250,132672,Personal Loan,1068,9.73,1,Paid Off,0,2023-02-28
707251,138808,Personal Loan,1776,5.47,3,Active,0,2022-11-28
707252,109538,Auto Loan,44669,3.59,6,Paid Off,0,2021-10-29
707253,115334,Business Loan,197550,6.63,10,Active,0,2025-09-21
707254,121449,Personal Loan,19044,11.15,5,Active,0,2022-08-24
707255,112892,Personal Loan,11327,5.65,1,Paid Off,0,2025-10-08
707256,140010,Mortgage,446123,6.95,30,Active,0,2025-04-28
707257,126334,Mortgage,368051,7.67,30,Defaulted,1,2022-12-19
707258,116810,Personal Loan,2465,3.94,5,Active,0,2023-07-03
707259,116601,Business Loan,65774,6.56,10,Active,0,2024-09-30
707260,102680,Business Loan,162242,11.9,5,Paid Off,0,2024-08-28
707261,143294,Auto Loan,22110,10.88,5,Active,0,2025-01-13
707262,129029,Personal Loan,3657,9.33,3,Active,0,2021-11-15
707263,126054,Business Loan,233972,4.16,5,Active,0,2023-05-23
707264,144291,Auto Loan,28090,3.83,5,Active,0,2023-03-26
707265,118969,Business Loan,123641,5.65,10,Defaulted,1,2025-11-02
707266,147813,Mortgage,234507,9.78,30,Paid Off,0,2022-11-27
707267,121488,Personal Loan,1918,4.76,3,Active,0,2024-07-27
707268,135580,Mortgage,185217,4.81,30,Paid Off,0,2025-03-07
707269,100317,Mortgage,293727,3.52,30,Paid Off,0,2025-02-08
707270,131247,Auto Loan,36138,4.79,5,Paid Off,0,2023-06-03
707271,110708,Mortgage,236647,5.56,30,Active,0,2026-01-19
707272,143462,Mortgage,514625,9.71,30,Active,0,2021-09-12
707273,107576,Mortgage,349560,3.9,30,Paid Off,0,2026-03-08
707274,123240,Auto Loan,27173,5.5,5,Active,0,2025-12-08
707275,104896,Business Loan,110766,5.83,10,Active,0,2024-09-10
707276,104564,Personal Loan,23412,5.62,3,Active,0,2023-01-17
707277,125716,Personal Loan,15492,7.95,5,Active,0,2022-10-25
707278,147237,Personal Loan,18170,6.37,5,Active,0,2025-04-08
707279,141056,Auto Loan,13841,9.28,5,Paid Off,0,2021-09-07
707280,112426,Mortgage,523754,4.39,30,Active,0,2023-03-01
707281,109126,Business Loan,128941,8.23,5,Paid Off,0,2025-08-28
707282,105718,Mortgage,234317,5.24,30,Paid Off,0,2023-09-06
707283,143357,Personal Loan,23222,6.85,5,Paid Off,0,2021-12-10
707284,131834,Mortgage,543554,4.61,30,Active,0,2025-10-13
707285,131142,Personal Loan,19044,4.09,3,Paid Off,0,2021-08-09
707286,125506,Mortgage,323745,5.08,30,Active,0,2025-07-26
707287,101912,Business Loan,126188,4.62,5,Paid Off,0,2023-06-19
707288,143160,Auto Loan,51597,3.87,5,Active,0,2025-11-29
707289,121690,Auto Loan,47237,11.89,5,Defaulted,1,2025-11-24
707290,149424,Mortgage,573567,4.54,30,Paid Off,0,2021-08-26
707291,139222,Auto Loan,28854,4.61,6,Paid Off,0,2023-04-17
707292,128289,Mortgage,503114,7.24,30,Paid Off,0,2026-01-03
707293,131044,Mortgage,415189,6.51,30,Paid Off,0,2025-09-04
707294,105205,Auto Loan,39202,5.88,6,Paid Off,0,2022-12-15
707295,126805,Auto Loan,37060,5.43,3,Active,0,2024-07-19
707296,133568,Mortgage,599653,3.52,30,Active,0,2026-01-10
707297,118661,Personal Loan,7592,8.15,5,Active,0,2025-12-24
707298,119969,Mortgage,271740,8.25,30,Paid Off,0,2024-02-11
707299,127000,Personal Loan,10974,6.43,5,Active,0,2026-04-13
707300,146046,Mortgage,201939,5.06,30,Paid Off,0,2025-10-23
707301,114421,Personal Loan,11556,5.7,1,Paid Off,0,2023-04-10
707302,131005,Personal Loan,12720,5.17,3,Active,0,2026-02-11
707303,140027,Auto Loan,19111,4.38,6,Active,0,2023-04-13
707304,127110,Mortgage,488120,6.17,30,Active,0,2024-12-26
707305,115236,Personal Loan,8354,4.68,1,Active,0,2022-09-15
707306,111337,Personal Loan,17712,8.49,3,Paid Off,0,2023-03-23
707307,113182,Business Loan,177215,7.55,10,Active,0,2024-09-15
707308,135246,Auto Loan,26486,3.63,6,Paid Off,0,2024-11-03
707309,129003,Mortgage,235646,6.5,30,Active,0,2026-04-23
707310,118487,Mortgage,394869,5.67,30,Active,0,2023-07-20
707311,109722,Auto Loan,20798,6.57,3,Paid Off,0,2021-07-20
707312,110132,Mortgage,525874,9.19,30,Active,0,2024-05-08
707313,101681,Auto Loan,50801,4.79,6,Active,0,2022-08-08
707314,145424,Mortgage,256868,6.76,30,Paid Off,0,2024-04-25
707315,141738,Mortgage,387089,3.81,30,Active,0,2026-04-30
707316,102279,Business Loan,69198,4.96,5,Defaulted,1,2024-11-13
707317,135486,Mortgage,209490,5.56,30,Paid Off,0,2024-04-22
707318,119020,Auto Loan,40382,4.15,5,Active,0,2021-12-30
707319,132799,Auto Loan,33998,5.02,6,Paid Off,0,2022-11-14
707320,122408,Mortgage,551186,6.09,30,Active,0,2022-11-05
707321,113040,Personal Loan,3755,6.08,3,Active,0,2023-07-04
707322,133348,Auto Loan,20199,10.54,6,Active,0,2025-06-14
707323,146652,Business Loan,141181,4.72,10,Paid Off,0,2025-01-01
707324,120663,Personal Loan,3843,5.23,5,Paid Off,0,2022-04-17
707325,140240,Business Loan,106535,9.92,10,Paid Off,0,2026-05-05
707326,141085,Personal Loan,14534,4.68,3,Active,0,2022-09-07
707327,131352,Mortgage,315812,4.17,30,Active,0,2024-09-09
707328,132506,Personal Loan,8556,4.84,1,Paid Off,0,2023-02-01
707329,100521,Personal Loan,23846,11.98,5,Active,0,2024-12-26
707330,119529,Auto Loan,39995,4.57,3,Paid Off,0,2026-01-30
707331,119414,Mortgage,532025,6.99,30,Paid Off,0,2025-06-15
707332,119466,Auto Loan,31686,5.13,3,Paid Off,0,2022-05-23
707333,128628,Mortgage,557173,6.49,30,Paid Off,0,2025-07-09
707334,105657,Mortgage,441996,3.68,30,Paid Off,0,2026-03-24
707335,113192,Personal Loan,1222,6.78,5,Active,0,2025-11-15
707336,129528,Auto Loan,47034,9.92,5,Paid Off,0,2024-06-22
707337,141600,Auto Loan,34043,9.61,5,Active,0,2022-08-25
707338,100734,Auto Loan,53288,6.5,6,Active,0,2026-04-23
707339,107330,Business Loan,194613,6.23,5,Defaulted,1,2025-09-07
707340,104241,Business Loan,62417,6.55,10,Defaulted,1,2025-08-19
707341,143815,Business Loan,97253,5.77,10,Paid Off,0,2023-01-15
707342,118154,Mortgage,413138,11.19,30,Active,0,2024-01-07
707343,126209,Personal Loan,22293,4.81,5,Paid Off,0,2026-05-26
707344,115046,Business Loan,195569,5.03,5,Active,0,2024-11-04
707345,124206,Business Loan,115931,7.83,10,Paid Off,0,2021-12-03
707346,122243,Mortgage,536098,3.55,30,Paid Off,0,2023-02-23
707347,140922,Auto Loan,52946,6.27,5,Active,0,2024-08-26
707348,108225,Auto Loan,23042,11.65,3,Active,0,2023-06-28
707349,122508,Auto Loan,57715,9.1,5,Paid Off,0,2023-12-25
707350,128224,Personal Loan,7136,8.73,3,Active,0,2022-10-21
707351,120633,Business Loan,160206,5.1,10,Active,0,2023-04-08
707352,116953,Mortgage,450411,9.31,30,Paid Off,0,2022-03-30
707353,127078,Auto Loan,20217,5.5,5,Active,0,2024-11-08
707354,129640,Auto Loan,47222,5.67,6,Active,0,2025-04-10
707355,119347,Personal Loan,24520,5.39,3,Paid Off,0,2024-09-21
707356,139481,Mortgage,506145,7.16,30,Active,0,2025-12-16
707357,124772,Business Loan,89231,5.25,5,Paid Off,0,2023-12-02
707358,116144,Auto Loan,29959,8.92,3,Paid Off,0,2026-02-19
707359,147673,Personal Loan,13144,10.63,3,Paid Off,0,2025-12-12
707360,100040,Personal Loan,10435,6.05,5,Paid Off,0,2026-06-26
707361,103029,Auto Loan,30335,9.41,6,Active,0,2021-09-17
707362,110675,Personal Loan,6686,7.0,5,Active,0,2022-06-10
707363,138730,Auto Loan,56555,6.6,3,Active,0,2022-03-12
707364,142952,Auto Loan,39654,10.06,5,Active,0,2024-01-16
707365,124758,Mortgage,538959,5.74,30,Paid Off,0,2025-06-26
707366,111960,Auto Loan,35612,4.98,3,Paid Off,0,2023-09-14
707367,118955,Business Loan,167811,7.99,10,Active,0,2023-07-04
707368,119962,Business Loan,207104,6.26,10,Active,0,2024-12-25
707369,112092,Personal Loan,19991,6.29,1,Active,0,2025-03-26
707370,122643,Auto Loan,23536,3.51,5,Active,0,2023-11-18
707371,121391,Mortgage,573023,8.05,30,Active,0,2023-02-15
707372,120109,Mortgage,293784,5.82,30,Active,0,2025-08-05
707373,147246,Mortgage,545096,11.98,30,Active,0,2022-05-13
707374,131420,Personal Loan,17238,8.03,3,Active,0,2025-02-26
707375,121669,Personal Loan,20880,6.87,3,Defaulted,1,2025-08-12
707376,149325,Mortgage,315631,8.99,30,Paid Off,0,2024-01-01
707377,128977,Auto Loan,56088,4.41,5,Active,0,2025-02-02
707378,103946,Personal Loan,17824,3.59,3,Paid Off,0,2023-07-29
707379,125808,Business Loan,157034,6.17,5,Paid Off,0,2023-06-08
707380,117208,Auto Loan,19898,6.12,3,Active,0,2024-06-05
707381,132218,Auto Loan,29391,5.76,5,Active,0,2023-10-08
707382,129679,Business Loan,201082,5.04,5,Active,0,2022-03-29
707383,131602,Mortgage,556835,3.66,30,Active,0,2022-10-03
707384,128744,Mortgage,259804,4.34,30,Paid Off,0,2024-02-18
707385,114471,Personal Loan,21669,6.68,5,Active,0,2021-11-05
707386,135115,Personal Loan,17220,5.24,3,Active,0,2023-07-22
707387,133233,Auto Loan,19475,5.53,5,Active,0,2022-08-10
707388,146706,Mortgage,285023,9.66,30,Active,0,2022-09-17
707389,130900,Personal Loan,4674,6.59,5,Active,0,2021-11-19
707390,136763,Auto Loan,49556,3.95,3,Active,0,2023-09-09
707391,145774,Auto Loan,49281,3.66,3,Paid Off,0,2025-10-22
707392,141816,Business Loan,133257,4.84,10,Paid Off,0,2022-01-06
707393,101045,Auto Loan,42965,7.58,5,Active,0,2024-02-29
707394,122957,Mortgage,553716,6.43,30,Paid Off,0,2025-01-25
707395,139191,Auto Loan,20307,3.55,5,Active,0,2021-08-20
707396,137236,Personal Loan,3803,5.34,5,Active,0,2022-09-01
707397,147461,Mortgage,248935,6.67,30,Defaulted,1,2025-11-14
707398,106202,Auto Loan,11777,6.82,3,Active,0,2025-01-18
707399,123651,Personal Loan,15394,5.32,1,Paid Off,0,2024-06-01
707400,144528,Personal Loan,6179,4.31,1,Active,0,2022-03-08
707401,126645,Auto Loan,58354,4.42,6,Active,0,2024-07-14
707402,119060,Auto Loan,21381,9.98,3,Active,0,2025-07-16
707403,132590,Business Loan,29944,5.59,5,Paid Off,0,2026-02-04
707404,149586,Auto Loan,28729,4.62,3,Paid Off,0,2024-07-02
707405,114740,Mortgage,516855,5.61,30,Active,0,2025-02-15
707406,132401,Mortgage,342935,9.42,30,Paid Off,0,2026-06-20
707407,106184,Auto Loan,38416,9.11,5,Active,0,2023-11-30
707408,105360,Business Loan,54687,6.84,5,Paid Off,0,2023-02-20
707409,116084,Mortgage,165018,4.35,30,Paid Off,0,2024-03-10
707410,126846,Mortgage,331570,5.2,30,Paid Off,0,2025-06-09
707411,118917,Mortgage,365718,5.44,30,Active,0,2023-01-29
707412,104503,Personal Loan,2113,6.11,5,Defaulted,1,2024-06-26
707413,102362,Personal Loan,15029,4.04,5,Active,0,2025-02-16
707414,115262,Personal Loan,8929,5.77,5,Active,0,2026-04-04
707415,108557,Personal Loan,9037,10.21,3,Paid Off,0,2025-03-26
707416,114303,Personal Loan,3703,3.85,1,Active,0,2025-09-02
707417,131342,Personal Loan,9506,11.77,5,Paid Off,0,2024-04-16
707418,127580,Business Loan,45681,7.38,5,Active,0,2025-12-07
707419,120518,Auto Loan,48810,5.66,5,Active,0,2025-10-12
707420,117887,Auto Loan,24593,5.66,5,Paid Off,0,2025-09-05
707421,145978,Auto Loan,55004,8.89,3,Active,0,2023-08-07
707422,126066,Auto Loan,51591,6.97,5,Paid Off,0,2025-07-17
707423,141253,Auto Loan,39899,8.62,6,Paid Off,0,2022-09-16
707424,117009,Business Loan,129349,9.05,5,Defaulted,1,2023-06-26
707425,117115,Personal Loan,6322,5.09,5,Paid Off,0,2023-12-11
707426,109856,Business Loan,72303,4.08,5,Active,0,2024-03-22
707427,126060,Business Loan,33857,9.7,10,Paid Off,0,2025-08-03
707428,102817,Auto Loan,25069,4.16,5,Active,0,2025-05-23
707429,115463,Business Loan,237423,11.79,5,Paid Off,0,2023-02-24
707430,112981,Mortgage,151927,4.04,30,Active,0,2023-10-29
707431,101583,Business Loan,231985,4.79,10,Active,0,2023-12-01
707432,111923,Mortgage,249323,8.35,30,Active,0,2024-03-10
707433,114896,Auto Loan,27617,5.51,5,Active,0,2022-01-25
707434,125455,Auto Loan,49329,3.92,5,Active,0,2022-11-30
707435,120392,Mortgage,587430,11.33,30,Active,0,2023-09-23
707436,103619,Personal Loan,12064,10.47,5,Active,0,2024-09-16
707437,103900,Personal Loan,3716,5.72,1,Active,0,2021-12-21
707438,128600,Auto Loan,17950,5.94,6,Active,0,2022-10-19
707439,133761,Business Loan,62150,4.25,10,Paid Off,0,2021-10-19
707440,121688,Auto Loan,40200,8.41,3,Active,0,2021-12-18
707441,110586,Business Loan,110156,3.54,5,Paid Off,0,2022-09-03
707442,109536,Auto Loan,36133,4.36,5,Active,0,2022-08-09
707443,114840,Business Loan,189019,6.94,10,Paid Off,0,2022-12-09
707444,106927,Business Loan,228957,3.76,10,Active,0,2021-09-26
707445,119443,Business Loan,134897,6.23,10,Paid Off,0,2026-04-23
707446,127080,Business Loan,96958,9.62,5,Active,0,2022-01-05
707447,100070,Business Loan,224080,11.55,10,Paid Off,0,2021-07-17
707448,102965,Mortgage,347466,6.7,30,Active,0,2023-06-01
707449,144908,Personal Loan,2764,11.67,1,Defaulted,1,2024-11-29
707450,112900,Business Loan,205915,5.49,10,Active,0,2021-08-22
707451,115618,Business Loan,197563,5.24,10,Paid Off,0,2023-10-31
707452,132942,Personal Loan,19264,5.41,1,Paid Off,0,2021-10-11
707453,105139,Auto Loan,54420,5.31,5,Active,0,2026-02-17
707454,140596,Auto Loan,46853,5.38,3,Paid Off,0,2023-05-19
707455,109920,Auto Loan,28438,11.98,5,Active,0,2024-02-03
707456,105342,Auto Loan,14831,4.1,5,Active,0,2023-05-06
707457,109205,Business Loan,129648,10.64,5,Active,0,2025-12-24
707458,129083,Business Loan,73212,5.73,5,Active,0,2024-08-23
707459,107155,Auto Loan,37114,7.08,3,Active,0,2026-05-12
707460,132424,Business Loan,90938,3.72,10,Active,0,2024-01-19
707461,138647,Auto Loan,57126,6.25,6,Paid Off,0,2025-07-27
707462,100409,Personal Loan,6569,7.57,1,Defaulted,1,2024-04-02
707463,130961,Business Loan,35837,4.17,10,Paid Off,0,2026-06-16
707464,143384,Auto Loan,27383,4.7,6,Active,0,2022-03-17
707465,125661,Business Loan,137722,7.89,5,Paid Off,0,2025-04-07
707466,101680,Auto Loan,30267,4.69,3,Active,0,2022-07-29
707467,133466,Auto Loan,38061,7.84,3,Paid Off,0,2024-09-19
707468,144051,Mortgage,374136,6.74,30,Active,0,2024-07-19
707469,101490,Mortgage,533000,10.25,30,Paid Off,0,2026-03-06
707470,127502,Business Loan,125083,4.94,5,Paid Off,0,2025-09-28
707471,147003,Personal Loan,20894,5.17,3,Active,0,2023-03-26
707472,114782,Business Loan,79195,5.15,5,Active,0,2021-12-11
707473,132329,Business Loan,25237,4.23,10,Paid Off,0,2023-09-25
707474,111638,Auto Loan,34984,4.54,3,Defaulted,1,2026-05-16
707475,139314,Personal Loan,6017,11.14,3,Active,0,2026-01-12
707476,144718,Personal Loan,7181,4.61,5,Paid Off,0,2026-02-16
707477,140179,Business Loan,204190,5.84,5,Active,0,2025-02-06
707478,106432,Personal Loan,19210,5.43,3,Active,0,2025-06-18
707479,146613,Personal Loan,1437,6.74,5,Active,0,2021-08-21
707480,110604,Business Loan,228810,9.16,10,Defaulted,1,2024-02-02
707481,116408,Mortgage,357271,7.58,30,Paid Off,0,2021-10-06
707482,123480,Business Loan,168879,4.17,10,Paid Off,0,2022-04-21
707483,130555,Mortgage,405155,5.4,30,Active,0,2025-05-22
707484,149486,Auto Loan,47285,5.77,5,Paid Off,0,2023-06-10
707485,147379,Personal Loan,10106,6.54,3,Defaulted,1,2024-04-18
707486,137109,Mortgage,356868,6.71,30,Active,0,2024-01-08
707487,147216,Auto Loan,10061,6.08,3,Active,0,2022-12-23
707488,146174,Mortgage,412373,3.85,30,Active,0,2024-08-14
707489,147100,Business Loan,141630,4.27,10,Active,0,2025-01-01
707490,104518,Auto Loan,30150,3.73,3,Active,0,2026-05-31
707491,104730,Auto Loan,29330,6.15,6,Active,0,2025-04-07
707492,100214,Auto Loan,48177,4.09,3,Active,0,2025-09-20
707493,122287,Business Loan,57201,3.56,5,Paid Off,0,2023-03-24
707494,139301,Auto Loan,38543,6.17,3,Paid Off,0,2022-12-31
707495,130956,Personal Loan,2766,5.9,3,Paid Off,0,2023-04-18
707496,114861,Auto Loan,31436,4.43,6,Active,0,2023-05-28
707497,106166,Personal Loan,12914,5.82,1,Paid Off,0,2021-10-05
707498,135101,Mortgage,368825,6.27,30,Paid Off,0,2021-09-26
707499,103594,Business Loan,167410,8.63,5,Defaulted,1,2023-06-21
707500,125244,Business Loan,238627,9.76,10,Paid Off,0,2025-11-11
707501,134514,Business Loan,78738,5.35,5,Paid Off,0,2024-09-13
707502,136232,Business Loan,46448,6.4,5,Paid Off,0,2022-08-22
707503,125529,Personal Loan,2373,11.17,1,Active,0,2024-02-22
707504,147695,Auto Loan,22957,4.64,6,Active,0,2025-08-02
707505,133056,Auto Loan,54852,4.54,6,Active,0,2021-08-22
707506,147907,Mortgage,221054,5.58,30,Paid Off,0,2026-07-11
707507,140207,Mortgage,464748,5.94,30,Active,0,2024-08-22
707508,134571,Auto Loan,12911,5.13,5,Paid Off,0,2022-09-02
707509,120322,Auto Loan,55998,10.31,3,Active,0,2024-01-17
707510,108780,Mortgage,305649,10.23,30,Paid Off,0,2026-01-12
707511,124412,Mortgage,517397,4.75,30,Active,0,2021-09-07
707512,141038,Personal Loan,13688,11.57,1,Paid Off,0,2022-08-12
707513,105199,Mortgage,394993,4.18,30,Active,0,2023-02-13
707514,129431,Business Loan,186397,4.58,10,Paid Off,0,2022-08-11
707515,140173,Mortgage,427506,10.46,30,Active,0,2023-07-08
707516,103933,Personal Loan,19208,6.63,1,Paid Off,0,2026-01-14
707517,106978,Business Loan,206407,6.26,5,Active,0,2023-03-18
707518,100989,Auto Loan,21773,7.53,5,Paid Off,0,2021-10-28
707519,112423,Auto Loan,58422,10.69,3,Paid Off,0,2023-04-28
707520,138461,Mortgage,415753,5.91,30,Active,0,2026-03-24
707521,106267,Business Loan,101720,8.79,5,Paid Off,0,2024-01-30
707522,114148,Mortgage,372175,5.7,30,Paid Off,0,2022-02-01
707523,105003,Auto Loan,53156,5.5,3,Paid Off,0,2023-08-30
707524,132625,Mortgage,425133,4.79,30,Active,0,2021-09-23
707525,110508,Mortgage,402065,5.28,30,Paid Off,0,2023-01-27
707526,127229,Auto Loan,29618,3.59,6,Paid Off,0,2021-08-04
707527,148387,Auto Loan,20216,4.53,5,Paid Off,0,2022-08-30
707528,121114,Personal Loan,4429,8.11,5,Active,0,2025-09-29
707529,148633,Mortgage,189158,6.04,30,Paid Off,0,2025-12-01
707530,135736,Mortgage,204755,5.04,30,Active,0,2021-08-06
707531,135982,Business Loan,210852,4.82,10,Paid Off,0,2026-04-06
707532,141014,Mortgage,559617,5.8,30,Active,0,2023-01-09
707533,121590,Mortgage,475961,4.79,30,Paid Off,0,2026-01-21
707534,111594,Business Loan,199938,5.57,10,Active,0,2025-06-06
707535,147715,Mortgage,416581,5.44,30,Active,0,2021-09-27
707536,111121,Auto Loan,50431,6.13,3,Paid Off,0,2022-12-29
707537,117995,Auto Loan,51105,6.97,6,Paid Off,0,2023-10-23
707538,118905,Auto Loan,57426,11.05,3,Active,0,2021-11-15
707539,144879,Business Loan,60007,4.29,5,Paid Off,0,2022-10-13
707540,125911,Personal Loan,2372,5.29,3,Paid Off,0,2025-11-30
707541,105517,Personal Loan,1668,11.85,3,Defaulted,1,2022-05-06
707542,131906,Auto Loan,39350,3.85,6,Defaulted,1,2024-10-08
707543,131662,Personal Loan,3882,5.79,3,Active,0,2025-01-06
707544,132699,Personal Loan,11961,5.96,3,Paid Off,0,2024-06-30
707545,104207,Mortgage,521141,10.11,30,Active,0,2022-03-30
707546,137141,Business Loan,199354,11.41,10,Paid Off,0,2025-03-08
707547,139587,Business Loan,157801,5.87,10,Active,0,2025-02-02
707548,111875,Business Loan,161147,4.2,5,Active,0,2024-02-21
707549,141630,Personal Loan,20701,4.16,1,Active,0,2023-09-10
707550,136072,Personal Loan,7700,5.8,1,Paid Off,0,2022-06-02
707551,104419,Auto Loan,27571,7.07,3,Paid Off,0,2024-03-24
707552,133090,Auto Loan,45472,5.25,5,Paid Off,0,2022-08-20
707553,101829,Mortgage,205812,5.63,30,Paid Off,0,2025-03-08
707554,116250,Personal Loan,11984,7.08,1,Paid Off,0,2023-02-04
707555,148442,Business Loan,200649,6.84,5,Active,0,2021-09-29
707556,104630,Mortgage,591449,3.91,30,Paid Off,0,2026-01-18
707557,116946,Mortgage,269501,4.27,30,Active,0,2023-05-26
707558,113972,Auto Loan,15642,5.13,6,Paid Off,0,2021-07-17
707559,109146,Auto Loan,41580,3.77,5,Active,0,2021-12-22
707560,112564,Mortgage,363254,5.03,30,Paid Off,0,2021-12-07
707561,103818,Mortgage,596549,5.82,30,Active,0,2021-11-11
707562,116768,Auto Loan,31737,10.43,5,Paid Off,0,2024-11-14
707563,114005,Business Loan,198867,9.85,5,Active,0,2022-07-12
707564,113205,Mortgage,341003,6.61,30,Paid Off,0,2024-05-18
707565,126303,Personal Loan,19778,5.33,5,Active,0,2024-11-19
707566,134194,Personal Loan,6747,8.63,1,Active,0,2022-03-19
707567,138182,Auto Loan,52315,6.63,5,Paid Off,0,2026-02-10
707568,135620,Personal Loan,14870,6.66,5,Paid Off,0,2021-11-23
707569,140798,Business Loan,169589,4.92,10,Active,0,2024-09-30
707570,115664,Personal Loan,22526,9.98,5,Paid Off,0,2025-07-30
707571,114044,Auto Loan,26696,4.58,3,Paid Off,0,2023-07-14
707572,119983,Personal Loan,23536,5.63,5,Active,0,2024-07-09
707573,114029,Mortgage,459693,4.11,30,Active,0,2023-11-15
707574,119032,Mortgage,238780,6.04,30,Active,0,2024-03-07
707575,108919,Auto Loan,16261,8.1,6,Active,0,2024-03-05
707576,109648,Mortgage,554615,6.17,30,Paid Off,0,2025-01-29
707577,103462,Mortgage,436040,4.99,30,Active,0,2026-03-21
707578,107678,Business Loan,33124,4.46,10,Paid Off,0,2022-08-15
707579,120813,Personal Loan,2967,3.54,5,Active,0,2024-04-10
707580,107217,Auto Loan,27561,5.39,6,Paid Off,0,2022-04-16
707581,148593,Auto Loan,11194,5.65,5,Paid Off,0,2025-12-22
707582,136012,Mortgage,172904,3.93,30,Active,0,2023-08-24
707583,125155,Mortgage,201448,5.46,30,Paid Off,0,2021-08-16
707584,105478,Personal Loan,16324,6.09,5,Paid Off,0,2025-01-08
707585,135833,Mortgage,411745,5.39,30,Active,0,2021-07-24
707586,120546,Auto Loan,47408,5.05,6,Active,0,2022-10-29
707587,120090,Auto Loan,13088,6.05,6,Paid Off,0,2022-07-28
707588,123856,Business Loan,247248,5.49,10,Paid Off,0,2026-02-19
707589,113949,Auto Loan,56792,6.53,5,Active,0,2024-10-11
707590,121981,Mortgage,195974,6.75,30,Paid Off,0,2026-03-18
707591,127296,Mortgage,503624,7.01,30,Active,0,2025-09-24
707592,109519,Business Loan,212764,6.3,10,Paid Off,0,2023-04-07
707593,133640,Auto Loan,44408,5.76,5,Paid Off,0,2022-09-12
707594,107033,Mortgage,254916,5.95,30,Paid Off,0,2024-07-08
707595,119200,Personal Loan,17518,7.63,1,Paid Off,0,2026-04-29
707596,122530,Personal Loan,5739,4.42,3,Paid Off,0,2025-03-16
707597,146995,Mortgage,162331,5.5,30,Paid Off,0,2024-04-17
707598,107267,Business Loan,106167,5.88,10,Paid Off,0,2021-08-03
707599,140616,Business Loan,167171,3.79,10,Active,0,2026-03-09
707600,126341,Business Loan,151591,5.61,10,Defaulted,1,2026-07-16
707601,139835,Business Loan,184676,4.92,10,Paid Off,0,2024-08-02
707602,131800,Auto Loan,42930,4.79,5,Paid Off,0,2025-06-21
707603,148965,Business Loan,241442,6.2,10,Active,0,2025-05-06
707604,136183,Personal Loan,22491,9.46,3,Defaulted,1,2025-02-06
707605,140658,Business Loan,191684,11.57,5,Active,0,2024-11-16
707606,149256,Personal Loan,1884,6.04,5,Active,0,2024-03-30
707607,119006,Personal Loan,3184,4.82,1,Paid Off,0,2024-05-11
707608,102907,Personal Loan,11860,6.03,1,Paid Off,0,2025-06-25
707609,136305,Business Loan,46422,8.7,10,Active,0,2025-12-02
707610,113129,Business Loan,240821,4.01,5,Active,0,2022-08-26
707611,103482,Business Loan,232093,5.03,5,Paid Off,0,2026-07-16
707612,105677,Mortgage,206729,4.11,30,Paid Off,0,2024-10-16
707613,145182,Business Loan,78194,5.84,5,Active,0,2021-12-20
707614,138706,Auto Loan,13392,8.93,5,Active,0,2022-11-08
707615,139979,Mortgage,219207,5.57,30,Active,0,2022-08-25
707616,111527,Business Loan,26904,4.51,5,Paid Off,0,2024-08-28
707617,110490,Auto Loan,55123,7.26,6,Active,0,2023-04-07
707618,124093,Business Loan,193254,6.85,5,Paid Off,0,2023-10-03
707619,121308,Mortgage,269527,9.38,30,Paid Off,0,2023-01-01
707620,145161,Auto Loan,52149,5.46,3,Paid Off,0,2024-09-27
707621,149334,Business Loan,209084,5.76,10,Paid Off,0,2024-07-22
707622,129095,Personal Loan,4136,11.86,3,Active,0,2024-08-05
707623,127688,Personal Loan,24794,3.91,3,Active,0,2022-03-15
707624,108940,Personal Loan,9569,4.53,1,Paid Off,0,2022-10-29
707625,112630,Auto Loan,11772,6.47,5,Paid Off,0,2022-02-01
707626,144982,Business Loan,172965,5.77,10,Paid Off,0,2024-01-23
707627,121227,Personal Loan,8932,8.92,5,Paid Off,0,2024-08-26
707628,136266,Auto Loan,31157,8.04,3,Paid Off,0,2024-07-08
707629,127421,Personal Loan,21796,5.67,5,Paid Off,0,2025-02-26
707630,127853,Business Loan,117350,11.88,5,Active,0,2024-01-08
707631,108525,Business Loan,240269,3.89,5,Active,0,2026-05-25
707632,102104,Mortgage,263487,5.73,30,Paid Off,0,2022-01-07
707633,131452,Personal Loan,11648,6.29,5,Paid Off,0,2024-02-05
707634,129971,Personal Loan,16230,4.61,1,Paid Off,0,2022-02-26
707635,135176,Mortgage,350092,4.15,30,Paid Off,0,2025-11-26
707636,102007,Personal Loan,10740,5.34,1,Active,0,2022-09-25
707637,133430,Business Loan,201773,11.11,5,Paid Off,0,2026-07-06
707638,101707,Personal Loan,20298,6.44,5,Active,0,2025-05-10
707639,148822,Auto Loan,26668,10.11,6,Paid Off,0,2021-10-19
707640,109744,Personal Loan,17483,10.01,1,Active,0,2023-05-16
707641,116629,Personal Loan,23883,3.51,5,Paid Off,0,2024-04-28
707642,122493,Personal Loan,9359,8.38,5,Paid Off,0,2025-01-22
707643,107262,Business Loan,156307,10.46,5,Paid Off,0,2023-01-30
707644,138791,Mortgage,522149,4.32,30,Paid Off,0,2023-07-11
707645,142647,Business Loan,167391,4.28,10,Active,0,2022-04-18
707646,142971,Auto Loan,36611,7.15,5,Active,0,2024-12-21
707647,103923,Personal Loan,21687,5.93,5,Active,0,2022-09-15
707648,102344,Mortgage,586471,4.2,30,Paid Off,0,2023-01-07
707649,110463,Personal Loan,10708,5.65,5,Active,0,2026-03-08
707650,119354,Auto Loan,48349,3.82,3,Active,0,2022-10-31
707651,109312,Auto Loan,47771,3.8,3,Active,0,2023-04-19
707652,126789,Business Loan,139142,8.95,10,Paid Off,0,2026-02-16
707653,144178,Auto Loan,34693,5.53,6,Active,0,2025-07-18
707654,145622,Personal Loan,20141,4.29,3,Paid Off,0,2022-05-30
707655,141005,Mortgage,336654,9.85,30,Paid Off,0,2026-05-20
707656,109520,Business Loan,69550,7.68,5,Defaulted,1,2022-09-15
707657,137280,Business Loan,129694,9.34,5,Paid Off,0,2021-12-24
707658,135964,Personal Loan,17848,6.59,1,Active,0,2025-01-03
707659,128752,Business Loan,140871,5.18,10,Active,0,2022-12-02
707660,147374,Business Loan,152317,6.97,5,Active,0,2023-03-31
707661,131114,Mortgage,237344,7.65,30,Active,0,2022-02-12
707662,129207,Mortgage,577752,3.94,30,Active,0,2023-03-22
707663,146984,Business Loan,139322,10.49,10,Paid Off,0,2025-04-26
707664,107064,Auto Loan,44688,5.85,3,Paid Off,0,2023-07-12
707665,106541,Auto Loan,34244,4.2,3,Active,0,2026-05-27
707666,122001,Business Loan,123343,5.81,5,Active,0,2023-12-12
707667,122716,Business Loan,216289,6.77,10,Active,0,2023-10-06
707668,128560,Auto Loan,54128,5.34,3,Paid Off,0,2022-10-13
707669,137308,Mortgage,571556,3.59,30,Paid Off,0,2023-08-18
707670,103861,Personal Loan,11191,8.91,5,Active,0,2023-02-02
707671,125736,Personal Loan,13165,4.99,5,Active,0,2022-02-03
707672,131630,Mortgage,263139,6.48,30,Paid Off,0,2022-06-03
707673,149822,Mortgage,390881,6.16,30,Paid Off,0,2024-10-29
707674,106699,Mortgage,554016,5.67,30,Defaulted,1,2021-07-22
707675,104647,Auto Loan,34935,4.92,3,Paid Off,0,2026-06-13
707676,148827,Mortgage,359601,7.58,30,Paid Off,0,2022-02-12
707677,114365,Mortgage,459014,8.05,30,Active,0,2021-08-30
707678,102457,Auto Loan,34850,6.79,5,Active,0,2025-04-16
707679,134516,Personal Loan,17971,5.04,3,Active,0,2024-03-07
707680,149539,Mortgage,357377,6.84,30,Active,0,2023-03-18
707681,103125,Mortgage,490040,3.76,30,Paid Off,0,2022-04-12
707682,142383,Personal Loan,8729,4.01,5,Paid Off,0,2021-12-21
707683,115460,Auto Loan,40357,6.37,6,Active,0,2022-08-13
707684,123484,Personal Loan,4165,5.56,1,Paid Off,0,2026-02-22
707685,132979,Personal Loan,10714,7.5,5,Defaulted,1,2025-11-13
707686,138579,Auto Loan,56916,6.82,3,Paid Off,0,2025-07-13
707687,149912,Mortgage,456515,6.22,30,Defaulted,1,2026-05-01
707688,114806,Mortgage,271463,5.04,30,Active,0,2023-05-30
707689,102571,Auto Loan,40023,4.76,3,Active,0,2022-10-03
707690,144714,Auto Loan,41895,5.93,3,Paid Off,0,2025-05-21
707691,102286,Auto Loan,41478,5.8,3,Active,0,2023-02-12
707692,108451,Business Loan,71618,6.28,10,Active,0,2022-02-27
707693,131698,Mortgage,252338,10.6,30,Active,0,2021-09-08
707694,103609,Auto Loan,58728,5.8,3,Active,0,2021-09-08
707695,104193,Mortgage,322575,5.93,30,Paid Off,0,2024-11-23
707696,122283,Mortgage,527461,8.59,30,Active,0,2026-01-29
707697,146108,Personal Loan,7958,4.0,1,Active,0,2022-06-15
707698,128103,Business Loan,203112,6.49,10,Paid Off,0,2025-01-14
707699,117416,Mortgage,371964,11.03,30,Active,0,2026-03-15
707700,131884,Mortgage,572669,6.89,30,Active,0,2023-09-07
707701,132051,Auto Loan,58769,5.12,5,Paid Off,0,2026-05-18
707702,108035,Personal Loan,24406,5.19,5,Active,0,2023-07-01
707703,119373,Auto Loan,27699,6.38,3,Active,0,2023-10-20
707704,100673,Personal Loan,19962,4.91,3,Active,0,2022-09-07
707705,109444,Personal Loan,18444,6.82,3,Paid Off,0,2023-06-22
707706,133857,Business Loan,101289,5.24,5,Defaulted,1,2021-10-14
707707,128148,Personal Loan,9098,4.81,5,Active,0,2021-12-19
707708,131316,Auto Loan,54401,5.68,3,Defaulted,1,2023-07-23
707709,146291,Personal Loan,17462,8.34,1,Active,0,2023-12-29
707710,130404,Business Loan,48911,5.73,10,Active,0,2023-11-17
707711,123156,Mortgage,313634,8.02,30,Paid Off,0,2025-12-04
707712,126430,Auto Loan,48485,4.06,6,Active,0,2026-03-21
707713,108858,Business Loan,203934,6.97,10,Paid Off,0,2024-10-19
707714,148944,Mortgage,362405,4.65,30,Active,0,2024-02-16
707715,135492,Auto Loan,28123,3.87,3,Paid Off,0,2023-06-29
707716,142042,Auto Loan,49458,5.48,5,Active,0,2022-03-13
707717,129391,Business Loan,199830,6.03,10,Active,0,2024-05-10
707718,113656,Auto Loan,51577,6.73,6,Paid Off,0,2026-06-10
707719,128836,Mortgage,282111,6.21,30,Active,0,2024-04-12
707720,128657,Auto Loan,15506,4.17,3,Paid Off,0,2021-07-25
707721,130479,Auto Loan,28021,4.9,5,Active,0,2024-04-03
707722,143210,Auto Loan,43328,6.53,6,Active,0,2025-01-02
707723,118166,Mortgage,251791,7.75,30,Paid Off,0,2026-05-28
707724,144483,Personal Loan,23569,4.89,3,Active,0,2021-08-23
707725,107680,Personal Loan,13133,4.16,5,Active,0,2026-01-13
707726,149268,Business Loan,125184,5.62,10,Paid Off,0,2025-09-07
707727,135061,Business Loan,91930,3.54,10,Active,0,2022-04-27
707728,134379,Personal Loan,22330,5.31,1,Paid Off,0,2022-10-21
707729,111634,Auto Loan,40444,6.89,6,Paid Off,0,2024-11-09
707730,140750,Business Loan,82814,8.01,5,Active,0,2026-05-11
707731,129582,Business Loan,172230,5.07,5,Defaulted,1,2021-11-16
707732,140854,Auto Loan,35193,4.83,6,Paid Off,0,2023-06-13
707733,103611,Personal Loan,24151,8.77,3,Active,0,2026-01-19
707734,119291,Mortgage,457529,3.87,30,Defaulted,1,2026-02-13
707735,132540,Auto Loan,43447,4.52,3,Paid Off,0,2022-01-27
707736,102946,Personal Loan,23393,5.1,3,Paid Off,0,2023-06-23
707737,141811,Mortgage,476999,5.32,30,Active,0,2025-09-28
707738,115614,Personal Loan,8960,6.07,5,Active,0,2023-07-31
707739,129396,Personal Loan,12390,6.57,5,Active,0,2022-01-01
707740,146532,Business Loan,187275,8.16,5,Active,0,2023-09-27
707741,130124,Business Loan,119556,7.57,5,Active,0,2024-01-06
707742,140307,Business Loan,63159,6.34,10,Active,0,2025-06-09
707743,109447,Auto Loan,36717,3.74,3,Active,0,2026-04-06
707744,141141,Auto Loan,14903,3.62,6,Defaulted,1,2021-10-18
707745,109790,Business Loan,235187,5.07,5,Active,0,2024-06-16
707746,130891,Mortgage,274069,6.45,30,Paid Off,0,2025-02-06
707747,100007,Personal Loan,19795,9.87,1,Paid Off,0,2025-11-18
707748,145948,Auto Loan,52498,11.17,6,Active,0,2024-12-18
707749,104095,Personal Loan,5479,10.58,3,Active,0,2024-05-31
707750,125955,Business Loan,172687,4.1,5,Active,0,2025-05-18
707751,137499,Personal Loan,9520,6.49,5,Active,0,2025-07-31
707752,137103,Business Loan,151786,9.03,5,Active,0,2026-05-13
707753,123692,Personal Loan,2447,5.99,3,Paid Off,0,2026-05-09
707754,133515,Personal Loan,15166,4.66,3,Paid Off,0,2023-06-16
707755,106969,Business Loan,169401,10.83,5,Paid Off,0,2021-11-15
707756,116243,Business Loan,176262,8.59,10,Active,0,2023-04-22
707757,117220,Personal Loan,17358,9.04,3,Active,0,2026-03-24
707758,134746,Mortgage,563740,8.1,30,Paid Off,0,2021-08-22
707759,148754,Mortgage,478958,8.13,30,Active,0,2023-12-27
707760,125829,Personal Loan,1203,4.57,3,Active,0,2025-07-31
707761,143480,Auto Loan,14945,6.71,3,Active,0,2023-02-26
707762,137652,Business Loan,103415,8.92,5,Paid Off,0,2022-04-22
707763,123912,Business Loan,58375,5.58,5,Paid Off,0,2023-12-12
707764,124609,Personal Loan,21212,9.49,5,Paid Off,0,2021-08-03
707765,101962,Business Loan,71992,6.02,10,Active,0,2025-10-18
707766,144850,Auto Loan,14636,5.69,6,Paid Off,0,2026-07-10
707767,122859,Mortgage,497511,4.85,30,Paid Off,0,2024-04-19
707768,144348,Personal Loan,14626,3.6,1,Paid Off,0,2022-07-25
707769,141580,Business Loan,164719,5.06,5,Paid Off,0,2024-06-01
707770,107277,Business Loan,81959,6.01,5,Paid Off,0,2022-07-23
707771,101483,Business Loan,136470,9.94,5,Active,0,2021-12-24
707772,109532,Personal Loan,21565,4.27,3,Defaulted,1,2022-12-15
707773,139914,Auto Loan,56891,3.79,6,Paid Off,0,2026-03-13
707774,146097,Auto Loan,45577,5.2,6,Active,0,2025-02-21
707775,117128,Auto Loan,33294,9.08,3,Paid Off,0,2021-09-12
707776,126692,Personal Loan,3272,4.02,5,Active,0,2021-08-22
707777,112788,Business Loan,228032,8.79,10,Paid Off,0,2023-03-15
707778,107364,Mortgage,392952,6.61,30,Active,0,2022-12-07
707779,147569,Mortgage,370987,5.23,30,Active,0,2022-03-05
707780,118701,Mortgage,367662,5.9,30,Active,0,2026-03-03
707781,105100,Mortgage,219451,5.94,30,Paid Off,0,2025-01-05
707782,116264,Business Loan,178939,6.04,10,Active,0,2023-09-05
707783,113289,Auto Loan,51778,8.2,6,Paid Off,0,2025-10-16
707784,112496,Business Loan,248282,5.96,5,Active,0,2026-01-12
707785,140714,Auto Loan,11665,5.97,3,Active,0,2022-01-28
707786,108807,Auto Loan,26370,6.09,3,Active,0,2025-12-21
707787,130238,Mortgage,187365,4.81,30,Active,0,2024-03-11
707788,100655,Personal Loan,9836,4.2,1,Active,0,2026-03-19
707789,103118,Auto Loan,44659,4.85,5,Active,0,2025-08-08
707790,111359,Business Loan,132275,10.45,10,Paid Off,0,2024-07-05
707791,108647,Mortgage,312882,4.35,30,Active,0,2023-09-17
707792,146967,Personal Loan,2938,10.14,5,Active,0,2024-09-19
707793,103382,Mortgage,390285,4.99,30,Active,0,2026-01-05
707794,105457,Mortgage,584276,5.54,30,Active,0,2022-02-26
707795,113099,Auto Loan,12935,6.91,5,Active,0,2023-07-28
707796,102908,Personal Loan,12447,6.94,5,Paid Off,0,2022-11-03
707797,101895,Business Loan,67451,5.97,10,Active,0,2025-11-01
707798,103488,Auto Loan,19533,4.11,6,Active,0,2025-02-21
707799,121955,Personal Loan,11032,3.76,5,Active,0,2024-04-28
707800,108692,Auto Loan,42446,4.98,3,Active,0,2021-11-28
707801,106747,Auto Loan,34606,6.88,6,Paid Off,0,2021-12-24
707802,119269,Business Loan,58455,3.78,5,Paid Off,0,2024-02-05
707803,130379,Personal Loan,12618,4.52,3,Paid Off,0,2025-05-14
707804,126142,Personal Loan,14980,6.72,3,Active,0,2023-09-25
707805,130596,Auto Loan,22042,7.75,5,Paid Off,0,2022-09-30
707806,124032,Mortgage,226492,4.19,30,Defaulted,1,2024-06-30
707807,145347,Mortgage,289138,5.28,30,Active,0,2022-01-19
707808,148204,Auto Loan,57748,6.93,3,Paid Off,0,2024-09-15
707809,134004,Business Loan,111531,5.12,5,Paid Off,0,2024-12-21
707810,109709,Mortgage,160143,5.63,30,Active,0,2026-05-03
707811,112376,Mortgage,551127,6.47,30,Paid Off,0,2025-05-15
707812,135540,Auto Loan,19046,5.18,3,Paid Off,0,2023-08-17
707813,126608,Personal Loan,18217,5.03,1,Active,0,2026-04-13
707814,149489,Business Loan,173802,6.95,10,Defaulted,1,2025-06-09
707815,142017,Personal Loan,14549,4.25,1,Active,0,2024-10-06
707816,120227,Personal Loan,1880,5.02,1,Paid Off,0,2022-02-23
707817,102755,Personal Loan,3415,10.13,3,Paid Off,0,2024-04-16
707818,124415,Business Loan,100415,3.51,10,Paid Off,0,2023-09-05
707819,116305,Business Loan,122585,7.52,5,Active,0,2026-01-03
707820,147176,Business Loan,148488,5.08,5,Paid Off,0,2022-10-16
707821,145930,Personal Loan,19645,11.85,5,Paid Off,0,2026-05-31
707822,100182,Business Loan,200132,5.24,10,Paid Off,0,2026-05-13
707823,146919,Mortgage,544195,8.85,30,Paid Off,0,2022-01-22
707824,124898,Mortgage,163200,7.93,30,Paid Off,0,2026-04-01
707825,101370,Business Loan,72642,9.52,5,Active,0,2026-05-31
707826,147770,Personal Loan,21392,5.77,3,Paid Off,0,2023-06-19
707827,112616,Mortgage,589419,9.96,30,Paid Off,0,2022-04-13
707828,135119,Auto Loan,44460,6.33,5,Paid Off,0,2025-03-18
707829,134498,Mortgage,499676,3.93,30,Active,0,2023-07-18
707830,108241,Mortgage,364014,4.19,30,Paid Off,0,2026-01-14
707831,149614,Personal Loan,21373,5.39,1,Paid Off,0,2024-04-23
707832,120822,Personal Loan,10186,6.46,3,Active,0,2026-01-08
707833,119018,Business Loan,139784,6.55,10,Active,0,2025-10-05
707834,135104,Mortgage,437348,9.07,30,Active,0,2023-02-11
707835,105688,Mortgage,252628,4.67,30,Paid Off,0,2022-08-07
707836,135730,Personal Loan,19791,6.67,5,Active,0,2022-02-24
707837,125753,Business Loan,179281,4.6,5,Active,0,2026-04-23
707838,136278,Mortgage,586922,5.56,30,Active,0,2023-01-30
707839,100128,Business Loan,92930,8.06,10,Paid Off,0,2026-06-19
707840,133834,Business Loan,211714,6.28,10,Paid Off,0,2023-05-31
707841,124270,Mortgage,221973,8.35,30,Paid Off,0,2024-10-05
707842,109367,Business Loan,147469,4.9,10,Active,0,2021-10-14
707843,134443,Auto Loan,30766,4.13,5,Paid Off,0,2025-05-27
707844,105354,Business Loan,87285,11.52,5,Paid Off,0,2024-01-01
707845,149058,Business Loan,227697,10.17,10,Paid Off,0,2023-09-27
707846,119704,Mortgage,456538,4.06,30,Active,0,2021-09-27
707847,140161,Personal Loan,11514,7.44,1,Paid Off,0,2025-10-20
707848,108385,Business Loan,30057,5.21,5,Paid Off,0,2022-06-03
707849,114747,Auto Loan,36584,10.64,3,Paid Off,0,2022-02-20
707850,129947,Business Loan,226447,8.46,10,Active,0,2025-05-27
707851,136565,Personal Loan,24788,8.99,1,Paid Off,0,2022-03-27
707852,115796,Personal Loan,4079,3.99,3,Paid Off,0,2023-06-17
707853,121439,Mortgage,391861,4.83,30,Paid Off,0,2023-11-13
707854,126929,Mortgage,511871,6.24,30,Active,0,2021-08-28
707855,146374,Business Loan,62194,5.52,10,Paid Off,0,2021-12-27
707856,104304,Personal Loan,5186,5.62,3,Active,0,2023-12-18
707857,100110,Mortgage,564306,5.34,30,Active,0,2025-11-06
707858,142272,Business Loan,149022,4.83,10,Active,0,2025-10-30
707859,133299,Mortgage,334605,5.75,30,Paid Off,0,2023-08-07
707860,129735,Auto Loan,17834,6.01,5,Paid Off,0,2023-06-15
707861,140562,Mortgage,279890,4.19,30,Active,0,2024-03-06
707862,102836,Personal Loan,19011,4.37,3,Active,0,2026-07-07
707863,121544,Mortgage,198525,5.41,30,Active,0,2024-12-22
707864,117278,Auto Loan,24645,8.6,3,Defaulted,1,2024-11-04
707865,101557,Business Loan,249412,3.64,10,Defaulted,1,2024-09-07
707866,116028,Auto Loan,46862,9.59,6,Active,0,2021-10-09
707867,116483,Auto Loan,16708,10.29,6,Paid Off,0,2023-11-10
707868,149681,Business Loan,223810,10.79,5,Paid Off,0,2021-09-09
707869,144561,Personal Loan,10161,5.17,3,Paid Off,0,2025-05-25
707870,100109,Auto Loan,17203,5.99,5,Active,0,2024-09-14
707871,147650,Personal Loan,9553,6.93,1,Paid Off,0,2025-10-16
707872,109961,Personal Loan,9100,10.31,5,Defaulted,1,2021-11-18
707873,142165,Personal Loan,13406,5.58,5,Active,0,2021-11-05
707874,142585,Business Loan,81687,8.42,10,Paid Off,0,2025-07-23
707875,128316,Personal Loan,21268,9.1,5,Paid Off,0,2024-03-15
707876,100843,Personal Loan,15060,5.22,1,Active,0,2026-06-04
707877,121679,Auto Loan,56329,6.73,3,Paid Off,0,2025-05-30
707878,102601,Business Loan,142964,4.65,10,Active,0,2024-06-23
707879,135166,Mortgage,319751,4.15,30,Active,0,2026-06-28
707880,115785,Personal Loan,10541,6.35,1,Paid Off,0,2022-01-13
707881,148269,Auto Loan,19112,3.86,3,Active,0,2024-05-08
707882,125325,Business Loan,220497,5.76,5,Active,0,2022-09-14
707883,132898,Auto Loan,41137,6.25,6,Active,0,2022-04-27
707884,113477,Personal Loan,4405,6.51,5,Active,0,2024-08-26
707885,138190,Personal Loan,17818,6.53,1,Paid Off,0,2025-08-28
707886,111578,Mortgage,400008,5.27,30,Paid Off,0,2024-09-19
707887,116403,Personal Loan,18969,6.34,3,Active,0,2026-05-27
707888,136230,Business Loan,75928,6.6,10,Active,0,2023-03-21
707889,148115,Personal Loan,20009,5.21,5,Paid Off,0,2023-12-14
707890,108297,Personal Loan,6992,6.09,5,Paid Off,0,2023-10-20
707891,140990,Business Loan,125603,6.54,10,Active,0,2023-05-21
707892,147006,Auto Loan,37044,7.74,5,Active,0,2023-11-03
707893,121187,Personal Loan,7229,5.43,5,Active,0,2023-08-13
707894,107540,Mortgage,589238,9.11,30,Active,0,2025-08-25
707895,133178,Personal Loan,2980,3.59,1,Active,0,2024-01-08
707896,118446,Mortgage,504280,7.17,30,Active,0,2024-06-17
707897,110817,Personal Loan,3498,11.93,3,Active,0,2025-08-05
707898,149037,Auto Loan,44684,10.97,5,Paid Off,0,2025-12-08
707899,131395,Business Loan,134817,8.83,5,Paid Off,0,2025-02-17
707900,102495,Personal Loan,22683,4.35,1,Paid Off,0,2025-01-28
707901,110012,Business Loan,233396,11.01,10,Active,0,2025-07-26
707902,106428,Auto Loan,51023,11.57,6,Paid Off,0,2026-04-03
707903,109301,Business Loan,93324,11.79,5,Defaulted,1,2022-09-11
707904,126503,Mortgage,500381,4.52,30,Active,0,2023-12-06
707905,122311,Personal Loan,13097,5.62,3,Paid Off,0,2023-09-11
707906,136045,Mortgage,276718,7.88,30,Paid Off,0,2024-09-06
707907,144876,Personal Loan,16242,6.34,5,Active,0,2024-08-27
707908,123002,Personal Loan,15910,4.31,5,Active,0,2023-09-01
707909,118182,Mortgage,399573,10.37,30,Defaulted,1,2024-02-22
707910,103836,Auto Loan,28653,4.47,5,Active,0,2022-03-15
707911,110127,Business Loan,227493,8.02,10,Paid Off,0,2025-04-23
707912,107616,Mortgage,166341,3.64,30,Paid Off,0,2025-02-09
707913,128493,Mortgage,478749,6.96,30,Paid Off,0,2022-11-11
707914,101826,Mortgage,476332,3.51,30,Paid Off,0,2021-12-15
707915,147936,Business Loan,117290,5.76,5,Paid Off,0,2023-11-30
707916,140104,Business Loan,163269,6.47,5,Defaulted,1,2022-07-31
707917,130100,Mortgage,505443,6.41,30,Active,0,2022-07-10
707918,103910,Mortgage,181276,6.99,30,Active,0,2026-03-04
707919,113459,Personal Loan,3540,5.77,3,Active,0,2022-10-18
707920,110689,Auto Loan,38430,7.41,3,Paid Off,0,2022-09-10
707921,146173,Business Loan,174531,5.49,10,Paid Off,0,2026-05-04
707922,126454,Mortgage,392328,5.67,30,Paid Off,0,2025-03-15
707923,137581,Business Loan,115854,3.97,10,Active,0,2023-03-22
707924,146513,Personal Loan,22604,3.55,5,Paid Off,0,2021-07-18
707925,136842,Personal Loan,8004,9.56,1,Paid Off,0,2025-05-27
707926,119736,Personal Loan,7423,6.23,3,Paid Off,0,2023-07-02
707927,124012,Auto Loan,19240,8.8,6,Active,0,2023-11-17
707928,102012,Auto Loan,54062,5.25,3,Active,0,2025-10-20
707929,113299,Business Loan,190247,9.83,10,Paid Off,0,2023-07-16
707930,127193,Mortgage,568209,5.72,30,Paid Off,0,2023-04-03
707931,107225,Business Loan,27083,9.97,10,Paid Off,0,2024-11-23
707932,100742,Mortgage,581972,10.7,30,Active,0,2022-05-12
707933,101671,Personal Loan,2874,4.23,5,Active,0,2022-03-23
707934,123503,Personal Loan,21867,5.75,3,Active,0,2025-03-12
707935,118238,Business Loan,249258,5.91,5,Paid Off,0,2023-02-10
707936,136749,Mortgage,357467,6.21,30,Active,0,2025-01-26
707937,148657,Auto Loan,51332,7.38,5,Paid Off,0,2024-05-25
707938,122901,Mortgage,596111,5.26,30,Paid Off,0,2025-10-30
707939,126010,Auto Loan,10345,3.75,3,Active,0,2025-06-20
707940,149734,Mortgage,512290,11.19,30,Active,0,2021-10-06
707941,147955,Auto Loan,30450,5.64,5,Active,0,2023-05-23
707942,109253,Mortgage,463913,6.35,30,Active,0,2024-06-16
707943,136528,Auto Loan,18053,10.98,5,Paid Off,0,2026-05-30
707944,147015,Auto Loan,29001,6.45,5,Active,0,2025-08-30
707945,132246,Personal Loan,8208,3.57,5,Active,0,2025-12-19
707946,123732,Auto Loan,14568,4.21,6,Paid Off,0,2023-12-02
707947,123900,Mortgage,241799,10.0,30,Active,0,2024-04-15
707948,106407,Auto Loan,15830,6.08,3,Defaulted,1,2024-03-23
707949,129246,Auto Loan,22927,4.24,5,Paid Off,0,2024-11-21
707950,100219,Mortgage,507057,8.48,30,Active,0,2023-10-28
707951,114326,Personal Loan,16447,6.85,5,Active,0,2024-08-21
707952,142415,Auto Loan,33042,7.45,6,Active,0,2023-10-02
707953,103702,Mortgage,152116,6.99,30,Active,0,2021-11-19
707954,106810,Personal Loan,19393,5.13,1,Active,0,2022-12-03
707955,114572,Mortgage,207178,9.33,30,Active,0,2023-10-06
707956,124850,Personal Loan,14898,5.46,1,Paid Off,0,2024-08-02
707957,146329,Personal Loan,15175,8.61,5,Paid Off,0,2021-09-23
707958,111972,Auto Loan,49904,4.69,3,Paid Off,0,2022-10-08
707959,102289,Auto Loan,13189,5.19,3,Paid Off,0,2022-04-03
707960,118641,Business Loan,28522,6.73,10,Paid Off,0,2021-10-20
707961,122726,Auto Loan,28188,6.34,5,Paid Off,0,2025-05-01
707962,139677,Business Loan,41675,10.49,5,Active,0,2024-04-15
707963,129951,Personal Loan,10688,6.64,1,Paid Off,0,2022-12-11
707964,105563,Personal Loan,14953,6.3,1,Paid Off,0,2022-03-16
707965,109207,Business Loan,71478,6.88,10,Defaulted,1,2025-08-21
707966,131485,Business Loan,46887,4.83,10,Paid Off,0,2021-08-12
707967,125759,Business Loan,183303,5.75,10,Paid Off,0,2021-07-17
707968,102342,Business Loan,58081,9.22,10,Paid Off,0,2023-12-31
707969,117638,Auto Loan,31932,9.1,5,Active,0,2021-10-25
707970,122607,Auto Loan,55489,4.0,6,Active,0,2024-08-19
707971,135478,Mortgage,592401,6.08,30,Paid Off,0,2021-12-30
707972,116077,Auto Loan,53492,9.58,3,Paid Off,0,2025-01-10
707973,131767,Mortgage,159961,5.72,30,Paid Off,0,2023-12-19
707974,101786,Business Loan,186084,5.95,10,Active,0,2024-07-31
707975,112701,Business Loan,79518,6.42,5,Defaulted,1,2022-08-04
707976,129386,Personal Loan,4807,3.55,3,Defaulted,1,2024-05-30
707977,111477,Business Loan,32117,4.76,5,Active,0,2023-10-06
707978,117291,Auto Loan,38153,5.84,3,Defaulted,1,2024-07-28
707979,115985,Personal Loan,21996,5.66,3,Paid Off,0,2024-04-12
707980,147961,Business Loan,218634,5.15,10,Defaulted,1,2024-04-15
707981,114359,Business Loan,243409,4.9,10,Paid Off,0,2025-07-14
707982,108844,Personal Loan,19986,10.09,5,Paid Off,0,2023-11-06
707983,114686,Mortgage,311969,5.35,30,Paid Off,0,2021-09-09
707984,113488,Personal Loan,14675,6.14,1,Paid Off,0,2022-02-17
707985,137838,Auto Loan,31125,9.51,5,Active,0,2023-04-08
707986,149208,Personal Loan,21111,10.27,5,Active,0,2024-10-20
707987,130696,Mortgage,456109,3.89,30,Paid Off,0,2024-05-22
707988,128433,Auto Loan,45809,6.27,6,Active,0,2022-01-08
707989,106383,Business Loan,200985,5.28,5,Active,0,2023-02-07
707990,141078,Auto Loan,59548,4.86,5,Active,0,2021-10-06
707991,113997,Business Loan,213454,5.91,10,Active,0,2023-06-26
707992,140177,Mortgage,457439,3.83,30,Active,0,2023-04-30
707993,124521,Business Loan,99471,11.05,10,Paid Off,0,2025-09-24
707994,107184,Mortgage,412477,6.74,30,Paid Off,0,2021-09-08
707995,117190,Business Loan,221600,4.61,10,Paid Off,0,2022-01-01
707996,135574,Personal Loan,21355,6.88,5,Paid Off,0,2023-05-09
707997,140364,Mortgage,173832,5.29,30,Paid Off,0,2023-02-08
707998,105881,Mortgage,392428,5.28,30,Paid Off,0,2024-03-10
707999,113252,Personal Loan,2059,5.78,1,Active,0,2022-06-12
708000,119174,Mortgage,450189,6.61,30,Active,0,2022-12-16
708001,103305,Mortgage,351082,8.51,30,Paid Off,0,2026-04-12
708002,123873,Mortgage,508812,8.56,30,Active,0,2021-11-03
708003,145958,Business Loan,31230,8.46,10,Active,0,2022-09-19
708004,136032,Personal Loan,2557,3.78,1,Active,0,2025-04-18
708005,123302,Auto Loan,53441,4.26,3,Paid Off,0,2025-05-24
708006,103064,Business Loan,52337,6.6,5,Paid Off,0,2021-10-10
708007,143140,Mortgage,307975,6.51,30,Paid Off,0,2022-05-23
708008,137031,Business Loan,89764,6.8,5,Paid Off,0,2026-01-01
708009,137776,Business Loan,224032,4.5,10,Active,0,2025-05-20
708010,147758,Personal Loan,13584,5.78,1,Paid Off,0,2025-01-21
708011,106181,Business Loan,213370,10.83,5,Paid Off,0,2023-10-29
708012,113577,Auto Loan,41414,5.37,3,Active,0,2022-07-03
708013,146618,Mortgage,198853,4.76,30,Paid Off,0,2021-08-08
708014,132465,Mortgage,349702,10.31,30,Active,0,2026-03-31
708015,121039,Personal Loan,9597,5.26,5,Paid Off,0,2025-11-16
708016,120340,Mortgage,483714,6.82,30,Paid Off,0,2022-09-19
708017,134144,Business Loan,175217,3.72,10,Active,0,2024-06-28
708018,141631,Business Loan,178381,4.0,10,Active,0,2023-12-01
708019,123261,Business Loan,25522,4.84,5,Paid Off,0,2024-01-11
708020,130307,Mortgage,342521,5.69,30,Active,0,2024-01-02
708021,100324,Mortgage,276774,4.01,30,Paid Off,0,2024-11-28
708022,145338,Personal Loan,7634,7.19,5,Active,0,2024-03-04
708023,114509,Business Loan,195856,11.14,5,Active,0,2025-08-03
708024,119884,Mortgage,329203,4.78,30,Paid Off,0,2023-05-02
708025,129104,Auto Loan,35385,4.64,6,Active,0,2023-07-02
708026,127880,Mortgage,549450,9.29,30,Paid Off,0,2024-01-17
708027,139053,Personal Loan,13208,4.27,3,Active,0,2021-11-14
708028,102541,Personal Loan,14331,6.92,5,Defaulted,1,2023-01-16
708029,119916,Personal Loan,11464,6.85,3,Paid Off,0,2023-07-24
708030,126409,Auto Loan,11416,4.2,5,Paid Off,0,2022-09-27
708031,144554,Mortgage,357017,6.5,30,Defaulted,1,2025-12-31
708032,108368,Auto Loan,57029,5.45,6,Paid Off,0,2021-10-21
708033,123445,Personal Loan,22991,4.05,3,Paid Off,0,2024-03-14
708034,100080,Mortgage,350216,6.38,30,Paid Off,0,2021-08-06
708035,120048,Business Loan,33118,6.7,10,Active,0,2022-12-21
708036,101803,Auto Loan,57904,6.28,5,Paid Off,0,2022-04-26
708037,135807,Auto Loan,47172,5.49,6,Active,0,2022-09-14
708038,107625,Auto Loan,40296,6.74,5,Active,0,2022-03-06
708039,149095,Business Loan,173562,4.17,5,Active,0,2023-09-08
708040,109061,Personal Loan,21606,3.99,3,Active,0,2021-11-13
708041,101106,Auto Loan,30231,5.87,3,Paid Off,0,2021-09-11
708042,148349,Mortgage,150436,6.81,30,Paid Off,0,2021-11-08
708043,111081,Auto Loan,55549,10.52,5,Paid Off,0,2021-11-29
708044,140803,Personal Loan,1062,3.99,5,Defaulted,1,2022-05-10
708045,122723,Mortgage,209747,10.52,30,Paid Off,0,2023-10-06
708046,118965,Business Loan,188912,6.11,10,Paid Off,0,2021-08-24
708047,113988,Business Loan,200076,6.35,5,Paid Off,0,2023-08-12
708048,120088,Mortgage,356111,4.26,30,Active,0,2025-02-12
708049,120824,Personal Loan,23985,8.15,5,Defaulted,1,2021-10-28
708050,146082,Mortgage,296809,5.86,30,Active,0,2025-06-26
708051,117385,Business Loan,32762,4.84,5,Defaulted,1,2025-11-04
708052,138788,Mortgage,567478,4.67,30,Active,0,2022-08-02
708053,126030,Mortgage,256417,10.91,30,Active,0,2024-01-17
708054,102992,Mortgage,509656,5.39,30,Paid Off,0,2024-03-29
708055,105181,Auto Loan,44451,6.99,3,Active,0,2022-11-14
708056,115130,Mortgage,459472,6.64,30,Active,0,2024-09-06
708057,100323,Personal Loan,17045,10.47,5,Paid Off,0,2023-03-18
708058,122533,Auto Loan,52720,4.58,3,Paid Off,0,2021-12-21
708059,112051,Auto Loan,11521,5.82,5,Paid Off,0,2025-03-15
708060,108161,Mortgage,579788,6.14,30,Paid Off,0,2025-10-16
708061,120757,Personal Loan,11613,6.43,1,Paid Off,0,2024-08-27
708062,129617,Auto Loan,46847,5.5,5,Paid Off,0,2021-11-06
708063,115226,Business Loan,44502,8.57,10,Active,0,2022-09-09
708064,108337,Mortgage,425170,8.24,30,Paid Off,0,2022-10-01
708065,119700,Personal Loan,9048,5.05,1,Paid Off,0,2023-03-05
708066,124166,Mortgage,431986,6.39,30,Active,0,2025-12-31
708067,128192,Business Loan,154914,6.81,10,Active,0,2025-06-27
708068,109804,Auto Loan,47126,5.03,3,Active,0,2022-10-01
708069,141526,Mortgage,231048,8.02,30,Defaulted,1,2025-12-28
708070,121431,Mortgage,391322,4.52,30,Active,0,2021-08-02
708071,140932,Personal Loan,19692,9.46,5,Paid Off,0,2025-01-18
708072,138386,Business Loan,189960,8.74,10,Active,0,2023-02-07
708073,110855,Business Loan,228157,5.12,5,Active,0,2026-03-27
708074,129599,Mortgage,260305,6.13,30,Active,0,2025-07-23
708075,126332,Business Loan,91940,3.99,10,Active,0,2024-01-07
708076,129747,Auto Loan,34774,4.03,6,Paid Off,0,2025-08-14
708077,118590,Mortgage,502419,11.6,30,Active,0,2025-10-07
708078,124165,Auto Loan,54947,6.72,6,Paid Off,0,2024-03-23
708079,110949,Personal Loan,17789,5.03,3,Active,0,2025-08-03
708080,144858,Mortgage,396607,3.81,30,Paid Off,0,2025-01-02
708081,124157,Mortgage,240945,4.14,30,Active,0,2023-10-28
708082,146302,Business Loan,222723,4.78,5,Paid Off,0,2026-01-24
708083,134534,Auto Loan,31805,10.18,5,Active,0,2026-02-05
708084,119766,Business Loan,99980,9.92,10,Paid Off,0,2025-08-24
708085,139678,Auto Loan,57590,4.23,6,Paid Off,0,2023-11-25
708086,101684,Personal Loan,7075,5.16,5,Active,0,2024-10-07
708087,145266,Business Loan,239006,6.38,5,Paid Off,0,2022-03-06
708088,124674,Business Loan,134924,6.62,10,Active,0,2024-04-08
708089,100120,Mortgage,194201,3.7,30,Paid Off,0,2025-03-14
708090,143101,Auto Loan,44787,6.95,5,Active,0,2023-01-19
708091,119308,Business Loan,219768,5.84,10,Active,0,2026-01-03
708092,102744,Personal Loan,6285,4.63,5,Active,0,2025-04-02
708093,117662,Mortgage,570905,10.77,30,Active,0,2026-07-11
708094,100950,Business Loan,44539,3.79,5,Paid Off,0,2022-11-12
708095,122047,Personal Loan,20296,4.25,3,Paid Off,0,2025-07-31
708096,104062,Personal Loan,14820,7.52,1,Paid Off,0,2023-02-06
708097,149549,Auto Loan,56040,7.61,6,Paid Off,0,2025-08-14
708098,103510,Auto Loan,27244,5.28,5,Active,0,2024-04-07
708099,147329,Personal Loan,16566,11.14,1,Paid Off,0,2026-01-01
708100,108850,Business Loan,142090,4.66,5,Paid Off,0,2025-03-01
708101,110512,Business Loan,33925,4.37,10,Paid Off,0,2022-05-25
708102,106425,Mortgage,173537,4.31,30,Active,0,2026-04-25
708103,123144,Auto Loan,19904,5.98,6,Active,0,2022-07-18
708104,117702,Auto Loan,32400,6.19,5,Paid Off,0,2024-12-16
708105,102325,Personal Loan,21317,6.89,1,Paid Off,0,2022-12-06
708106,130401,Mortgage,549988,6.51,30,Defaulted,1,2025-10-31
708107,131683,Mortgage,321759,6.67,30,Active,0,2024-12-09
708108,147122,Personal Loan,16960,6.41,3,Active,0,2026-06-01
708109,139060,Business Loan,93742,6.55,5,Paid Off,0,2022-01-09
708110,144759,Personal Loan,9582,9.24,3,Paid Off,0,2025-06-22
708111,132200,Personal Loan,20997,6.91,3,Paid Off,0,2025-10-03
708112,138076,Auto Loan,12141,3.6,5,Paid Off,0,2023-10-17
708113,139746,Business Loan,65399,6.66,5,Active,0,2026-03-21
708114,101068,Mortgage,270570,3.69,30,Paid Off,0,2022-03-12
708115,147071,Auto Loan,42477,5.03,3,Paid Off,0,2023-03-16
708116,137250,Personal Loan,12058,6.31,1,Active,0,2023-10-01
708117,137944,Mortgage,420657,5.07,30,Paid Off,0,2023-07-14
708118,106524,Auto Loan,38071,9.31,3,Active,0,2022-07-12
708119,142746,Auto Loan,47465,5.1,6,Paid Off,0,2026-01-13
708120,141371,Business Loan,134895,6.86,5,Active,0,2025-12-26
708121,145478,Personal Loan,24378,4.32,1,Active,0,2023-01-13
708122,129082,Auto Loan,57968,5.82,3,Paid Off,0,2024-02-26
708123,124793,Mortgage,549108,5.67,30,Paid Off,0,2023-05-12
708124,127695,Personal Loan,24414,5.23,3,Active,0,2025-11-03
708125,149670,Mortgage,526267,4.72,30,Defaulted,1,2022-02-05
708126,142108,Mortgage,301555,11.18,30,Paid Off,0,2025-08-05
708127,102778,Business Loan,89270,5.86,10,Active,0,2022-04-07
708128,117599,Personal Loan,6239,4.51,5,Active,0,2021-11-27
708129,147027,Auto Loan,34854,6.64,3,Active,0,2023-06-10
708130,137013,Mortgage,169037,6.99,30,Paid Off,0,2022-12-14
708131,117516,Personal Loan,2052,5.93,5,Paid Off,0,2022-09-20
708132,132337,Mortgage,353893,5.44,30,Active,0,2022-11-18
708133,126343,Personal Loan,4324,10.42,5,Active,0,2024-05-31
708134,110733,Business Loan,127946,7.64,5,Active,0,2022-07-10
708135,122330,Personal Loan,1727,4.29,5,Active,0,2026-03-28
708136,117961,Mortgage,592020,6.98,30,Paid Off,0,2024-08-06
708137,139457,Personal Loan,19405,6.66,5,Active,0,2026-02-14
708138,148260,Mortgage,534119,5.38,30,Paid Off,0,2025-11-04
708139,113996,Auto Loan,26502,6.77,5,Paid Off,0,2023-12-31
708140,134551,Personal Loan,14270,6.73,3,Active,0,2026-05-18
708141,142010,Personal Loan,22232,5.61,3,Active,0,2025-06-18
708142,131686,Mortgage,407821,3.74,30,Active,0,2022-05-21
708143,103581,Auto Loan,50114,8.24,3,Active,0,2022-05-07
708144,120971,Business Loan,234983,6.23,5,Paid Off,0,2024-10-29
708145,126333,Personal Loan,22460,4.9,5,Paid Off,0,2026-05-29
708146,146164,Business Loan,174674,3.63,5,Paid Off,0,2023-07-31
708147,127336,Business Loan,144633,11.91,5,Paid Off,0,2024-07-16
708148,120688,Personal Loan,19747,6.59,1,Paid Off,0,2023-09-14
708149,127062,Mortgage,494004,6.51,30,Paid Off,0,2023-01-06
708150,116426,Personal Loan,21225,11.93,3,Paid Off,0,2023-07-03
708151,137836,Business Loan,74609,8.14,5,Paid Off,0,2023-03-23
708152,109441,Business Loan,171059,9.72,10,Active,0,2024-03-10
708153,126985,Business Loan,89798,10.2,5,Active,0,2025-08-05
708154,116971,Mortgage,344223,6.62,30,Active,0,2025-12-22
708155,148071,Auto Loan,35619,4.08,3,Active,0,2026-02-12
708156,101635,Mortgage,575409,4.54,30,Active,0,2024-01-15
708157,124965,Business Loan,87082,6.28,5,Paid Off,0,2025-05-12
708158,149220,Personal Loan,7177,5.7,5,Active,0,2026-01-23
708159,113989,Mortgage,470669,4.08,30,Active,0,2025-02-01
708160,144579,Business Loan,63787,6.09,5,Active,0,2021-08-12
708161,122213,Personal Loan,4087,8.01,1,Active,0,2025-03-08
708162,149976,Personal Loan,9068,4.15,3,Active,0,2022-08-18
708163,115420,Auto Loan,45521,6.63,6,Paid Off,0,2022-02-25
708164,119357,Mortgage,386592,6.17,30,Paid Off,0,2023-09-29
708165,136118,Auto Loan,20005,5.08,5,Active,0,2026-01-16
708166,134456,Business Loan,46571,5.37,5,Paid Off,0,2022-11-19
708167,119092,Personal Loan,15670,5.25,3,Active,0,2022-05-16
708168,137217,Business Loan,70314,6.4,10,Active,0,2022-07-23
708169,143959,Personal Loan,8791,5.46,3,Paid Off,0,2024-11-17
708170,103798,Auto Loan,27450,3.95,3,Paid Off,0,2022-11-02
708171,142175,Personal Loan,13162,3.86,1,Active,0,2025-09-23
708172,142114,Auto Loan,55160,5.45,3,Paid Off,0,2026-03-29
708173,114769,Personal Loan,24963,4.13,5,Paid Off,0,2021-10-29
708174,129347,Business Loan,133701,6.28,5,Active,0,2025-07-04
708175,130915,Personal Loan,24763,8.13,5,Active,0,2022-05-27
708176,112528,Personal Loan,14930,4.56,3,Active,0,2022-05-27
708177,146536,Mortgage,474300,6.93,30,Paid Off,0,2024-01-31
708178,100802,Mortgage,376687,11.36,30,Active,0,2025-12-20
708179,146383,Personal Loan,15013,7.54,5,Paid Off,0,2023-05-20
708180,149992,Business Loan,221204,11.97,5,Active,0,2026-06-03
708181,109420,Business Loan,111367,6.53,10,Active,0,2024-05-16
708182,125580,Mortgage,219883,5.25,30,Paid Off,0,2024-06-19
708183,128154,Mortgage,236598,11.65,30,Active,0,2023-04-19
708184,140266,Mortgage,339463,4.97,30,Active,0,2024-06-21
708185,103905,Mortgage,297444,5.39,30,Active,0,2022-02-18
708186,112338,Auto Loan,25100,6.08,6,Active,0,2024-09-18
708187,110506,Mortgage,342776,6.32,30,Paid Off,0,2024-01-13
708188,109234,Auto Loan,39408,6.22,3,Active,0,2024-03-15
708189,136096,Business Loan,77690,10.68,10,Active,0,2023-02-09
708190,148889,Business Loan,249159,3.92,10,Defaulted,1,2024-11-11
708191,123367,Mortgage,344240,4.27,30,Paid Off,0,2023-02-06
708192,118517,Personal Loan,23248,6.42,1,Paid Off,0,2025-01-03
708193,100772,Auto Loan,48756,11.13,5,Paid Off,0,2023-04-29
708194,110660,Personal Loan,18106,3.96,3,Paid Off,0,2024-06-21
708195,128353,Mortgage,588653,8.75,30,Paid Off,0,2022-01-23
708196,122947,Auto Loan,58074,6.68,6,Active,0,2024-10-26
708197,118662,Auto Loan,55822,9.87,3,Active,0,2025-04-07
708198,111715,Business Loan,211398,5.04,5,Active,0,2024-10-17
708199,138099,Personal Loan,15653,10.96,1,Paid Off,0,2024-10-31
708200,105040,Mortgage,519166,6.47,30,Paid Off,0,2025-04-09
708201,142803,Mortgage,518866,6.87,30,Active,0,2024-08-21
708202,146072,Auto Loan,18564,6.54,6,Active,0,2024-03-22
708203,105959,Auto Loan,24158,8.23,3,Active,0,2025-01-06
708204,130455,Mortgage,535643,5.09,30,Paid Off,0,2022-08-24
708205,120375,Business Loan,82775,6.64,5,Active,0,2022-10-23
708206,114222,Mortgage,264985,6.68,30,Active,0,2023-02-12
708207,122529,Business Loan,161292,6.57,10,Paid Off,0,2021-08-08
708208,114203,Mortgage,389405,6.68,30,Active,0,2025-09-07
708209,131798,Business Loan,231672,10.04,10,Paid Off,0,2024-06-19
708210,133946,Business Loan,165578,5.11,10,Paid Off,0,2026-04-22
708211,147616,Personal Loan,16902,9.52,5,Active,0,2021-11-24
708212,129976,Business Loan,186034,10.3,5,Active,0,2023-06-10
708213,107402,Personal Loan,3883,5.94,5,Paid Off,0,2026-07-17
708214,139322,Auto Loan,52870,8.25,6,Paid Off,0,2023-12-14
708215,139584,Mortgage,583596,10.58,30,Paid Off,0,2024-02-02
708216,141415,Mortgage,549334,6.18,30,Active,0,2026-04-18
708217,115853,Personal Loan,5378,6.92,3,Paid Off,0,2024-10-10
708218,103944,Personal Loan,1333,5.54,1,Active,0,2022-06-22
708219,114883,Auto Loan,25214,9.18,3,Active,0,2024-12-31
708220,107305,Personal Loan,1655,5.4,5,Paid Off,0,2024-03-26
708221,137961,Auto Loan,13667,5.9,3,Active,0,2025-10-28
708222,135317,Mortgage,434238,7.47,30,Paid Off,0,2026-07-11
708223,109084,Business Loan,29361,3.51,10,Paid Off,0,2023-05-18
708224,107563,Business Loan,247252,8.55,10,Active,0,2021-12-08
708225,145231,Business Loan,43395,5.09,10,Paid Off,0,2024-11-30
708226,136669,Business Loan,136097,4.67,5,Active,0,2022-03-19
708227,119652,Business Loan,109883,10.39,10,Active,0,2021-08-14
708228,147020,Personal Loan,14579,7.01,5,Paid Off,0,2025-08-24
708229,120201,Auto Loan,25653,4.0,3,Active,0,2026-07-16
708230,135496,Auto Loan,11552,5.43,5,Active,0,2025-10-30
708231,103231,Business Loan,221859,7.24,5,Paid Off,0,2023-04-29
708232,143204,Personal Loan,17773,5.3,1,Active,0,2026-01-15
708233,140398,Auto Loan,23808,4.62,6,Defaulted,1,2023-04-07
708234,112593,Mortgage,524185,9.52,30,Paid Off,0,2023-11-15
708235,140174,Mortgage,183363,5.57,30,Active,0,2026-03-11
708236,144188,Auto Loan,48258,5.7,6,Active,0,2025-06-12
708237,100200,Mortgage,387622,5.78,30,Paid Off,0,2023-02-03
708238,131214,Auto Loan,42742,5.86,3,Paid Off,0,2024-05-13
708239,139676,Auto Loan,16817,4.9,6,Paid Off,0,2026-04-22
708240,115429,Personal Loan,4910,6.53,3,Paid Off,0,2024-01-16
708241,130939,Mortgage,243926,6.27,30,Active,0,2026-04-13
708242,131221,Personal Loan,10092,3.62,1,Active,0,2023-07-09
708243,134201,Personal Loan,15042,5.03,5,Active,0,2025-07-22
708244,148935,Mortgage,304761,11.37,30,Paid Off,0,2024-12-19
708245,147150,Auto Loan,38568,6.1,5,Paid Off,0,2026-03-12
708246,124410,Personal Loan,23604,6.21,5,Paid Off,0,2021-11-30
708247,117808,Personal Loan,23065,7.71,1,Paid Off,0,2021-11-07
708248,147267,Mortgage,279374,5.85,30,Paid Off,0,2025-11-18
708249,103755,Mortgage,458064,4.49,30,Paid Off,0,2024-07-16
708250,133141,Auto Loan,22732,6.09,3,Paid Off,0,2025-03-26
708251,112586,Mortgage,328545,6.16,30,Paid Off,0,2023-09-19
708252,130437,Personal Loan,7380,8.08,1,Defaulted,1,2025-10-03
708253,113328,Auto Loan,12040,10.02,6,Active,0,2024-10-24
708254,113061,Personal Loan,21347,8.71,5,Paid Off,0,2025-06-28
708255,128698,Business Loan,180658,6.23,10,Paid Off,0,2024-02-20
708256,104296,Business Loan,105744,7.42,10,Active,0,2025-09-15
708257,130195,Mortgage,360100,5.16,30,Active,0,2025-07-29
708258,138036,Mortgage,546103,6.27,30,Active,0,2022-10-22
708259,104750,Business Loan,214192,5.76,10,Defaulted,1,2021-11-04
708260,108648,Personal Loan,14364,6.64,5,Active,0,2022-02-20
708261,144354,Auto Loan,55017,5.86,5,Active,0,2023-03-16
708262,110636,Personal Loan,4813,9.4,5,Paid Off,0,2023-09-13
708263,119240,Business Loan,227043,6.15,5,Active,0,2025-11-11
708264,136309,Personal Loan,19939,10.76,1,Active,0,2023-02-06
708265,124333,Mortgage,397936,5.4,30,Active,0,2025-10-01
708266,146016,Mortgage,472350,6.19,30,Active,0,2023-12-30
708267,122907,Auto Loan,20137,3.88,3,Paid Off,0,2024-04-26
708268,148716,Business Loan,35438,6.5,10,Active,0,2024-10-25
708269,104556,Mortgage,377413,5.65,30,Paid Off,0,2022-01-26
708270,119922,Business Loan,70649,6.73,5,Active,0,2024-06-05
708271,128245,Business Loan,165562,5.98,10,Active,0,2024-02-16
708272,116261,Business Loan,239794,5.49,10,Active,0,2024-06-15
708273,120825,Auto Loan,56029,4.84,5,Paid Off,0,2023-07-03
708274,141175,Auto Loan,24141,4.43,3,Paid Off,0,2024-04-09
708275,136057,Mortgage,345972,3.81,30,Active,0,2026-06-24
708276,100857,Personal Loan,4662,5.01,3,Active,0,2022-07-25
708277,137968,Personal Loan,18229,4.84,5,Paid Off,0,2022-12-04
708278,127822,Personal Loan,11008,11.57,3,Paid Off,0,2024-12-20
708279,133346,Business Loan,100659,6.47,5,Active,0,2024-08-03
708280,131164,Auto Loan,36083,6.19,3,Paid Off,0,2026-01-01
708281,114283,Auto Loan,40304,7.75,6,Defaulted,1,2025-08-02
708282,120252,Business Loan,82798,5.48,5,Paid Off,0,2026-05-17
708283,105533,Mortgage,244205,5.41,30,Active,0,2021-11-09
708284,136334,Personal Loan,6858,7.95,1,Active,0,2023-09-10
708285,137214,Business Loan,79594,4.71,10,Paid Off,0,2023-06-13
708286,144000,Business Loan,241134,8.83,10,Active,0,2022-11-21
708287,101877,Auto Loan,30557,7.37,5,Active,0,2024-02-14
708288,129111,Business Loan,157094,6.15,5,Paid Off,0,2025-04-08
708289,128473,Business Loan,136451,5.09,5,Active,0,2023-12-27
708290,115027,Business Loan,51919,4.45,5,Active,0,2026-04-17
708291,125659,Auto Loan,41218,4.59,3,Active,0,2022-11-18
708292,125164,Business Loan,144656,6.76,10,Paid Off,0,2024-02-13
708293,106605,Auto Loan,16791,5.59,3,Active,0,2025-11-11
708294,122832,Business Loan,29922,8.95,5,Active,0,2021-08-17
708295,132075,Business Loan,141248,6.67,10,Paid Off,0,2025-03-23
708296,141212,Business Loan,91455,7.0,5,Active,0,2024-06-26
708297,100967,Auto Loan,24135,4.81,5,Active,0,2021-12-02
708298,145501,Business Loan,217783,8.48,10,Active,0,2022-08-19
708299,100747,Mortgage,311624,5.27,30,Active,0,2022-09-25
708300,117407,Mortgage,520394,7.96,30,Paid Off,0,2023-03-03
708301,101032,Mortgage,581290,5.4,30,Active,0,2025-06-05
708302,139774,Business Loan,163815,4.19,5,Paid Off,0,2023-01-21
708303,125160,Personal Loan,23769,4.67,5,Active,0,2023-04-06
708304,112287,Mortgage,278368,5.55,30,Paid Off,0,2025-03-30
708305,112037,Personal Loan,9408,6.04,1,Active,0,2022-10-06
708306,128010,Mortgage,595521,6.53,30,Paid Off,0,2025-07-22
708307,105270,Business Loan,141709,11.1,5,Active,0,2024-09-05
708308,104283,Mortgage,545581,5.53,30,Active,0,2023-05-01
708309,133454,Personal Loan,24091,4.7,1,Active,0,2025-01-02
708310,147536,Personal Loan,9395,5.06,5,Active,0,2022-08-19
708311,119679,Business Loan,238809,6.72,10,Paid Off,0,2025-08-25
708312,114552,Business Loan,228227,5.16,10,Paid Off,0,2026-03-24
708313,146176,Auto Loan,31536,5.26,5,Active,0,2021-12-26
708314,106758,Auto Loan,21700,11.17,3,Defaulted,1,2024-05-11
708315,140681,Mortgage,276975,11.42,30,Active,0,2023-04-16
708316,104903,Business Loan,204643,6.05,10,Paid Off,0,2022-05-18
708317,106693,Auto Loan,36650,6.63,5,Active,0,2026-06-21
708318,136039,Auto Loan,34112,8.91,5,Paid Off,0,2023-01-13
708319,120506,Business Loan,243600,8.95,5,Paid Off,0,2022-09-10
708320,129570,Business Loan,88978,6.29,5,Active,0,2022-08-11
708321,106935,Business Loan,31362,5.23,10,Paid Off,0,2023-08-30
708322,116711,Business Loan,88994,6.18,5,Paid Off,0,2024-11-11
708323,126353,Personal Loan,14190,6.69,5,Active,0,2024-08-26
708324,139637,Auto Loan,16108,5.74,6,Paid Off,0,2023-02-26
708325,129417,Mortgage,324487,5.69,30,Active,0,2022-08-31
708326,136998,Mortgage,231088,9.53,30,Active,0,2022-02-20
708327,119437,Personal Loan,9614,5.04,1,Active,0,2025-03-28
708328,133493,Mortgage,180354,6.57,30,Active,0,2021-10-02
708329,141421,Mortgage,324657,4.18,30,Paid Off,0,2025-07-29
708330,144419,Mortgage,209997,6.19,30,Paid Off,0,2023-03-06
708331,103075,Auto Loan,47799,4.89,5,Paid Off,0,2022-11-05
708332,144259,Personal Loan,9341,5.78,3,Paid Off,0,2021-11-12
708333,127583,Mortgage,494042,6.33,30,Defaulted,1,2025-09-27
708334,146000,Personal Loan,7495,4.56,5,Active,0,2024-10-31
708335,127404,Mortgage,570554,5.1,30,Paid Off,0,2026-05-02
708336,108675,Business Loan,175085,4.21,10,Paid Off,0,2024-06-27
708337,142187,Business Loan,135475,4.54,5,Active,0,2024-08-20
708338,147959,Business Loan,210215,4.84,10,Active,0,2024-03-24
708339,103563,Personal Loan,13623,3.77,1,Defaulted,1,2025-01-19
708340,149673,Auto Loan,26525,7.54,6,Active,0,2025-08-21
708341,126776,Personal Loan,15010,5.92,3,Active,0,2025-09-29
708342,103766,Business Loan,75711,6.99,10,Active,0,2023-12-17
708343,148089,Business Loan,145560,7.01,10,Paid Off,0,2023-07-16
708344,102029,Personal Loan,5816,3.59,1,Active,0,2021-10-08
708345,116549,Personal Loan,5775,5.9,1,Paid Off,0,2025-08-21
708346,112216,Personal Loan,22617,6.65,5,Active,0,2024-02-04
708347,144443,Auto Loan,42651,6.89,5,Paid Off,0,2023-09-08
708348,107193,Mortgage,560684,4.64,30,Active,0,2021-12-01
708349,121299,Business Loan,57771,5.71,10,Paid Off,0,2025-04-21
708350,109354,Auto Loan,32911,3.66,5,Paid Off,0,2025-12-04
708351,131837,Business Loan,63785,4.79,5,Paid Off,0,2022-05-05
708352,122691,Mortgage,387212,5.94,30,Active,0,2025-05-28
708353,112364,Business Loan,226298,3.61,10,Active,0,2024-07-04
708354,123008,Mortgage,547814,9.43,30,Paid Off,0,2025-07-15
708355,112757,Mortgage,298864,4.94,30,Active,0,2022-07-01
708356,102627,Mortgage,468160,4.14,30,Defaulted,1,2024-02-05
708357,111605,Mortgage,309066,6.65,30,Paid Off,0,2024-04-07
708358,129452,Auto Loan,39966,5.4,5,Active,0,2024-04-21
708359,102499,Mortgage,162703,5.95,30,Paid Off,0,2022-07-04
708360,145542,Auto Loan,42343,9.2,5,Active,0,2025-02-28
708361,100724,Personal Loan,22233,11.11,3,Paid Off,0,2022-10-27
708362,125697,Personal Loan,4078,4.94,5,Paid Off,0,2022-01-27
708363,103855,Mortgage,446010,6.14,30,Paid Off,0,2025-12-14
708364,117418,Personal Loan,22601,8.59,3,Active,0,2022-04-28
708365,109170,Personal Loan,18592,9.31,3,Paid Off,0,2023-10-24
708366,139196,Business Loan,70780,7.5,5,Paid Off,0,2024-03-10
708367,116152,Business Loan,179626,5.12,5,Paid Off,0,2022-08-27
708368,141088,Auto Loan,42238,5.45,5,Paid Off,0,2026-03-26
708369,136997,Auto Loan,12048,6.02,3,Active,0,2025-10-01
708370,112971,Personal Loan,3623,6.96,1,Paid Off,0,2023-01-26
708371,114565,Business Loan,215548,4.24,5,Paid Off,0,2021-07-21
708372,108220,Auto Loan,47239,7.03,5,Paid Off,0,2026-07-03
708373,116647,Business Loan,236080,3.81,10,Active,0,2026-04-09
708374,142865,Mortgage,235095,11.92,30,Active,0,2024-12-04
708375,114729,Mortgage,338797,4.62,30,Active,0,2025-05-30
708376,121229,Personal Loan,8158,6.77,3,Paid Off,0,2025-09-18
708377,117841,Personal Loan,12527,5.88,5,Paid Off,0,2024-06-14
708378,117582,Business Loan,140494,5.15,10,Active,0,2025-01-31
708379,144993,Business Loan,244218,5.52,5,Active,0,2023-05-02
708380,129194,Mortgage,370480,3.82,30,Paid Off,0,2025-06-03
708381,132678,Auto Loan,32285,9.97,5,Paid Off,0,2022-08-31
708382,133808,Personal Loan,5009,9.15,5,Active,0,2023-06-11
708383,114741,Auto Loan,37922,4.89,3,Paid Off,0,2024-09-04
708384,128442,Business Loan,134018,5.73,10,Active,0,2021-11-15
708385,116675,Personal Loan,22909,5.33,3,Paid Off,0,2025-06-15
708386,127697,Mortgage,160624,6.01,30,Active,0,2024-05-12
708387,134985,Mortgage,390516,8.06,30,Active,0,2026-02-27
708388,104237,Personal Loan,20038,5.3,3,Active,0,2025-08-28
708389,146453,Mortgage,463988,6.61,30,Paid Off,0,2026-05-11
708390,112639,Mortgage,481852,6.06,30,Paid Off,0,2024-11-10
708391,103356,Mortgage,231457,5.8,30,Paid Off,0,2024-04-09
708392,131479,Personal Loan,12739,9.23,3,Paid Off,0,2025-08-14
708393,136122,Business Loan,55458,10.67,5,Paid Off,0,2026-05-24
708394,148892,Personal Loan,11106,4.23,5,Active,0,2024-04-24
708395,114539,Auto Loan,48287,6.39,3,Paid Off,0,2023-12-03
708396,102662,Business Loan,183751,5.06,5,Paid Off,0,2022-01-14
708397,124543,Business Loan,240563,7.47,5,Paid Off,0,2023-06-18
708398,105102,Auto Loan,53451,6.6,6,Active,0,2022-01-31
708399,105548,Personal Loan,24077,9.22,3,Paid Off,0,2026-05-13
708400,131648,Auto Loan,47110,6.93,3,Active,0,2025-05-07
708401,102789,Personal Loan,9567,5.96,1,Active,0,2021-08-23
708402,137785,Business Loan,230551,6.88,5,Paid Off,0,2025-11-01
708403,142404,Business Loan,60967,5.87,10,Paid Off,0,2022-01-01
708404,124210,Personal Loan,23201,4.83,1,Active,0,2026-02-20
708405,121746,Personal Loan,7544,6.64,5,Active,0,2025-10-20
708406,137971,Business Loan,141026,11.7,5,Active,0,2022-02-19
708407,103548,Business Loan,168036,5.26,10,Active,0,2025-09-22
708408,106082,Business Loan,245039,7.67,5,Active,0,2024-01-21
708409,131995,Mortgage,461926,8.77,30,Active,0,2023-07-05
708410,125846,Business Loan,193727,6.87,10,Active,0,2022-08-06
708411,113956,Personal Loan,10149,5.09,3,Defaulted,1,2022-08-29
708412,142074,Personal Loan,22334,11.45,3,Paid Off,0,2025-02-09
708413,145868,Auto Loan,12688,6.2,5,Active,0,2023-01-09
708414,138337,Mortgage,292845,8.16,30,Active,0,2026-01-16
708415,120650,Business Loan,215538,4.31,5,Paid Off,0,2022-12-24
708416,147346,Auto Loan,22924,11.3,6,Active,0,2022-11-12
708417,135647,Personal Loan,22169,8.12,5,Paid Off,0,2023-01-06
708418,120956,Mortgage,403589,8.0,30,Paid Off,0,2024-07-12
708419,136341,Auto Loan,48203,10.21,3,Paid Off,0,2025-01-02
708420,119967,Personal Loan,4069,3.88,5,Paid Off,0,2023-07-23
708421,133558,Mortgage,403685,6.48,30,Active,0,2023-09-07
708422,142185,Personal Loan,1786,5.54,3,Paid Off,0,2022-05-04
708423,142575,Business Loan,201093,4.84,5,Active,0,2024-12-11
708424,130599,Mortgage,192361,9.43,30,Paid Off,0,2023-06-23
708425,103452,Auto Loan,13616,6.72,3,Defaulted,1,2024-01-07
708426,147861,Personal Loan,20624,5.2,3,Active,0,2022-01-05
708427,136762,Personal Loan,15652,6.57,3,Active,0,2022-12-09
708428,131487,Mortgage,334072,5.07,30,Paid Off,0,2024-09-10
708429,148543,Mortgage,405560,4.38,30,Active,0,2022-05-20
708430,132724,Auto Loan,59051,5.7,5,Paid Off,0,2024-10-16
708431,127680,Business Loan,142957,10.62,5,Defaulted,1,2022-07-22
708432,121898,Mortgage,318850,6.95,30,Paid Off,0,2024-11-18
708433,144100,Personal Loan,15389,6.34,3,Active,0,2024-07-16
708434,104337,Mortgage,357888,4.83,30,Active,0,2024-11-04
708435,116845,Mortgage,404114,11.02,30,Paid Off,0,2024-01-29
708436,102245,Auto Loan,22309,9.25,3,Paid Off,0,2025-04-30
708437,148913,Business Loan,66230,8.97,5,Paid Off,0,2025-10-01
708438,144026,Business Loan,74905,9.91,10,Active,0,2022-10-21
708439,136773,Auto Loan,17087,6.15,3,Active,0,2023-12-24
708440,142597,Business Loan,68643,4.4,5,Active,0,2024-10-11
708441,120861,Business Loan,188180,5.88,10,Paid Off,0,2021-11-23
708442,136596,Business Loan,200342,11.79,5,Active,0,2025-02-17
708443,114488,Mortgage,387095,11.5,30,Active,0,2025-09-26
708444,112515,Business Loan,107850,5.17,10,Active,0,2021-12-29
708445,121401,Business Loan,126091,5.51,5,Defaulted,1,2024-12-29
708446,134352,Personal Loan,20713,6.14,3,Paid Off,0,2023-11-13
708447,114643,Business Loan,42424,5.59,5,Active,0,2026-03-15
708448,146442,Auto Loan,49618,5.87,6,Paid Off,0,2024-12-18
708449,137808,Mortgage,358320,6.38,30,Paid Off,0,2022-03-21
708450,145524,Mortgage,326406,8.39,30,Active,0,2022-04-23
708451,129847,Mortgage,340106,4.82,30,Paid Off,0,2026-04-04
708452,126156,Auto Loan,45656,8.75,6,Active,0,2023-12-12
708453,126176,Personal Loan,4179,4.47,5,Active,0,2024-01-02
708454,147960,Business Loan,61303,5.53,5,Active,0,2025-03-07
708455,106920,Mortgage,594623,5.72,30,Paid Off,0,2022-06-10
708456,102304,Mortgage,501575,6.37,30,Paid Off,0,2024-01-20
708457,107974,Auto Loan,45906,6.97,6,Active,0,2022-11-27
708458,110996,Mortgage,545974,7.76,30,Active,0,2022-05-15
708459,101653,Mortgage,356699,6.12,30,Paid Off,0,2022-07-26
708460,119055,Business Loan,139194,7.95,10,Paid Off,0,2023-05-08
708461,139571,Auto Loan,51327,5.53,6,Paid Off,0,2026-02-22
708462,107117,Personal Loan,3916,11.72,3,Active,0,2025-10-12
708463,101243,Mortgage,281817,10.88,30,Paid Off,0,2021-09-23
708464,117204,Mortgage,269746,5.24,30,Defaulted,1,2021-08-06
708465,107679,Mortgage,486512,4.67,30,Paid Off,0,2023-03-19
708466,145390,Mortgage,489853,6.59,30,Paid Off,0,2026-05-18
708467,105031,Auto Loan,56175,4.63,5,Paid Off,0,2023-10-30
708468,147603,Personal Loan,20065,5.54,3,Paid Off,0,2025-10-17
708469,118618,Personal Loan,4277,5.22,5,Paid Off,0,2024-05-28
708470,119740,Mortgage,539430,5.79,30,Active,0,2024-08-10
708471,141187,Auto Loan,30159,6.1,5,Active,0,2024-05-29
708472,141205,Auto Loan,21906,5.61,5,Paid Off,0,2022-11-07
708473,114182,Business Loan,188148,5.55,10,Active,0,2023-05-18
708474,110477,Mortgage,421587,5.93,30,Paid Off,0,2024-08-22
708475,147558,Business Loan,157185,11.78,10,Paid Off,0,2021-08-30
708476,142637,Business Loan,138081,5.58,10,Active,0,2024-11-05
708477,143053,Auto Loan,54639,11.99,6,Paid Off,0,2023-03-12
708478,114631,Mortgage,301721,9.66,30,Paid Off,0,2024-06-08
708479,117730,Personal Loan,20362,7.94,1,Active,0,2024-09-28
708480,109287,Business Loan,91891,5.98,10,Defaulted,1,2023-08-22
708481,122111,Business Loan,145013,5.07,5,Paid Off,0,2022-05-19
708482,129254,Business Loan,138288,6.63,5,Paid Off,0,2025-04-03
708483,139005,Business Loan,88243,5.81,10,Paid Off,0,2026-04-29
708484,141070,Auto Loan,32745,6.5,5,Active,0,2022-03-10
708485,127070,Auto Loan,20982,3.7,6,Paid Off,0,2021-08-07
708486,129002,Auto Loan,41308,4.87,6,Paid Off,0,2025-04-22
708487,111331,Auto Loan,45638,4.89,3,Active,0,2024-11-08
708488,126131,Auto Loan,58110,4.51,5,Paid Off,0,2023-03-18
708489,142332,Auto Loan,35667,5.02,3,Paid Off,0,2022-03-27
708490,137059,Mortgage,205548,8.41,30,Paid Off,0,2022-07-25
708491,108899,Personal Loan,23753,6.17,5,Paid Off,0,2022-12-05
708492,115499,Business Loan,157677,10.88,5,Paid Off,0,2024-02-04
708493,139659,Personal Loan,11776,4.65,3,Active,0,2021-07-29
708494,122722,Business Loan,134470,5.18,5,Paid Off,0,2025-06-15
708495,132526,Mortgage,340375,6.24,30,Active,0,2023-05-08
708496,134752,Auto Loan,30935,11.12,6,Active,0,2023-05-04
708497,107385,Mortgage,159304,9.75,30,Paid Off,0,2022-05-23
708498,107956,Personal Loan,6237,8.61,3,Active,0,2021-10-19
708499,138103,Personal Loan,14322,3.74,5,Active,0,2021-08-02
708500,142615,Personal Loan,2858,11.39,5,Active,0,2025-04-11
708501,130051,Business Loan,110924,5.35,5,Paid Off,0,2023-01-03
708502,108206,Business Loan,99890,4.72,10,Paid Off,0,2026-04-04
708503,103568,Auto Loan,20506,4.14,6,Active,0,2024-03-06
708504,112733,Mortgage,152265,4.8,30,Defaulted,1,2022-10-23
708505,116085,Auto Loan,56875,6.0,5,Active,0,2023-10-29
708506,116342,Personal Loan,23264,8.8,5,Active,0,2023-11-22
708507,146794,Mortgage,398892,6.59,30,Defaulted,1,2024-10-10
708508,133230,Auto Loan,48643,5.53,3,Paid Off,0,2022-12-07
708509,142522,Personal Loan,11556,5.87,5,Paid Off,0,2026-06-12
708510,137925,Auto Loan,27714,4.6,3,Paid Off,0,2025-06-26
708511,111497,Auto Loan,42499,5.9,6,Paid Off,0,2021-09-30
708512,141507,Business Loan,78161,4.18,5,Paid Off,0,2022-06-02
708513,107947,Mortgage,441220,6.89,30,Active,0,2021-12-12
708514,116177,Personal Loan,18774,4.01,3,Paid Off,0,2025-10-30
708515,125941,Auto Loan,14310,4.35,5,Paid Off,0,2025-01-24
708516,145064,Auto Loan,44669,3.73,5,Active,0,2023-09-29
708517,143353,Auto Loan,13191,5.97,3,Active,0,2023-08-23
708518,148195,Personal Loan,13632,5.51,1,Paid Off,0,2021-08-02
708519,117052,Personal Loan,5630,4.84,1,Active,0,2023-06-16
708520,105225,Auto Loan,22253,4.37,5,Paid Off,0,2026-02-14
708521,101544,Personal Loan,9622,4.1,3,Paid Off,0,2025-01-03
708522,114731,Personal Loan,17036,4.29,3,Active,0,2021-12-02
708523,114084,Personal Loan,3636,5.94,3,Active,0,2021-11-13
708524,144502,Personal Loan,16770,10.76,3,Paid Off,0,2021-10-25
708525,140347,Personal Loan,12504,5.29,1,Active,0,2021-08-10
708526,101395,Personal Loan,22071,6.76,5,Paid Off,0,2025-10-17
708527,125193,Personal Loan,12436,5.16,1,Paid Off,0,2023-11-26
708528,121766,Auto Loan,32828,6.62,3,Active,0,2022-05-19
708529,132757,Mortgage,551256,6.77,30,Paid Off,0,2025-06-29
708530,104644,Business Loan,58614,5.93,5,Active,0,2025-03-20
708531,140076,Personal Loan,3175,3.99,3,Paid Off,0,2024-05-22
708532,146142,Business Loan,77440,6.19,10,Active,0,2023-01-09
708533,126561,Auto Loan,12542,6.34,6,Paid Off,0,2021-11-22
708534,126101,Auto Loan,10027,10.4,5,Active,0,2024-08-06
708535,110656,Personal Loan,23803,4.78,1,Paid Off,0,2026-04-20
708536,113278,Auto Loan,20566,3.63,6,Paid Off,0,2025-11-15
708537,114526,Auto Loan,46375,9.41,6,Paid Off,0,2024-12-04
708538,131961,Personal Loan,10764,9.17,1,Active,0,2026-01-09
708539,147688,Mortgage,213834,6.67,30,Active,0,2022-04-02
708540,131193,Mortgage,313913,8.79,30,Paid Off,0,2023-01-08
708541,111026,Personal Loan,10094,5.35,3,Active,0,2022-11-14
708542,108763,Business Loan,207418,4.44,10,Active,0,2021-09-27
708543,122238,Mortgage,320046,6.39,30,Active,0,2023-04-25
708544,111212,Auto Loan,33033,4.55,5,Paid Off,0,2023-07-22
708545,103507,Personal Loan,18319,5.2,3,Active,0,2022-03-04
708546,127089,Mortgage,190827,6.53,30,Active,0,2025-08-24
708547,109040,Personal Loan,10163,5.93,5,Active,0,2023-10-13
708548,134799,Auto Loan,28624,5.54,5,Active,0,2023-12-26
708549,124780,Auto Loan,50389,9.42,6,Paid Off,0,2022-06-04
708550,119898,Mortgage,196867,8.81,30,Active,0,2024-03-12
708551,129447,Auto Loan,45131,4.51,5,Paid Off,0,2022-03-18
708552,116880,Personal Loan,5900,8.02,1,Paid Off,0,2024-11-06
708553,129496,Personal Loan,14834,6.45,3,Paid Off,0,2026-02-03
708554,137585,Mortgage,222410,5.23,30,Paid Off,0,2025-01-07
708555,113041,Personal Loan,14060,11.98,1,Paid Off,0,2022-02-25
708556,138580,Mortgage,251894,6.64,30,Paid Off,0,2024-01-18
708557,105323,Personal Loan,11983,8.36,1,Paid Off,0,2022-02-03
708558,104009,Auto Loan,35591,6.47,5,Paid Off,0,2023-06-22
708559,137349,Business Loan,211351,9.49,10,Active,0,2025-07-23
708560,127061,Personal Loan,4045,3.65,3,Active,0,2025-07-28
708561,124633,Business Loan,109039,4.43,5,Active,0,2023-06-23
708562,112350,Mortgage,393962,4.83,30,Paid Off,0,2022-07-15
708563,104543,Mortgage,344911,5.6,30,Active,0,2024-02-18
708564,121241,Mortgage,256539,3.97,30,Active,0,2023-10-14
708565,138388,Auto Loan,15804,6.72,6,Active,0,2024-03-20
708566,105595,Auto Loan,41632,9.64,3,Paid Off,0,2024-11-21
708567,132946,Personal Loan,23585,6.38,3,Defaulted,1,2026-04-27
708568,124001,Auto Loan,40988,5.9,5,Active,0,2024-06-04
708569,141423,Personal Loan,10106,7.96,1,Paid Off,0,2023-01-11
708570,136829,Business Loan,176511,6.26,5,Paid Off,0,2024-12-31
708571,111890,Personal Loan,22432,6.5,3,Active,0,2023-07-15
708572,141765,Mortgage,363381,5.71,30,Active,0,2024-04-15
708573,107449,Auto Loan,10062,3.94,3,Paid Off,0,2025-09-07
708574,120206,Business Loan,50574,10.33,10,Paid Off,0,2025-04-22
708575,114286,Personal Loan,9759,5.68,1,Paid Off,0,2025-05-22
708576,119090,Mortgage,240649,6.98,30,Active,0,2023-03-08
708577,136083,Mortgage,389357,4.57,30,Paid Off,0,2024-11-21
708578,140434,Personal Loan,18899,6.57,1,Active,0,2021-12-11
708579,116714,Mortgage,493148,8.9,30,Paid Off,0,2025-08-27
708580,129085,Personal Loan,17394,7.91,5,Active,0,2024-08-02
708581,140310,Personal Loan,17273,3.61,1,Active,0,2024-04-11
708582,130772,Business Loan,248294,9.12,5,Paid Off,0,2023-06-22
708583,128943,Business Loan,124901,4.52,5,Paid Off,0,2024-02-21
708584,149093,Business Loan,218867,5.67,5,Paid Off,0,2023-12-22
708585,119808,Personal Loan,14393,6.02,1,Paid Off,0,2024-03-27
708586,138187,Personal Loan,13265,4.17,1,Active,0,2026-05-28
708587,124650,Mortgage,251153,5.63,30,Paid Off,0,2021-11-28
708588,148259,Mortgage,265041,9.7,30,Defaulted,1,2023-10-13
708589,136467,Mortgage,539474,5.55,30,Active,0,2021-08-13
708590,106600,Business Loan,200269,6.96,10,Paid Off,0,2022-08-15
708591,129337,Auto Loan,31507,6.76,3,Active,0,2021-10-14
708592,107861,Business Loan,158486,10.02,5,Paid Off,0,2025-04-13
708593,135413,Mortgage,284528,5.4,30,Paid Off,0,2023-08-08
708594,109584,Business Loan,125613,5.43,5,Active,0,2025-11-03
708595,132985,Mortgage,304641,4.67,30,Active,0,2024-05-01
708596,106552,Business Loan,149080,10.27,5,Active,0,2021-07-17
708597,122914,Mortgage,361662,9.96,30,Active,0,2023-05-05
708598,139352,Personal Loan,1365,10.28,3,Active,0,2025-01-14
708599,119949,Personal Loan,23707,6.54,5,Active,0,2023-04-26
708600,114304,Business Loan,245911,5.69,10,Defaulted,1,2025-08-12
708601,135860,Mortgage,454207,4.26,30,Active,0,2022-03-18
708602,102300,Personal Loan,5382,7.32,1,Paid Off,0,2023-01-15
708603,118498,Business Loan,216823,3.52,5,Paid Off,0,2024-01-21
708604,107173,Auto Loan,56413,9.72,6,Paid Off,0,2021-11-28
708605,106708,Business Loan,192869,4.85,5,Paid Off,0,2025-09-04
708606,126936,Personal Loan,14822,5.18,5,Active,0,2021-12-28
708607,117571,Business Loan,81470,4.5,10,Paid Off,0,2021-10-26
708608,115246,Auto Loan,37051,3.97,5,Paid Off,0,2023-01-03
708609,135665,Business Loan,85996,4.33,5,Paid Off,0,2025-07-15
708610,104589,Business Loan,83960,5.79,5,Active,0,2023-05-22
708611,125790,Mortgage,237511,6.5,30,Active,0,2024-11-28
708612,108592,Business Loan,223605,5.7,5,Paid Off,0,2022-09-04
708613,132425,Business Loan,192474,6.78,5,Active,0,2022-06-14
708614,113282,Personal Loan,14987,6.26,3,Paid Off,0,2021-09-03
708615,114092,Business Loan,132108,5.5,10,Active,0,2024-10-26
708616,138496,Personal Loan,22959,5.65,1,Paid Off,0,2022-04-18
708617,148894,Auto Loan,28474,11.38,3,Active,0,2025-12-09
708618,132326,Personal Loan,4756,5.46,1,Active,0,2024-04-22
708619,124424,Business Loan,227152,6.89,5,Paid Off,0,2024-12-17
708620,122978,Business Loan,177442,5.46,5,Paid Off,0,2022-09-08
708621,125684,Personal Loan,13318,5.22,5,Active,0,2024-01-19
708622,119391,Mortgage,349594,10.15,30,Active,0,2024-09-15
708623,116053,Personal Loan,13863,3.69,5,Active,0,2024-12-08
708624,117479,Mortgage,156369,7.76,30,Active,0,2024-02-20
708625,147189,Business Loan,201729,6.29,10,Defaulted,1,2026-04-10
708626,146021,Auto Loan,44897,8.11,5,Active,0,2024-11-23
708627,102824,Auto Loan,39148,10.16,6,Paid Off,0,2023-06-18
708628,101647,Business Loan,229843,6.46,5,Paid Off,0,2022-03-07
708629,106206,Personal Loan,10766,4.69,3,Paid Off,0,2026-06-23
708630,122624,Business Loan,110268,5.11,5,Paid Off,0,2025-10-15
708631,113897,Auto Loan,14189,5.13,3,Active,0,2024-11-01
708632,136003,Business Loan,45194,4.74,10,Active,0,2023-09-21
708633,116355,Auto Loan,39326,7.15,5,Active,0,2024-11-24
708634,148235,Personal Loan,19473,5.76,1,Paid Off,0,2026-07-17
708635,111993,Personal Loan,14377,8.15,3,Paid Off,0,2026-01-01
708636,100740,Business Loan,80445,4.57,5,Active,0,2026-04-28
708637,108952,Personal Loan,2508,6.8,3,Paid Off,0,2023-06-27
708638,122567,Personal Loan,14751,5.33,1,Paid Off,0,2023-08-04
708639,126328,Auto Loan,14392,4.78,3,Active,0,2022-03-01
708640,148992,Auto Loan,26680,6.89,3,Paid Off,0,2024-05-03
708641,121478,Auto Loan,46838,3.52,3,Active,0,2025-08-25
708642,122379,Auto Loan,26583,6.37,5,Active,0,2022-09-07
708643,136748,Mortgage,154747,3.52,30,Active,0,2025-03-22
708644,132372,Personal Loan,12021,11.24,1,Paid Off,0,2021-12-03
708645,148229,Mortgage,177600,5.26,30,Paid Off,0,2024-09-03
708646,119850,Business Loan,60042,4.74,10,Active,0,2023-02-14
708647,134471,Mortgage,184750,10.85,30,Active,0,2023-10-24
708648,134280,Auto Loan,15058,6.01,5,Active,0,2025-11-05
708649,132908,Business Loan,40492,6.1,5,Active,0,2023-06-06
708650,139858,Business Loan,101976,6.23,5,Active,0,2022-11-21
708651,105766,Business Loan,173310,7.43,10,Active,0,2022-08-12
708652,122868,Personal Loan,18346,8.72,1,Active,0,2023-07-25
708653,123262,Auto Loan,47710,6.41,3,Paid Off,0,2024-06-02
708654,147167,Business Loan,171267,3.74,10,Active,0,2022-09-26
708655,121772,Business Loan,144658,5.83,5,Active,0,2023-05-10
708656,134930,Personal Loan,13351,3.61,3,Active,0,2022-08-18
708657,108305,Mortgage,460213,10.17,30,Defaulted,1,2023-04-20
708658,102848,Mortgage,498999,11.77,30,Paid Off,0,2022-04-06
708659,120568,Personal Loan,5389,5.31,3,Defaulted,1,2024-10-19
708660,121445,Personal Loan,6495,4.56,5,Paid Off,0,2025-08-18
708661,118091,Auto Loan,11154,4.88,6,Defaulted,1,2025-02-07
708662,113259,Auto Loan,38640,4.48,3,Paid Off,0,2023-12-18
708663,106863,Personal Loan,3984,6.09,1,Paid Off,0,2022-03-11
708664,127677,Mortgage,583341,3.93,30,Paid Off,0,2023-02-27
708665,132223,Mortgage,346194,9.63,30,Paid Off,0,2023-12-16
708666,120403,Business Loan,76906,6.58,5,Paid Off,0,2024-08-09
708667,128759,Mortgage,386861,7.74,30,Paid Off,0,2024-11-03
708668,111666,Business Loan,225540,5.44,10,Active,0,2022-06-20
708669,120060,Auto Loan,26177,5.23,3,Active,0,2023-09-15
708670,116921,Auto Loan,34718,6.63,5,Paid Off,0,2021-09-25
708671,115320,Personal Loan,8317,6.45,5,Active,0,2023-12-06
708672,138394,Mortgage,525506,4.08,30,Paid Off,0,2024-04-17
708673,140275,Auto Loan,44537,5.33,5,Active,0,2022-09-25
708674,126821,Auto Loan,58118,5.83,5,Active,0,2023-01-29
708675,128118,Business Loan,92203,6.91,5,Paid Off,0,2022-06-24
708676,122395,Business Loan,63396,4.0,10,Active,0,2022-12-20
708677,115368,Auto Loan,43161,7.2,3,Active,0,2024-06-10
708678,140666,Mortgage,164859,3.58,30,Paid Off,0,2023-04-03
708679,131940,Auto Loan,43430,11.13,3,Active,0,2024-03-23
708680,120349,Personal Loan,23973,3.66,5,Paid Off,0,2021-08-29
708681,101977,Auto Loan,24854,6.01,5,Active,0,2024-01-24
708682,141807,Business Loan,25930,5.97,5,Paid Off,0,2023-03-06
708683,105940,Auto Loan,50156,9.26,6,Defaulted,1,2025-02-23
708684,108939,Mortgage,263233,4.46,30,Active,0,2025-07-31
708685,139636,Personal Loan,8631,11.35,5,Active,0,2025-01-30
708686,133508,Mortgage,482660,5.6,30,Paid Off,0,2022-04-28
708687,108278,Mortgage,285745,6.77,30,Active,0,2023-10-01
708688,121835,Personal Loan,4290,9.62,1,Paid Off,0,2022-09-02
708689,138561,Business Loan,240185,10.29,10,Active,0,2026-03-09
708690,148189,Personal Loan,7232,6.37,3,Paid Off,0,2024-01-20
708691,130834,Business Loan,200362,8.05,5,Paid Off,0,2025-08-06
708692,106592,Mortgage,435007,4.12,30,Active,0,2025-02-13
708693,124799,Personal Loan,13326,9.74,3,Paid Off,0,2021-08-22
708694,105303,Business Loan,241769,6.37,5,Paid Off,0,2022-05-04
708695,135147,Mortgage,310939,5.72,30,Defaulted,1,2024-12-29
708696,130283,Auto Loan,24923,6.5,6,Active,0,2026-02-13
708697,117446,Personal Loan,12177,4.98,1,Active,0,2022-11-13
708698,113980,Mortgage,509008,3.76,30,Paid Off,0,2022-11-11
708699,139216,Personal Loan,15435,5.15,3,Paid Off,0,2023-03-05
708700,136271,Personal Loan,15751,5.4,5,Paid Off,0,2025-07-20
708701,138129,Business Loan,45516,5.66,5,Active,0,2021-12-31
708702,109314,Auto Loan,43905,6.85,3,Active,0,2026-06-09
708703,111843,Mortgage,302541,7.73,30,Active,0,2025-11-23
708704,149727,Business Loan,25900,9.62,10,Active,0,2022-03-18
708705,101052,Business Loan,223584,4.04,10,Paid Off,0,2024-05-29
708706,101984,Mortgage,564057,5.63,30,Paid Off,0,2025-05-15
708707,110852,Auto Loan,16286,3.78,3,Paid Off,0,2025-12-04
708708,148947,Business Loan,219414,4.81,5,Paid Off,0,2021-11-20
708709,115653,Business Loan,156034,5.6,5,Active,0,2023-06-18
708710,120190,Personal Loan,14546,5.09,3,Active,0,2026-04-05
708711,116404,Auto Loan,40067,4.41,3,Paid Off,0,2024-12-26
708712,107738,Mortgage,291078,6.22,30,Paid Off,0,2022-06-16
708713,134995,Auto Loan,23988,4.89,5,Active,0,2021-10-25
708714,134306,Mortgage,484642,9.08,30,Paid Off,0,2024-07-25
708715,127538,Personal Loan,23154,11.6,3,Paid Off,0,2025-09-30
708716,143293,Personal Loan,20243,5.97,5,Paid Off,0,2025-12-01
708717,143504,Business Loan,176390,5.51,5,Active,0,2025-02-26
708718,119976,Business Loan,139631,7.09,5,Defaulted,1,2022-01-09
708719,103945,Mortgage,354287,11.65,30,Active,0,2022-09-26
708720,148486,Personal Loan,21650,10.95,5,Paid Off,0,2023-05-28
708721,100940,Mortgage,476666,5.0,30,Active,0,2024-04-06
708722,111457,Personal Loan,1711,5.26,3,Paid Off,0,2023-02-11
708723,122033,Personal Loan,3045,3.86,3,Paid Off,0,2022-10-09
708724,137475,Personal Loan,5558,11.42,3,Paid Off,0,2023-05-08
708725,133033,Mortgage,363825,6.25,30,Paid Off,0,2023-04-26
708726,119805,Business Loan,83423,6.66,10,Paid Off,0,2024-02-27
708727,145590,Personal Loan,3701,3.64,5,Active,0,2025-02-07
708728,141210,Business Loan,112359,5.72,10,Active,0,2025-06-08
708729,133788,Mortgage,561079,5.19,30,Paid Off,0,2026-02-16
708730,134982,Auto Loan,56813,4.77,5,Paid Off,0,2023-10-30
708731,144647,Auto Loan,14912,6.99,5,Paid Off,0,2023-02-18
708732,131867,Mortgage,512277,7.71,30,Active,0,2022-06-08
708733,119618,Personal Loan,8949,8.06,3,Paid Off,0,2024-07-10
708734,106675,Mortgage,586297,5.08,30,Paid Off,0,2025-04-16
708735,122389,Business Loan,105464,3.6,10,Active,0,2022-08-25
708736,120788,Mortgage,315084,3.57,30,Active,0,2025-03-21
708737,124525,Business Loan,36137,5.22,5,Paid Off,0,2023-03-28
708738,139012,Business Loan,66716,8.07,5,Paid Off,0,2024-06-08
708739,121457,Personal Loan,23681,9.42,5,Active,0,2022-02-10
708740,110099,Business Loan,26029,6.67,5,Paid Off,0,2025-10-02
708741,107745,Auto Loan,13980,6.01,3,Paid Off,0,2024-04-23
708742,143539,Personal Loan,16250,5.63,3,Paid Off,0,2023-07-21
708743,112710,Personal Loan,18209,5.8,1,Paid Off,0,2025-01-11
708744,138147,Auto Loan,59377,9.8,5,Active,0,2023-05-02
708745,120404,Auto Loan,19959,5.95,5,Paid Off,0,2026-05-31
708746,116248,Personal Loan,17939,4.73,3,Paid Off,0,2022-05-15
708747,107705,Business Loan,65307,10.11,10,Paid Off,0,2022-03-13
708748,147205,Auto Loan,28734,6.47,6,Active,0,2023-09-23
708749,125555,Mortgage,479742,4.8,30,Paid Off,0,2022-08-29
708750,123285,Business Loan,126105,6.47,10,Active,0,2023-02-15
708751,149298,Mortgage,517804,6.29,30,Paid Off,0,2025-05-12
708752,118399,Auto Loan,30718,10.68,5,Paid Off,0,2025-03-01
708753,131155,Auto Loan,39533,10.2,6,Active,0,2025-05-17
708754,109830,Auto Loan,42317,5.98,5,Active,0,2025-04-09
708755,103391,Personal Loan,4124,6.85,1,Paid Off,0,2025-02-05
708756,119834,Auto Loan,23528,5.38,5,Active,0,2026-06-14
708757,112081,Auto Loan,44198,5.46,3,Paid Off,0,2022-04-06
708758,141116,Personal Loan,13666,6.58,5,Paid Off,0,2025-02-03
708759,109590,Personal Loan,15113,5.19,1,Active,0,2023-10-01
708760,101521,Personal Loan,15615,6.45,1,Active,0,2026-01-01
708761,103076,Business Loan,59363,8.77,10,Active,0,2023-06-29
708762,131188,Business Loan,182825,4.29,5,Paid Off,0,2023-10-12
708763,120499,Personal Loan,3874,4.99,5,Paid Off,0,2021-08-03
708764,109024,Auto Loan,42417,3.81,5,Paid Off,0,2023-04-11
708765,104047,Business Loan,35473,4.71,5,Active,0,2022-04-03
708766,101554,Mortgage,406337,10.29,30,Paid Off,0,2022-12-03
708767,114575,Personal Loan,10455,11.38,3,Paid Off,0,2024-07-02
708768,120063,Personal Loan,5141,6.51,5,Active,0,2024-11-28
708769,104915,Personal Loan,11893,4.83,3,Active,0,2023-08-06
708770,108582,Business Loan,172026,4.07,10,Paid Off,0,2023-04-29
708771,145098,Business Loan,183088,5.18,10,Active,0,2022-04-13
708772,143926,Personal Loan,18385,5.5,5,Active,0,2024-05-31
708773,106312,Auto Loan,38199,10.01,6,Paid Off,0,2025-09-14
708774,118307,Mortgage,473940,6.06,30,Active,0,2022-02-07
708775,123532,Business Loan,83207,8.73,10,Active,0,2025-07-14
708776,122249,Auto Loan,34139,6.45,3,Active,0,2023-07-07
708777,121334,Personal Loan,19862,6.28,3,Active,0,2022-09-26
708778,114737,Business Loan,31780,10.17,10,Active,0,2024-04-14
708779,124672,Auto Loan,25681,7.2,5,Paid Off,0,2024-07-21
708780,111836,Mortgage,194125,4.66,30,Active,0,2021-12-31
708781,145857,Mortgage,239222,7.71,30,Active,0,2023-09-11
708782,103416,Mortgage,238762,5.97,30,Active,0,2025-03-01
708783,111127,Personal Loan,4750,8.01,1,Paid Off,0,2023-03-27
708784,100516,Mortgage,449280,5.95,30,Active,0,2023-12-07
708785,108908,Auto Loan,23683,7.44,5,Paid Off,0,2023-05-17
708786,126896,Mortgage,196399,4.23,30,Paid Off,0,2024-03-15
708787,114188,Business Loan,169648,6.19,5,Active,0,2024-11-04
708788,112659,Mortgage,507029,4.78,30,Active,0,2023-08-15
708789,124141,Personal Loan,19486,6.25,1,Paid Off,0,2023-09-11
708790,125815,Business Loan,243127,8.04,5,Paid Off,0,2024-11-19
708791,136354,Auto Loan,26386,6.6,3,Paid Off,0,2025-01-02
708792,115680,Mortgage,297481,7.49,30,Paid Off,0,2023-10-01
708793,105991,Mortgage,370388,5.25,30,Paid Off,0,2022-11-08
708794,124688,Business Loan,209343,11.8,5,Active,0,2022-03-23
708795,114300,Personal Loan,10777,6.27,1,Paid Off,0,2026-05-24
708796,138377,Mortgage,537432,6.93,30,Active,0,2024-02-09
708797,117524,Auto Loan,17106,6.6,3,Active,0,2025-08-14
708798,124753,Personal Loan,16860,6.08,3,Active,0,2025-03-18
708799,109266,Business Loan,182874,4.95,10,Paid Off,0,2024-01-01
708800,108379,Personal Loan,12476,7.99,5,Paid Off,0,2022-04-12
708801,110964,Personal Loan,16459,4.11,5,Paid Off,0,2025-11-26
708802,127991,Personal Loan,24385,7.35,3,Active,0,2023-08-25
708803,120145,Business Loan,30941,6.06,10,Active,0,2022-02-19
708804,137121,Business Loan,108985,7.02,5,Active,0,2025-08-15
708805,139535,Mortgage,475884,6.51,30,Paid Off,0,2024-07-27
708806,100098,Personal Loan,1452,4.83,5,Paid Off,0,2024-03-18
708807,149917,Auto Loan,18357,4.83,5,Paid Off,0,2025-03-16
708808,129149,Personal Loan,13054,7.2,1,Active,0,2024-09-17
708809,144187,Mortgage,219337,6.44,30,Paid Off,0,2023-02-24
708810,132910,Personal Loan,6337,3.6,1,Paid Off,0,2025-04-19
708811,133425,Auto Loan,56543,6.03,5,Active,0,2026-05-13
708812,109632,Mortgage,577830,6.05,30,Paid Off,0,2024-04-26
708813,130182,Personal Loan,11098,4.75,3,Active,0,2025-08-28
708814,146055,Business Loan,174316,5.82,10,Defaulted,1,2021-10-02
708815,133832,Auto Loan,53437,7.98,3,Paid Off,0,2024-03-21
708816,102388,Personal Loan,18916,3.65,5,Active,0,2024-12-25
708817,135627,Personal Loan,12252,5.34,5,Active,0,2022-06-09
708818,126702,Personal Loan,11301,3.92,3,Active,0,2023-06-16
708819,105426,Auto Loan,35732,7.21,3,Active,0,2023-09-23
708820,134643,Personal Loan,14379,6.36,1,Paid Off,0,2023-08-14
708821,120665,Mortgage,319800,5.83,30,Paid Off,0,2021-10-15
708822,108276,Business Loan,171748,7.07,5,Active,0,2024-06-25
708823,107911,Mortgage,297147,6.44,30,Paid Off,0,2024-05-30
708824,125837,Personal Loan,15904,9.62,5,Active,0,2025-07-09
708825,125483,Business Loan,154029,6.29,5,Active,0,2025-08-06
708826,148250,Mortgage,437944,3.91,30,Active,0,2023-06-26
708827,141375,Personal Loan,16815,3.65,5,Active,0,2023-11-15
708828,136478,Mortgage,295209,4.38,30,Paid Off,0,2022-10-27
708829,120570,Business Loan,100710,8.38,5,Paid Off,0,2024-07-26
708830,103753,Mortgage,329123,4.21,30,Active,0,2021-09-09
708831,136042,Auto Loan,32201,6.38,3,Defaulted,1,2023-11-03
708832,130747,Business Loan,142926,10.67,10,Paid Off,0,2023-02-07
708833,146806,Mortgage,557295,3.67,30,Active,0,2025-11-21
708834,129586,Mortgage,510906,5.77,30,Paid Off,0,2025-03-08
708835,114885,Business Loan,126163,10.63,5,Paid Off,0,2021-09-22
708836,131947,Business Loan,248491,7.69,5,Active,0,2025-04-19
708837,102020,Business Loan,124306,4.27,10,Active,0,2023-04-03
708838,145643,Mortgage,207333,4.61,30,Paid Off,0,2025-06-02
708839,143284,Auto Loan,20434,10.0,5,Active,0,2024-02-27
708840,134186,Business Loan,26482,6.95,10,Active,0,2022-04-17
708841,144355,Mortgage,450082,6.39,30,Paid Off,0,2022-03-02
708842,132593,Personal Loan,2754,5.82,1,Active,0,2021-11-04
708843,108504,Auto Loan,32084,4.84,5,Paid Off,0,2021-10-29
708844,116635,Mortgage,266966,3.72,30,Paid Off,0,2021-08-14
708845,109006,Mortgage,419024,8.74,30,Active,0,2024-06-10
708846,122937,Business Loan,197694,8.26,5,Paid Off,0,2021-07-22
708847,136601,Auto Loan,43741,11.86,6,Paid Off,0,2024-01-21
708848,112200,Personal Loan,11426,5.14,3,Active,0,2025-02-09
708849,139739,Personal Loan,15600,4.61,5,Paid Off,0,2023-11-30
708850,105893,Personal Loan,16360,6.8,5,Paid Off,0,2022-02-08
708851,110422,Business Loan,140129,8.53,5,Paid Off,0,2024-08-20
708852,121247,Auto Loan,15637,6.04,6,Active,0,2021-09-01
708853,106350,Personal Loan,14081,7.78,1,Paid Off,0,2022-10-19
708854,102507,Mortgage,342002,10.87,30,Active,0,2022-05-07
708855,120272,Business Loan,180753,5.21,5,Paid Off,0,2021-10-17
708856,146067,Personal Loan,22698,6.18,3,Paid Off,0,2022-08-06
708857,139513,Mortgage,334318,7.69,30,Paid Off,0,2026-04-30
708858,104253,Personal Loan,15191,4.53,5,Active,0,2025-10-28
708859,105742,Personal Loan,19977,4.01,1,Paid Off,0,2024-07-04
708860,140360,Business Loan,188788,11.89,5,Paid Off,0,2022-08-15
708861,123394,Business Loan,148590,4.04,5,Active,0,2023-05-12
708862,127834,Business Loan,244816,11.87,5,Active,0,2025-03-11
708863,100953,Business Loan,73655,6.4,5,Paid Off,0,2025-05-09
708864,127156,Business Loan,221080,3.79,5,Active,0,2021-10-15
708865,146160,Personal Loan,10713,4.68,1,Paid Off,0,2025-05-04
708866,133263,Personal Loan,6367,3.78,3,Active,0,2023-09-01
708867,134906,Mortgage,407909,5.88,30,Paid Off,0,2026-06-16
708868,123441,Auto Loan,13710,10.88,5,Active,0,2025-04-30
708869,126168,Business Loan,203742,9.4,5,Paid Off,0,2023-01-10
708870,104012,Business Loan,66977,6.87,5,Paid Off,0,2021-07-31
708871,136049,Mortgage,400292,6.63,30,Active,0,2023-07-24
708872,145082,Business Loan,58196,6.82,10,Paid Off,0,2023-08-14
708873,145277,Auto Loan,21692,5.43,6,Active,0,2025-04-23
708874,102658,Auto Loan,34211,3.63,6,Active,0,2023-07-14
708875,149535,Auto Loan,37536,4.74,5,Active,0,2026-06-23
708876,142376,Business Loan,225032,6.8,5,Paid Off,0,2025-05-25
708877,149600,Business Loan,156696,6.26,10,Paid Off,0,2022-01-12
708878,142718,Business Loan,249629,5.84,10,Active,0,2026-01-26
708879,141569,Auto Loan,15676,8.43,6,Active,0,2023-02-02
708880,127473,Mortgage,497352,10.76,30,Paid Off,0,2025-04-02
708881,149982,Auto Loan,23206,4.73,5,Active,0,2026-05-03
708882,104361,Auto Loan,53861,5.9,3,Active,0,2023-03-16
708883,102666,Auto Loan,33303,5.37,3,Active,0,2021-10-07
708884,125334,Auto Loan,49285,6.19,3,Active,0,2025-08-31
708885,129572,Mortgage,234209,6.77,30,Defaulted,1,2022-07-30
708886,119051,Business Loan,158590,3.63,5,Paid Off,0,2026-06-08
708887,148128,Personal Loan,18593,5.24,3,Paid Off,0,2025-03-25
708888,149351,Personal Loan,19087,9.68,5,Defaulted,1,2025-06-17
708889,144692,Auto Loan,16078,11.83,6,Paid Off,0,2022-08-30
708890,112351,Business Loan,44881,6.42,10,Active,0,2025-09-20
708891,120401,Personal Loan,1484,7.86,5,Paid Off,0,2024-04-05
708892,103893,Personal Loan,14577,6.39,3,Active,0,2023-10-16
708893,144829,Mortgage,597515,5.67,30,Paid Off,0,2022-12-14
708894,125300,Business Loan,79985,4.23,5,Active,0,2024-03-17
708895,148402,Business Loan,117707,4.65,5,Paid Off,0,2022-05-05
708896,100847,Business Loan,166062,9.82,10,Paid Off,0,2025-01-15
708897,110849,Mortgage,243480,7.63,30,Defaulted,1,2026-01-24
708898,112692,Business Loan,191749,6.41,5,Active,0,2024-09-08
708899,117193,Business Loan,66101,5.49,10,Paid Off,0,2025-09-25
708900,142873,Auto Loan,40121,5.35,3,Active,0,2023-08-13
708901,147133,Personal Loan,13333,5.27,3,Active,0,2024-02-25
708902,146246,Personal Loan,20973,10.86,5,Active,0,2025-11-10
708903,137069,Auto Loan,40999,10.25,3,Defaulted,1,2022-06-19
708904,117356,Personal Loan,22353,4.94,1,Paid Off,0,2023-05-31
708905,131838,Auto Loan,21638,4.37,3,Paid Off,0,2025-05-16
708906,142806,Business Loan,116452,5.05,5,Paid Off,0,2024-05-13
708907,149776,Auto Loan,32902,7.5,5,Active,0,2024-07-02
708908,106757,Mortgage,434706,10.39,30,Defaulted,1,2023-07-30
708909,118410,Mortgage,360250,4.95,30,Paid Off,0,2023-10-08
708910,117364,Mortgage,531525,5.76,30,Active,0,2024-02-05
708911,120693,Personal Loan,3896,11.11,1,Active,0,2023-01-16
708912,114449,Business Loan,185865,6.54,5,Active,0,2024-02-28
708913,131059,Auto Loan,26852,5.58,3,Active,0,2026-02-23
708914,130709,Auto Loan,22022,7.58,3,Active,0,2023-04-29
708915,116511,Auto Loan,26805,6.22,5,Active,0,2024-08-23
708916,120727,Personal Loan,19951,6.54,1,Active,0,2022-01-29
708917,130934,Auto Loan,41053,6.26,6,Paid Off,0,2024-03-16
708918,128463,Business Loan,139157,5.55,10,Active,0,2025-06-24
708919,114555,Mortgage,490106,7.79,30,Paid Off,0,2024-08-02
708920,146075,Business Loan,120859,6.14,5,Active,0,2024-01-28
708921,140872,Personal Loan,7490,6.63,3,Active,0,2022-01-24
708922,108140,Personal Loan,3186,3.81,3,Defaulted,1,2022-12-16
708923,146331,Auto Loan,54612,10.57,5,Paid Off,0,2024-10-29
708924,122460,Business Loan,226654,4.97,5,Paid Off,0,2021-11-06
708925,116180,Auto Loan,14762,3.95,6,Paid Off,0,2023-11-21
708926,141133,Mortgage,318514,5.48,30,Active,0,2022-02-06
708927,131278,Personal Loan,9444,5.9,5,Paid Off,0,2025-09-07
708928,124120,Auto Loan,58871,9.52,5,Active,0,2022-05-29
708929,102290,Auto Loan,11299,6.01,5,Paid Off,0,2023-01-05
708930,109026,Mortgage,549279,8.69,30,Active,0,2021-09-20
708931,124446,Personal Loan,8788,5.46,5,Active,0,2023-06-02
708932,112483,Auto Loan,16700,10.02,5,Active,0,2024-04-27
708933,147755,Auto Loan,28032,5.48,3,Active,0,2023-04-16
708934,108132,Personal Loan,2133,3.99,1,Active,0,2025-08-02
708935,124163,Auto Loan,27793,8.89,6,Paid Off,0,2025-03-06
708936,128724,Personal Loan,24155,5.49,1,Active,0,2025-09-18
708937,106981,Auto Loan,18944,6.36,3,Defaulted,1,2024-06-12
708938,120027,Personal Loan,17954,6.95,3,Active,0,2022-11-04
708939,121369,Auto Loan,23563,5.42,6,Defaulted,1,2023-11-01
708940,114774,Personal Loan,12794,11.58,3,Active,0,2024-04-27
708941,106119,Business Loan,109156,7.72,5,Active,0,2024-11-12
708942,118295,Auto Loan,48676,5.74,3,Paid Off,0,2023-01-10
708943,132155,Business Loan,86049,6.01,10,Active,0,2022-03-09
708944,123934,Business Loan,225321,11.46,10,Paid Off,0,2025-03-27
708945,142673,Auto Loan,44575,8.67,5,Paid Off,0,2022-11-25
708946,149290,Mortgage,508244,3.98,30,Paid Off,0,2021-09-20
708947,139736,Mortgage,328449,6.92,30,Paid Off,0,2025-07-02
708948,110399,Mortgage,427509,5.36,30,Paid Off,0,2023-08-24
708949,142996,Business Loan,146543,3.97,10,Active,0,2022-08-05
708950,121056,Mortgage,440078,6.58,30,Paid Off,0,2024-09-14
708951,109480,Mortgage,543478,5.65,30,Active,0,2025-07-20
708952,121122,Mortgage,405145,6.02,30,Active,0,2022-11-11
708953,125278,Personal Loan,7933,5.38,1,Active,0,2024-07-11
708954,101453,Business Loan,155689,7.61,10,Active,0,2022-12-20
708955,145746,Business Loan,118874,5.13,5,Defaulted,1,2025-02-13
708956,148825,Auto Loan,11246,6.65,3,Paid Off,0,2026-06-15
708957,141721,Business Loan,33112,5.83,5,Paid Off,0,2025-03-30
708958,131069,Mortgage,347401,5.57,30,Active,0,2026-03-11
708959,127969,Business Loan,54413,5.6,10,Paid Off,0,2024-05-16
708960,111483,Auto Loan,46207,6.32,3,Paid Off,0,2022-10-16
708961,139759,Business Loan,25140,9.45,10,Active,0,2025-06-10
708962,121611,Personal Loan,6629,10.9,3,Paid Off,0,2026-03-28
708963,106404,Personal Loan,4337,6.04,1,Active,0,2025-09-09
708964,116377,Personal Loan,18420,8.54,1,Active,0,2025-09-18
708965,123623,Business Loan,60552,5.31,5,Paid Off,0,2025-11-30
708966,146378,Business Loan,86534,4.97,5,Paid Off,0,2025-11-17
708967,140413,Personal Loan,23551,3.98,3,Active,0,2023-03-12
708968,139223,Business Loan,43173,5.65,10,Paid Off,0,2023-07-10
708969,130918,Auto Loan,58401,5.61,3,Active,0,2024-01-25
708970,104615,Auto Loan,25344,8.25,3,Paid Off,0,2024-05-23
708971,109451,Personal Loan,16823,8.29,5,Active,0,2024-07-23
708972,115280,Personal Loan,18786,10.26,3,Active,0,2025-09-28
708973,108538,Personal Loan,15753,11.84,3,Active,0,2023-05-29
708974,119811,Mortgage,380203,3.62,30,Paid Off,0,2025-04-28
708975,134891,Auto Loan,11757,4.84,5,Paid Off,0,2022-05-11
708976,144101,Mortgage,494162,5.72,30,Paid Off,0,2023-10-28
708977,128266,Mortgage,442871,11.34,30,Paid Off,0,2025-04-26
708978,127254,Business Loan,235202,6.78,5,Active,0,2024-11-27
708979,118469,Mortgage,457326,11.04,30,Defaulted,1,2021-12-05
708980,102194,Mortgage,321137,6.06,30,Paid Off,0,2022-09-16
708981,129789,Mortgage,418775,6.38,30,Paid Off,0,2025-05-20
708982,113876,Business Loan,171419,6.83,5,Paid Off,0,2021-10-12
708983,130587,Auto Loan,30579,11.51,6,Paid Off,0,2026-06-15
708984,137399,Mortgage,551755,4.52,30,Paid Off,0,2022-04-04
708985,115277,Mortgage,538101,5.36,30,Paid Off,0,2022-03-25
708986,114614,Mortgage,193448,4.03,30,Active,0,2022-02-27
708987,131201,Personal Loan,13157,6.76,1,Paid Off,0,2022-04-18
708988,126752,Business Loan,136232,5.57,10,Paid Off,0,2022-03-17
708989,147694,Mortgage,174953,6.01,30,Paid Off,0,2021-10-18
708990,106730,Mortgage,327896,9.29,30,Defaulted,1,2024-04-20
708991,144200,Auto Loan,27695,4.1,3,Paid Off,0,2022-10-16
708992,109008,Mortgage,374438,5.5,30,Defaulted,1,2021-12-03
708993,146256,Mortgage,452588,3.81,30,Active,0,2022-05-03
708994,118310,Auto Loan,49733,6.81,3,Active,0,2022-12-09
708995,134559,Business Loan,228269,6.3,10,Active,0,2024-12-10
708996,105787,Auto Loan,33591,5.09,5,Paid Off,0,2021-07-24
708997,118862,Auto Loan,15106,8.09,3,Active,0,2023-06-11
708998,145954,Mortgage,413106,3.94,30,Paid Off,0,2022-11-05
708999,126878,Auto Loan,31692,4.38,3,Defaulted,1,2023-06-23
709000,103277,Auto Loan,40284,6.47,3,Active,0,2024-06-28
709001,131411,Business Loan,32734,6.12,5,Paid Off,0,2024-05-29
709002,129512,Personal Loan,20358,8.84,5,Paid Off,0,2021-08-13
709003,114889,Mortgage,503633,5.62,30,Active,0,2021-09-27
709004,131593,Business Loan,75199,5.72,5,Paid Off,0,2024-02-08
709005,110676,Business Loan,148789,11.84,5,Paid Off,0,2025-09-13
709006,112671,Mortgage,297824,7.03,30,Active,0,2025-06-02
709007,132138,Personal Loan,16627,11.93,5,Paid Off,0,2022-05-25
709008,133655,Business Loan,234436,11.96,10,Active,0,2024-02-20
709009,131654,Auto Loan,24047,6.45,6,Active,0,2026-01-29
709010,119253,Mortgage,275654,6.01,30,Paid Off,0,2021-12-25
709011,114362,Mortgage,333377,9.64,30,Paid Off,0,2022-06-18
709012,112184,Mortgage,332312,6.03,30,Active,0,2023-12-10
709013,132091,Mortgage,321153,5.51,30,Active,0,2024-07-22
709014,129406,Business Loan,215780,4.95,5,Active,0,2025-07-09
709015,117012,Personal Loan,22464,10.56,1,Paid Off,0,2023-02-18
709016,146050,Business Loan,82596,5.09,10,Active,0,2024-04-25
709017,115394,Auto Loan,15579,6.15,3,Paid Off,0,2023-07-13
709018,100304,Personal Loan,3644,3.97,1,Active,0,2023-11-11
709019,110883,Auto Loan,47412,10.13,5,Paid Off,0,2021-10-20
709020,125250,Business Loan,65589,4.69,10,Paid Off,0,2023-06-03
709021,122756,Mortgage,398496,5.81,30,Active,0,2025-07-24
709022,100152,Business Loan,242134,10.56,5,Paid Off,0,2023-05-07
709023,105862,Personal Loan,6675,8.48,3,Paid Off,0,2024-11-27
709024,132856,Personal Loan,20861,3.73,1,Paid Off,0,2023-03-12
709025,103445,Business Loan,52440,5.11,5,Active,0,2021-10-17
709026,118673,Personal Loan,22843,10.9,1,Paid Off,0,2022-03-04
709027,116420,Business Loan,107302,4.83,5,Active,0,2022-08-01
709028,143749,Auto Loan,21581,5.79,5,Paid Off,0,2024-10-09
709029,101418,Personal Loan,15759,6.62,3,Paid Off,0,2022-02-12
709030,104702,Personal Loan,14949,8.0,5,Active,0,2022-12-20
709031,115483,Personal Loan,23215,7.0,5,Defaulted,1,2024-09-01
709032,145564,Auto Loan,42100,6.08,3,Paid Off,0,2024-06-13
709033,105561,Auto Loan,42596,6.81,6,Active,0,2025-11-02
709034,131564,Business Loan,182350,5.89,10,Defaulted,1,2023-10-12
709035,107374,Mortgage,540140,10.24,30,Paid Off,0,2023-06-18
709036,121023,Personal Loan,12543,8.95,3,Defaulted,1,2022-07-24
709037,122201,Auto Loan,22743,6.73,3,Paid Off,0,2022-04-13
709038,130610,Mortgage,168935,6.4,30,Paid Off,0,2024-07-30
709039,127653,Mortgage,599843,4.08,30,Active,0,2025-10-10
709040,122639,Auto Loan,48105,9.49,5,Paid Off,0,2024-02-26
709041,117802,Business Loan,153409,6.25,10,Active,0,2025-12-19
709042,113729,Personal Loan,6558,5.32,5,Active,0,2022-05-19
709043,139059,Auto Loan,13316,6.18,5,Active,0,2024-10-06
709044,140751,Personal Loan,14084,5.48,3,Paid Off,0,2025-12-09
709045,120412,Mortgage,350059,5.06,30,Paid Off,0,2022-12-26
709046,135197,Auto Loan,29244,11.27,3,Paid Off,0,2024-03-09
709047,130272,Personal Loan,22541,7.37,3,Paid Off,0,2024-01-11
709048,107815,Business Loan,192265,8.19,10,Active,0,2021-07-27
709049,141110,Personal Loan,24315,4.09,3,Paid Off,0,2023-11-06
709050,128081,Auto Loan,12341,4.64,5,Paid Off,0,2024-05-03
709051,110630,Personal Loan,17201,9.9,1,Paid Off,0,2026-02-10
709052,127918,Business Loan,88263,10.46,5,Active,0,2021-09-28
709053,110417,Personal Loan,22260,4.34,5,Active,0,2024-07-11
709054,142728,Auto Loan,25395,4.28,3,Active,0,2026-06-06
709055,108256,Mortgage,375585,8.15,30,Active,0,2022-12-19
709056,144677,Mortgage,192741,8.72,30,Paid Off,0,2024-06-04
709057,108694,Mortgage,435147,3.54,30,Active,0,2023-02-04
709058,106851,Mortgage,339414,4.89,30,Active,0,2026-02-19
709059,104726,Mortgage,564567,4.29,30,Paid Off,0,2025-11-16
709060,103257,Personal Loan,4555,9.83,5,Paid Off,0,2023-10-01
709061,145476,Auto Loan,29475,3.7,3,Paid Off,0,2023-08-08
709062,124985,Business Loan,170527,5.24,5,Paid Off,0,2022-01-20
709063,146198,Mortgage,574892,5.2,30,Paid Off,0,2021-09-05
709064,114443,Business Loan,242524,3.71,5,Active,0,2022-01-21
709065,146266,Business Loan,249799,3.73,5,Active,0,2021-08-29
709066,137024,Mortgage,267958,8.28,30,Paid Off,0,2023-10-21
709067,131723,Auto Loan,20373,3.93,3,Active,0,2023-03-21
709068,104832,Auto Loan,45667,4.04,3,Paid Off,0,2024-03-04
709069,109317,Mortgage,222999,8.33,30,Paid Off,0,2025-03-01
709070,106133,Business Loan,131011,3.6,10,Paid Off,0,2024-09-19
709071,128815,Mortgage,584834,5.62,30,Active,0,2023-05-24
709072,104500,Business Loan,221899,4.9,10,Active,0,2023-07-04
709073,111500,Auto Loan,40177,7.78,6,Active,0,2024-10-31
709074,102942,Personal Loan,7853,6.44,1,Paid Off,0,2023-12-29
709075,112591,Business Loan,51090,6.19,5,Active,0,2022-06-04
709076,129551,Auto Loan,46427,6.97,5,Active,0,2024-03-08
709077,106872,Business Loan,193971,5.75,10,Paid Off,0,2026-06-25
709078,107397,Auto Loan,26270,4.73,6,Paid Off,0,2023-07-14
709079,126769,Auto Loan,50335,11.91,3,Paid Off,0,2024-08-09
709080,144436,Mortgage,448618,6.89,30,Paid Off,0,2024-12-14
709081,139101,Auto Loan,15488,6.95,3,Active,0,2022-01-07
709082,141671,Auto Loan,13331,6.49,5,Active,0,2025-01-07
709083,123403,Personal Loan,13199,5.43,3,Paid Off,0,2025-07-20
709084,137369,Auto Loan,16531,5.65,6,Paid Off,0,2026-01-26
709085,142943,Personal Loan,18512,4.96,1,Active,0,2022-10-30
709086,110981,Personal Loan,23886,4.12,5,Active,0,2026-02-13
709087,105020,Mortgage,568509,5.89,30,Paid Off,0,2025-05-01
709088,114828,Auto Loan,25239,5.87,3,Paid Off,0,2025-03-13
709089,109826,Business Loan,143378,6.48,5,Paid Off,0,2022-04-28
709090,138296,Auto Loan,29527,5.2,6,Active,0,2024-09-05
709091,137918,Auto Loan,53251,5.53,6,Active,0,2025-04-23
709092,135350,Business Loan,206003,3.97,5,Active,0,2022-08-29
709093,111107,Personal Loan,8264,6.41,1,Defaulted,1,2025-05-08
709094,145131,Mortgage,210375,8.35,30,Active,0,2025-07-05
709095,121421,Business Loan,81643,11.26,10,Paid Off,0,2026-01-08
709096,119353,Business Loan,134668,9.34,5,Active,0,2022-12-21
709097,112936,Personal Loan,12810,4.11,1,Paid Off,0,2025-02-28
709098,141333,Mortgage,270115,6.84,30,Active,0,2025-07-10
709099,102901,Mortgage,352286,4.86,30,Paid Off,0,2025-04-11
709100,105352,Business Loan,73684,10.95,10,Active,0,2026-04-08
709101,120582,Business Loan,143377,5.34,10,Active,0,2025-04-15
709102,103628,Business Loan,136543,5.68,5,Active,0,2023-06-10
709103,119433,Business Loan,171275,9.49,10,Defaulted,1,2025-01-05
709104,125948,Auto Loan,25832,5.88,3,Paid Off,0,2024-03-13
709105,143277,Personal Loan,14854,3.96,1,Active,0,2024-03-09
709106,125586,Auto Loan,16067,6.65,3,Paid Off,0,2024-07-20
709107,141675,Mortgage,390631,6.55,30,Active,0,2026-02-24
709108,109861,Auto Loan,12928,6.92,6,Active,0,2025-02-14
709109,104201,Personal Loan,6305,7.98,5,Active,0,2025-10-08
709110,111823,Mortgage,263346,7.41,30,Paid Off,0,2023-11-03
709111,115257,Auto Loan,18217,5.91,3,Active,0,2026-03-18
709112,124607,Mortgage,206795,6.82,30,Paid Off,0,2024-08-09
709113,135942,Mortgage,279346,9.37,30,Paid Off,0,2021-09-27
709114,138874,Business Loan,48464,6.85,10,Defaulted,1,2022-04-05
709115,135678,Auto Loan,10578,6.86,5,Paid Off,0,2023-01-23
709116,133749,Auto Loan,59416,4.39,6,Active,0,2024-05-01
709117,106535,Personal Loan,8877,8.33,5,Active,0,2023-10-19
709118,125900,Auto Loan,56140,6.7,3,Active,0,2025-07-19
709119,139108,Mortgage,350290,6.94,30,Paid Off,0,2023-05-26
709120,142867,Auto Loan,36291,5.3,3,Defaulted,1,2021-11-29
709121,134789,Business Loan,168008,6.28,10,Active,0,2023-03-14
709122,102240,Mortgage,232516,5.56,30,Defaulted,1,2021-11-21
709123,130026,Personal Loan,11699,9.2,3,Paid Off,0,2024-03-27
709124,116178,Mortgage,508820,5.24,30,Paid Off,0,2021-08-15
709125,132056,Auto Loan,33408,5.4,6,Paid Off,0,2023-08-08
709126,140070,Personal Loan,24038,6.88,5,Active,0,2024-04-04
709127,123406,Business Loan,227421,10.57,10,Active,0,2022-04-20
709128,134354,Mortgage,539619,5.74,30,Paid Off,0,2025-10-30
709129,116470,Business Loan,136984,3.78,5,Paid Off,0,2021-08-29
709130,113623,Mortgage,369595,4.77,30,Paid Off,0,2024-11-22
709131,102237,Auto Loan,27888,5.64,5,Active,0,2023-03-14
709132,122279,Personal Loan,20696,5.69,1,Active,0,2024-05-13
709133,111444,Personal Loan,20493,6.12,5,Paid Off,0,2023-11-26
709134,106902,Business Loan,248581,7.35,5,Active,0,2022-12-02
709135,145700,Personal Loan,7814,5.87,1,Active,0,2024-02-19
709136,133150,Mortgage,533858,4.96,30,Active,0,2023-12-01
709137,122775,Mortgage,560685,6.98,30,Paid Off,0,2026-06-16
709138,125686,Personal Loan,15564,3.95,3,Paid Off,0,2022-03-10
709139,106274,Mortgage,553334,10.79,30,Paid Off,0,2021-11-11
709140,118461,Business Loan,149099,6.68,5,Active,0,2024-03-27
709141,121339,Mortgage,360956,10.89,30,Active,0,2024-11-02
709142,111562,Business Loan,244099,5.48,5,Paid Off,0,2022-03-01
709143,104203,Auto Loan,38194,5.44,3,Active,0,2022-11-10
709144,147782,Business Loan,108484,5.88,5,Active,0,2022-08-24
709145,136879,Mortgage,351275,5.15,30,Paid Off,0,2025-01-04
709146,138916,Business Loan,125788,4.29,10,Paid Off,0,2022-10-28
709147,118112,Mortgage,479004,7.26,30,Paid Off,0,2021-12-12
709148,146785,Personal Loan,5749,10.68,1,Paid Off,0,2024-12-15
709149,117474,Business Loan,224858,6.58,5,Paid Off,0,2025-03-05
709150,112347,Mortgage,510859,6.21,30,Paid Off,0,2023-08-22
709151,145021,Mortgage,570551,10.32,30,Paid Off,0,2023-02-17
709152,141647,Personal Loan,14503,6.13,5,Active,0,2023-10-12
709153,130882,Personal Loan,14622,6.81,1,Paid Off,0,2024-04-23
709154,149485,Business Loan,146731,7.55,10,Active,0,2023-01-18
709155,128579,Mortgage,430814,5.51,30,Active,0,2025-09-06
709156,145911,Business Loan,232656,5.69,10,Paid Off,0,2026-04-02
709157,135002,Auto Loan,41617,5.42,6,Active,0,2024-08-18
709158,113005,Mortgage,168554,10.19,30,Paid Off,0,2025-04-18
709159,114957,Business Loan,233743,3.94,5,Paid Off,0,2024-03-06
709160,147921,Business Loan,207131,11.93,5,Paid Off,0,2024-06-28
709161,100491,Auto Loan,58872,6.51,6,Paid Off,0,2026-04-30
709162,131120,Personal Loan,9704,10.38,5,Active,0,2025-02-01
709163,120352,Mortgage,364793,4.99,30,Paid Off,0,2025-10-26
709164,116930,Auto Loan,31218,5.72,5,Active,0,2024-05-04
709165,128898,Business Loan,202343,5.48,10,Active,0,2022-01-11
709166,140584,Business Loan,62263,4.01,10,Paid Off,0,2026-05-04
709167,111024,Auto Loan,31440,4.83,5,Active,0,2021-08-07
709168,138289,Mortgage,395679,9.02,30,Active,0,2022-05-30
709169,143659,Personal Loan,21244,4.65,1,Paid Off,0,2024-04-29
709170,113126,Mortgage,306267,5.42,30,Active,0,2021-11-03
709171,126263,Business Loan,241837,5.37,10,Paid Off,0,2024-07-21
709172,132666,Personal Loan,5032,6.91,1,Active,0,2022-03-26
709173,131832,Business Loan,167049,5.61,10,Defaulted,1,2025-07-29
709174,125660,Business Loan,59811,5.71,10,Active,0,2024-07-01
709175,135491,Business Loan,121869,4.56,10,Active,0,2022-07-12
709176,131004,Mortgage,158292,8.37,30,Defaulted,1,2022-10-19
709177,137091,Business Loan,162937,5.6,5,Paid Off,0,2024-09-16
709178,118117,Mortgage,472847,7.41,30,Active,0,2025-05-02
709179,135352,Personal Loan,20967,9.73,3,Defaulted,1,2025-05-13
709180,142153,Business Loan,147179,4.5,5,Paid Off,0,2022-05-16
709181,107718,Business Loan,33182,3.99,5,Paid Off,0,2026-01-03
709182,149030,Mortgage,470894,8.92,30,Paid Off,0,2022-02-14
709183,138700,Personal Loan,21714,5.76,5,Paid Off,0,2024-08-15
709184,119052,Mortgage,204831,11.6,30,Active,0,2022-09-21
709185,102718,Business Loan,51268,11.03,10,Paid Off,0,2022-09-18
709186,142983,Business Loan,178559,9.54,5,Paid Off,0,2024-07-15
709187,107557,Auto Loan,11562,10.49,6,Paid Off,0,2023-02-04
709188,105726,Auto Loan,47929,6.45,6,Active,0,2022-11-07
709189,122012,Mortgage,562646,6.19,30,Paid Off,0,2024-04-05
709190,112157,Auto Loan,48348,10.75,5,Paid Off,0,2024-11-09
709191,129623,Personal Loan,9868,3.57,1,Active,0,2024-11-24
709192,107870,Mortgage,441135,4.93,30,Paid Off,0,2024-03-01
709193,149192,Personal Loan,6924,6.53,1,Active,0,2024-07-07
709194,118739,Business Loan,207244,4.21,10,Paid Off,0,2022-09-08
709195,104364,Mortgage,423000,7.97,30,Paid Off,0,2025-08-13
709196,147547,Auto Loan,16882,6.14,3,Paid Off,0,2024-02-18
709197,119713,Business Loan,66237,4.33,5,Active,0,2025-08-14
709198,133035,Auto Loan,13141,6.4,5,Active,0,2021-10-13
709199,142425,Business Loan,85820,9.59,5,Paid Off,0,2024-09-02
709200,142098,Business Loan,36574,5.31,10,Active,0,2022-08-10
709201,134719,Mortgage,262427,4.83,30,Active,0,2023-07-15
709202,135332,Personal Loan,20421,6.75,3,Active,0,2021-11-25
709203,105170,Personal Loan,12022,7.65,1,Paid Off,0,2024-06-23
709204,113602,Auto Loan,20634,6.33,3,Paid Off,0,2021-09-09
709205,100791,Mortgage,449607,4.07,30,Paid Off,0,2022-12-31
709206,130994,Auto Loan,21062,4.09,6,Paid Off,0,2022-08-21
709207,125758,Business Loan,168060,6.54,10,Defaulted,1,2023-05-08
709208,141294,Auto Loan,16175,9.44,3,Defaulted,1,2022-02-12
709209,114858,Auto Loan,52005,9.12,3,Active,0,2025-09-09
709210,132061,Personal Loan,11153,3.87,3,Paid Off,0,2024-12-16
709211,135056,Business Loan,64043,9.22,10,Paid Off,0,2021-09-04
709212,112117,Personal Loan,5697,5.76,3,Paid Off,0,2023-09-19
709213,147901,Business Loan,182291,5.66,5,Paid Off,0,2024-08-05
709214,101285,Mortgage,412076,6.85,30,Active,0,2024-08-26
709215,116773,Personal Loan,23285,4.52,3,Paid Off,0,2023-01-29
709216,116618,Auto Loan,26490,6.52,6,Active,0,2022-08-29
709217,113297,Business Loan,189520,5.1,10,Active,0,2024-12-12
709218,127957,Mortgage,311162,4.83,30,Paid Off,0,2026-05-20
709219,139916,Mortgage,533943,5.31,30,Paid Off,0,2022-04-21
709220,101043,Personal Loan,2339,10.17,5,Paid Off,0,2023-03-17
709221,127101,Mortgage,452278,5.71,30,Active,0,2021-08-30
709222,139076,Mortgage,302847,4.01,30,Active,0,2023-08-12
709223,141677,Personal Loan,17348,9.48,5,Paid Off,0,2025-11-12
709224,129912,Business Loan,104937,6.39,10,Paid Off,0,2024-02-15
709225,117515,Personal Loan,4601,11.9,5,Paid Off,0,2021-11-15
709226,141443,Auto Loan,45306,4.73,5,Paid Off,0,2026-06-01
709227,115884,Personal Loan,19043,5.82,5,Paid Off,0,2026-04-12
709228,103169,Auto Loan,21902,5.65,3,Active,0,2022-05-02
709229,128638,Auto Loan,20343,6.3,5,Paid Off,0,2024-04-02
709230,136152,Business Loan,205906,8.87,10,Defaulted,1,2022-07-18
709231,100426,Auto Loan,46507,4.32,3,Active,0,2023-01-16
709232,132715,Business Loan,60988,10.73,10,Paid Off,0,2021-11-27
709233,139430,Mortgage,481198,4.03,30,Active,0,2024-01-20
709234,144334,Personal Loan,1977,5.81,3,Active,0,2025-02-21
709235,134402,Personal Loan,14680,6.23,5,Defaulted,1,2025-12-13
709236,142188,Personal Loan,7319,5.73,1,Active,0,2026-05-12
709237,120436,Business Loan,130665,5.48,10,Paid Off,0,2024-03-05
709238,115188,Mortgage,479442,5.33,30,Defaulted,1,2023-04-30
709239,101190,Personal Loan,16653,6.9,1,Paid Off,0,2021-11-25
709240,103229,Business Loan,108984,6.53,10,Paid Off,0,2022-06-08
709241,130790,Personal Loan,9330,8.93,3,Paid Off,0,2025-10-02
709242,130248,Auto Loan,30449,5.2,6,Paid Off,0,2021-09-03
709243,126268,Mortgage,487090,5.47,30,Active,0,2022-03-14
709244,100932,Mortgage,472182,4.92,30,Paid Off,0,2025-03-09
709245,140824,Mortgage,344606,5.93,30,Paid Off,0,2022-11-09
709246,105356,Business Loan,143337,11.78,10,Active,0,2023-05-09
709247,133566,Auto Loan,36510,11.21,3,Active,0,2024-03-19
709248,135329,Auto Loan,39293,10.25,3,Paid Off,0,2025-06-12
709249,141540,Auto Loan,38558,10.85,6,Active,0,2022-06-30
709250,130331,Business Loan,230781,6.57,5,Paid Off,0,2023-08-03
709251,141917,Business Loan,179252,6.86,5,Paid Off,0,2023-07-06
709252,114768,Auto Loan,16452,5.83,3,Active,0,2025-07-25
709253,104530,Personal Loan,6091,6.28,1,Active,0,2024-03-21
709254,102141,Business Loan,226259,5.83,10,Active,0,2022-04-09
709255,137331,Auto Loan,41247,4.3,5,Paid Off,0,2022-07-25
709256,121221,Personal Loan,20160,5.28,1,Active,0,2025-07-22
709257,120207,Auto Loan,16179,5.04,5,Active,0,2023-10-24
709258,146467,Auto Loan,35543,5.37,6,Paid Off,0,2024-11-23
709259,145541,Personal Loan,13372,11.96,1,Active,0,2023-08-19
709260,109324,Auto Loan,45670,7.18,5,Active,0,2023-12-14
709261,132988,Auto Loan,57311,6.76,3,Active,0,2024-02-24
709262,141728,Personal Loan,10648,10.78,3,Active,0,2023-01-27
709263,137154,Auto Loan,19827,4.71,6,Active,0,2025-09-09
709264,125713,Personal Loan,4980,3.97,3,Active,0,2022-10-17
709265,120018,Personal Loan,22844,6.52,5,Active,0,2022-01-22
709266,118924,Business Loan,161016,5.09,10,Active,0,2022-06-12
709267,102558,Personal Loan,14884,4.55,1,Paid Off,0,2023-10-16
709268,120091,Auto Loan,16573,6.85,5,Paid Off,0,2024-04-29
709269,137105,Personal Loan,2409,6.41,1,Active,0,2025-10-20
709270,114168,Personal Loan,20315,5.04,1,Paid Off,0,2023-05-25
709271,111270,Business Loan,128434,6.99,10,Paid Off,0,2025-06-29
709272,116570,Auto Loan,27055,10.51,5,Paid Off,0,2024-08-14
709273,148307,Auto Loan,25429,5.35,3,Active,0,2022-01-22
709274,121399,Personal Loan,18745,11.36,1,Paid Off,0,2023-01-15
709275,124742,Mortgage,497055,6.41,30,Active,0,2023-04-06
709276,133636,Auto Loan,57328,5.94,6,Paid Off,0,2025-12-02
709277,106885,Auto Loan,59596,5.87,3,Active,0,2022-01-13
709278,135569,Personal Loan,9912,4.32,3,Paid Off,0,2025-09-30
709279,146904,Mortgage,548348,8.37,30,Active,0,2023-03-30
709280,140450,Business Loan,49684,6.07,10,Active,0,2025-03-09
709281,109002,Auto Loan,36317,4.64,3,Defaulted,1,2022-05-12
709282,100957,Auto Loan,10636,11.25,3,Defaulted,1,2026-02-26
709283,127072,Personal Loan,12344,3.77,5,Paid Off,0,2023-03-16
709284,102760,Auto Loan,45592,4.77,5,Active,0,2022-02-18
709285,148918,Business Loan,213794,5.22,5,Paid Off,0,2026-04-05
709286,131009,Auto Loan,30576,6.21,6,Active,0,2025-09-16
709287,106314,Mortgage,586719,9.09,30,Active,0,2022-08-30
709288,110894,Auto Loan,58170,8.38,6,Paid Off,0,2026-05-17
709289,142967,Mortgage,380059,5.32,30,Paid Off,0,2023-01-12
709290,100369,Auto Loan,28072,8.32,6,Paid Off,0,2024-04-02
709291,139397,Mortgage,204167,6.95,30,Active,0,2023-09-06
709292,112691,Auto Loan,57027,4.19,6,Active,0,2023-05-21
709293,118473,Auto Loan,59313,5.6,5,Paid Off,0,2025-02-15
709294,134931,Auto Loan,42750,6.84,3,Paid Off,0,2022-03-29
709295,134218,Auto Loan,39480,8.44,5,Active,0,2026-03-09
709296,114532,Mortgage,371282,11.11,30,Active,0,2026-07-14
709297,147601,Personal Loan,3904,4.43,3,Paid Off,0,2025-03-10
709298,108871,Business Loan,64429,6.53,10,Active,0,2023-07-24
709299,116941,Auto Loan,34450,9.43,5,Paid Off,0,2025-05-15
709300,146435,Mortgage,347711,4.7,30,Paid Off,0,2023-01-07
709301,136524,Mortgage,534589,11.01,30,Active,0,2024-02-18
709302,136206,Mortgage,359333,5.52,30,Defaulted,1,2022-07-28
709303,129249,Business Loan,234731,11.32,10,Active,0,2021-11-08
709304,124096,Mortgage,569181,6.02,30,Paid Off,0,2022-05-29
709305,107886,Auto Loan,59231,4.79,6,Paid Off,0,2022-08-29
709306,146149,Personal Loan,24548,5.25,1,Active,0,2025-09-26
709307,143622,Personal Loan,17941,6.04,5,Active,0,2022-02-03
709308,116425,Mortgage,190710,5.75,30,Active,0,2024-12-10
709309,121092,Personal Loan,20875,6.53,3,Active,0,2024-06-19
709310,122188,Business Loan,191192,9.34,10,Paid Off,0,2025-07-08
709311,145537,Mortgage,234078,7.22,30,Active,0,2023-04-02
709312,105661,Business Loan,56549,6.65,10,Active,0,2023-02-16
709313,103309,Business Loan,174655,5.33,10,Paid Off,0,2026-06-19
709314,119148,Personal Loan,8020,11.9,1,Paid Off,0,2022-02-24
709315,103056,Mortgage,398970,4.77,30,Paid Off,0,2026-07-17
709316,101905,Auto Loan,38278,11.53,3,Defaulted,1,2022-09-14
709317,136956,Auto Loan,44992,4.01,3,Active,0,2023-07-16
709318,104156,Business Loan,102895,4.28,5,Defaulted,1,2025-04-08
709319,100943,Business Loan,29468,8.29,10,Active,0,2026-06-14
709320,127436,Personal Loan,10506,4.35,5,Active,0,2025-11-21
709321,146777,Personal Loan,17425,5.76,1,Active,0,2023-08-12
709322,138241,Auto Loan,21743,4.05,6,Paid Off,0,2021-11-20
709323,112052,Mortgage,154005,10.58,30,Paid Off,0,2024-11-22
709324,102294,Business Loan,150137,4.49,10,Paid Off,0,2022-03-19
709325,106803,Personal Loan,4811,8.27,1,Active,0,2024-05-20
709326,113659,Mortgage,279691,11.11,30,Active,0,2022-12-28
709327,125023,Auto Loan,43097,8.62,5,Paid Off,0,2024-05-08
709328,145621,Personal Loan,14795,3.67,3,Paid Off,0,2025-02-02
709329,124891,Mortgage,574074,3.87,30,Active,0,2023-02-12
709330,140376,Business Loan,74604,5.19,10,Active,0,2022-09-27
709331,144401,Business Loan,51060,6.47,10,Paid Off,0,2022-10-14
709332,132279,Business Loan,239192,6.19,5,Paid Off,0,2023-05-26
709333,136411,Auto Loan,58409,6.6,5,Paid Off,0,2026-05-02
709334,144303,Mortgage,528345,5.33,30,Active,0,2022-09-20
709335,100289,Mortgage,378350,4.42,30,Active,0,2025-07-29
709336,130829,Business Loan,189864,6.78,10,Paid Off,0,2022-08-01
709337,145551,Business Loan,81138,6.51,5,Active,0,2024-02-10
709338,109571,Auto Loan,25182,5.83,6,Active,0,2021-08-05
709339,108822,Personal Loan,2833,11.14,3,Defaulted,1,2022-10-22
709340,127477,Auto Loan,44510,11.38,5,Paid Off,0,2022-08-05
709341,145185,Business Loan,89445,7.34,10,Active,0,2023-07-29
709342,117707,Business Loan,92599,7.5,10,Paid Off,0,2024-05-08
709343,105116,Mortgage,489464,3.95,30,Active,0,2026-02-09
709344,129081,Mortgage,506599,7.56,30,Active,0,2026-01-06
709345,137137,Personal Loan,17938,5.79,3,Paid Off,0,2024-07-17
709346,122478,Auto Loan,19632,9.0,5,Active,0,2023-01-25
709347,111636,Mortgage,435222,9.23,30,Active,0,2026-05-04
709348,136696,Personal Loan,21169,4.06,1,Active,0,2022-11-22
709349,132687,Auto Loan,31848,5.36,6,Paid Off,0,2023-11-27
709350,123573,Mortgage,358834,5.23,30,Paid Off,0,2025-03-17
709351,138954,Business Loan,230094,4.29,5,Active,0,2025-03-16
709352,122968,Business Loan,139689,6.55,5,Active,0,2026-01-04
709353,127142,Auto Loan,15036,5.46,3,Paid Off,0,2025-03-31
709354,131877,Business Loan,38446,11.07,5,Paid Off,0,2025-08-31
709355,124551,Personal Loan,21319,6.65,3,Active,0,2024-02-24
709356,140283,Business Loan,239945,4.21,10,Defaulted,1,2022-07-29
709357,114922,Auto Loan,41560,4.07,5,Defaulted,1,2025-10-13
709358,143230,Auto Loan,39325,6.86,3,Active,0,2025-11-21
709359,139694,Mortgage,167789,4.45,30,Paid Off,0,2022-09-20
709360,146747,Mortgage,427599,6.4,30,Paid Off,0,2022-02-10
709361,143767,Business Loan,178289,5.24,10,Active,0,2023-09-23
709362,126842,Auto Loan,54213,4.86,5,Paid Off,0,2022-09-18
709363,130178,Personal Loan,12735,10.04,3,Paid Off,0,2022-05-20
709364,109580,Personal Loan,22657,10.7,1,Paid Off,0,2025-01-09
709365,128679,Business Loan,56315,6.51,5,Paid Off,0,2023-05-17
709366,132823,Business Loan,109056,5.4,10,Active,0,2022-12-16
709367,146875,Personal Loan,1544,7.04,1,Paid Off,0,2024-11-30
709368,138983,Business Loan,223917,3.58,10,Paid Off,0,2025-10-02
709369,149187,Personal Loan,2820,5.15,3,Active,0,2022-07-19
709370,106081,Auto Loan,48077,4.27,5,Paid Off,0,2024-09-21
709371,138419,Personal Loan,21402,6.88,3,Paid Off,0,2023-10-13
709372,119492,Mortgage,231961,6.58,30,Paid Off,0,2021-12-20
709373,101127,Business Loan,228618,6.16,5,Paid Off,0,2024-06-30
709374,127133,Personal Loan,9257,5.11,3,Active,0,2026-05-31
709375,127720,Business Loan,29657,4.85,10,Active,0,2022-09-21
709376,136052,Mortgage,153364,4.94,30,Paid Off,0,2026-06-15
709377,146372,Business Loan,231598,5.21,5,Active,0,2022-07-11
709378,116413,Business Loan,182681,5.85,5,Paid Off,0,2023-11-24
709379,139879,Auto Loan,26436,10.15,6,Active,0,2025-01-25
709380,130451,Mortgage,264799,6.39,30,Paid Off,0,2024-01-28
709381,115022,Mortgage,285811,4.08,30,Paid Off,0,2021-11-12
709382,109235,Business Loan,163034,6.49,10,Active,0,2025-04-10
709383,109845,Auto Loan,23498,9.87,3,Active,0,2025-01-12
709384,110020,Auto Loan,15225,6.82,5,Paid Off,0,2022-07-13
709385,147256,Personal Loan,22344,11.22,5,Paid Off,0,2023-10-27
709386,104851,Auto Loan,57474,5.66,5,Paid Off,0,2023-01-28
709387,120296,Business Loan,61314,6.41,10,Paid Off,0,2023-09-30
709388,104093,Mortgage,320011,11.47,30,Paid Off,0,2021-11-04
709389,138449,Auto Loan,10687,5.93,6,Paid Off,0,2025-01-28
709390,126262,Personal Loan,10784,11.07,1,Paid Off,0,2021-10-05
709391,148309,Business Loan,244272,5.4,5,Paid Off,0,2025-04-14
709392,106245,Mortgage,290805,3.66,30,Paid Off,0,2023-07-15
709393,143656,Personal Loan,6629,3.75,3,Paid Off,0,2025-08-28
709394,142308,Personal Loan,17785,5.24,1,Paid Off,0,2025-01-18
709395,101464,Auto Loan,41047,4.74,6,Paid Off,0,2026-04-21
709396,145436,Business Loan,218797,5.97,10,Active,0,2025-02-20
709397,140348,Auto Loan,30891,6.62,5,Active,0,2023-09-11
709398,124131,Business Loan,99155,9.58,5,Active,0,2025-01-28
709399,133945,Auto Loan,17278,4.35,6,Active,0,2022-11-18
709400,123638,Mortgage,182144,6.79,30,Paid Off,0,2025-04-08
709401,118389,Business Loan,244708,4.12,10,Paid Off,0,2022-04-01
709402,138292,Mortgage,465329,6.58,30,Paid Off,0,2025-08-23
709403,105286,Personal Loan,16868,6.27,3,Paid Off,0,2025-01-04
709404,110591,Personal Loan,9209,5.62,1,Active,0,2025-06-17
709405,141190,Auto Loan,47273,5.72,6,Active,0,2024-08-25
709406,138837,Auto Loan,15628,8.29,5,Active,0,2023-11-03
709407,119080,Business Loan,115630,3.51,10,Paid Off,0,2025-06-06
709408,138550,Business Loan,126392,3.58,5,Paid Off,0,2025-10-27
709409,131540,Business Loan,28822,11.36,5,Active,0,2024-08-15
709410,142498,Personal Loan,12630,5.7,1,Paid Off,0,2024-04-19
709411,138976,Auto Loan,31753,6.12,3,Paid Off,0,2021-08-31
709412,130671,Business Loan,136380,3.52,10,Paid Off,0,2022-11-23
709413,143518,Mortgage,541441,6.93,30,Defaulted,1,2024-11-16
709414,120385,Business Loan,166737,6.08,5,Active,0,2022-03-15
709415,114865,Personal Loan,4673,5.67,5,Active,0,2022-01-26
709416,137974,Mortgage,592745,6.64,30,Paid Off,0,2023-08-17
709417,108879,Auto Loan,11840,6.46,6,Active,0,2025-03-02
709418,126744,Auto Loan,36096,4.28,5,Paid Off,0,2025-01-21
709419,132880,Business Loan,235920,4.52,5,Active,0,2025-12-22
709420,142082,Mortgage,183004,6.46,30,Paid Off,0,2025-08-03
709421,138487,Auto Loan,17903,7.38,6,Active,0,2023-06-27
709422,146470,Auto Loan,53564,3.58,6,Paid Off,0,2023-06-07
709423,122956,Auto Loan,43237,6.67,3,Paid Off,0,2025-03-25
709424,110407,Business Loan,87212,4.51,10,Active,0,2024-03-27
709425,138873,Business Loan,124716,6.39,10,Paid Off,0,2024-03-05
709426,140120,Mortgage,269251,5.76,30,Paid Off,0,2023-05-25
709427,132681,Auto Loan,28352,9.45,6,Paid Off,0,2021-10-01
709428,128534,Personal Loan,15117,8.1,3,Paid Off,0,2025-09-20
709429,127562,Business Loan,134864,4.1,5,Paid Off,0,2025-06-16
709430,122265,Personal Loan,8427,8.44,3,Active,0,2025-03-26
709431,108326,Business Loan,166445,6.12,10,Paid Off,0,2024-11-30
709432,110263,Personal Loan,22514,6.27,5,Paid Off,0,2026-07-11
709433,138998,Auto Loan,29056,6.65,3,Paid Off,0,2024-08-25
709434,114854,Auto Loan,44658,6.66,6,Paid Off,0,2025-06-16
709435,131699,Auto Loan,26274,6.26,3,Paid Off,0,2021-09-23
709436,115486,Personal Loan,24892,4.62,3,Active,0,2022-09-11
709437,118188,Personal Loan,2889,3.94,1,Active,0,2024-09-25
709438,118685,Business Loan,214214,9.16,5,Active,0,2026-03-09
709439,136874,Business Loan,42861,6.63,10,Paid Off,0,2023-05-14
709440,119231,Business Loan,150988,5.42,10,Active,0,2025-09-15
709441,102299,Mortgage,503497,6.79,30,Active,0,2023-01-14
709442,126383,Personal Loan,20379,5.23,1,Paid Off,0,2023-07-22
709443,139380,Auto Loan,18720,6.14,5,Paid Off,0,2021-11-30
709444,102186,Personal Loan,19065,3.71,5,Active,0,2026-04-15
709445,146633,Business Loan,153589,7.5,5,Active,0,2025-07-02
709446,113676,Business Loan,234945,7.12,10,Active,0,2022-10-12
709447,114657,Mortgage,512712,6.25,30,Active,0,2024-08-26
709448,126932,Business Loan,97583,5.24,10,Active,0,2022-02-27
709449,122808,Personal Loan,14659,3.54,3,Active,0,2023-06-07
709450,141468,Mortgage,171045,10.9,30,Paid Off,0,2024-07-10
709451,122747,Personal Loan,17760,7.0,1,Active,0,2022-08-25
709452,129253,Personal Loan,19924,6.42,1,Paid Off,0,2026-07-17
709453,121799,Mortgage,351438,6.36,30,Active,0,2021-11-24
709454,104660,Personal Loan,7180,6.33,1,Active,0,2024-01-12
709455,106394,Mortgage,317782,4.27,30,Active,0,2023-07-19
709456,100648,Auto Loan,51223,4.39,5,Defaulted,1,2024-10-11
709457,148364,Auto Loan,42437,10.32,6,Active,0,2026-01-25
709458,115311,Business Loan,65596,4.87,5,Paid Off,0,2024-04-14
709459,101392,Auto Loan,30267,6.02,3,Active,0,2026-04-24
709460,106014,Personal Loan,6727,4.5,3,Paid Off,0,2025-05-30
709461,124636,Mortgage,311398,6.54,30,Active,0,2023-07-07
709462,113118,Auto Loan,20616,6.12,6,Paid Off,0,2024-02-20
709463,104548,Personal Loan,8718,9.37,3,Paid Off,0,2025-11-11
709464,144160,Mortgage,354140,4.21,30,Paid Off,0,2025-03-31
709465,113298,Personal Loan,17005,5.27,1,Paid Off,0,2022-11-29
709466,106882,Auto Loan,11920,8.64,6,Active,0,2023-10-16
709467,138572,Auto Loan,27527,4.43,5,Active,0,2024-01-02
709468,113153,Mortgage,486227,4.83,30,Paid Off,0,2023-02-15
709469,144607,Business Loan,98562,6.71,10,Paid Off,0,2023-04-29
709470,128974,Mortgage,326848,3.67,30,Active,0,2025-09-12
709471,142386,Auto Loan,50805,8.93,3,Paid Off,0,2024-10-02
709472,106988,Mortgage,563889,4.05,30,Active,0,2022-11-24
709473,109123,Personal Loan,5541,6.78,3,Paid Off,0,2022-02-18
709474,106205,Mortgage,350150,10.59,30,Paid Off,0,2024-12-27
709475,104402,Personal Loan,9000,7.71,5,Paid Off,0,2023-12-22
709476,116796,Mortgage,335782,6.3,30,Active,0,2022-11-23
709477,106233,Mortgage,505194,10.12,30,Paid Off,0,2026-03-29
709478,106253,Auto Loan,43038,5.08,6,Paid Off,0,2022-07-07
709479,111912,Auto Loan,54190,5.03,3,Active,0,2024-08-11
709480,102990,Auto Loan,32354,7.85,6,Active,0,2023-03-09
709481,125201,Personal Loan,1362,8.6,3,Paid Off,0,2024-08-11
709482,120076,Auto Loan,27468,11.28,6,Paid Off,0,2022-12-28
709483,106739,Auto Loan,35833,10.58,5,Paid Off,0,2025-04-14
709484,134053,Business Loan,212176,9.05,5,Active,0,2025-09-03
709485,146607,Personal Loan,11221,5.99,3,Paid Off,0,2024-12-27
709486,149294,Mortgage,565203,6.48,30,Active,0,2022-08-09
709487,105262,Personal Loan,6553,9.9,1,Defaulted,1,2026-05-03
709488,138018,Business Loan,243732,5.78,10,Active,0,2024-02-20
709489,136690,Business Loan,177924,5.1,10,Paid Off,0,2023-04-02
709490,126471,Personal Loan,10152,6.48,1,Paid Off,0,2023-02-10
709491,109264,Auto Loan,40711,9.52,6,Defaulted,1,2023-02-12
709492,117534,Business Loan,121028,11.22,10,Active,0,2023-05-23
709493,129469,Auto Loan,59788,5.52,6,Paid Off,0,2024-11-21
709494,133516,Business Loan,90564,8.78,10,Active,0,2025-12-04
709495,139997,Business Loan,177937,6.82,5,Defaulted,1,2026-06-16
709496,110565,Business Loan,185071,10.95,10,Paid Off,0,2024-07-18
709497,117815,Personal Loan,21051,4.51,5,Paid Off,0,2023-06-11
709498,122824,Business Loan,239687,9.42,5,Paid Off,0,2024-04-23
709499,119869,Mortgage,523506,4.73,30,Paid Off,0,2025-09-10
709500,126085,Personal Loan,15168,6.73,1,Paid Off,0,2026-06-15
709501,125115,Auto Loan,15077,5.78,6,Active,0,2025-08-23
709502,133596,Business Loan,134875,4.65,5,Paid Off,0,2023-05-08
709503,124411,Mortgage,530041,5.15,30,Paid Off,0,2025-01-09
709504,125528,Mortgage,550139,4.48,30,Paid Off,0,2025-06-01
709505,110552,Mortgage,441117,9.92,30,Paid Off,0,2022-03-13
709506,101442,Business Loan,214816,3.92,10,Paid Off,0,2022-04-11
709507,145177,Business Loan,246568,5.7,10,Active,0,2026-06-25
709508,149014,Personal Loan,24999,11.45,3,Active,0,2023-10-05
709509,119658,Mortgage,213217,5.67,30,Paid Off,0,2022-03-17
709510,126003,Mortgage,475135,7.84,30,Paid Off,0,2023-04-19
709511,144576,Business Loan,226704,6.68,10,Paid Off,0,2025-05-26
709512,137648,Mortgage,292110,4.25,30,Paid Off,0,2022-08-06
709513,147240,Business Loan,182901,9.44,10,Active,0,2021-10-08
709514,111077,Business Loan,189584,4.25,5,Paid Off,0,2023-06-02
709515,109793,Auto Loan,33551,6.66,6,Active,0,2022-02-28
709516,121124,Auto Loan,53209,5.5,5,Paid Off,0,2024-06-24
709517,113585,Business Loan,77587,5.67,10,Active,0,2023-06-13
709518,130749,Personal Loan,19571,4.48,5,Paid Off,0,2022-02-18
709519,148932,Mortgage,532447,4.52,30,Paid Off,0,2025-01-18
709520,136190,Auto Loan,13801,10.76,6,Paid Off,0,2022-07-24
709521,125806,Auto Loan,46801,6.79,5,Paid Off,0,2022-07-19
709522,108761,Mortgage,517861,6.75,30,Active,0,2022-08-30
709523,141818,Business Loan,230229,9.39,10,Paid Off,0,2024-11-16
709524,105438,Mortgage,396098,7.73,30,Active,0,2024-07-18
709525,110229,Personal Loan,12824,4.51,5,Active,0,2024-09-26
709526,144192,Personal Loan,10618,10.68,5,Active,0,2025-09-14
709527,107462,Mortgage,216677,3.85,30,Paid Off,0,2022-03-23
709528,123381,Business Loan,72205,6.99,5,Active,0,2021-07-20
709529,142102,Mortgage,422750,6.34,30,Paid Off,0,2025-05-15
709530,132791,Personal Loan,15335,4.34,5,Active,0,2026-02-22
709531,100911,Auto Loan,19783,4.28,6,Active,0,2024-06-08
709532,102772,Auto Loan,18009,6.5,6,Active,0,2022-04-29
709533,136532,Mortgage,171784,9.3,30,Paid Off,0,2022-02-02
709534,102351,Mortgage,354593,11.8,30,Paid Off,0,2023-09-15
709535,123048,Auto Loan,34406,4.89,6,Paid Off,0,2022-04-17
709536,135578,Business Loan,48733,7.11,10,Active,0,2022-04-07
709537,128299,Mortgage,564785,4.99,30,Active,0,2022-12-19
709538,149928,Auto Loan,16306,6.81,5,Paid Off,0,2025-03-02
709539,127824,Auto Loan,52070,10.83,3,Paid Off,0,2025-10-03
709540,103942,Auto Loan,25826,11.32,3,Active,0,2024-04-04
709541,110079,Personal Loan,14269,6.23,5,Active,0,2022-01-08
709542,130166,Personal Loan,16935,11.38,3,Paid Off,0,2023-06-20
709543,112038,Auto Loan,53798,4.91,5,Paid Off,0,2024-02-21
709544,102595,Auto Loan,14844,10.43,5,Paid Off,0,2026-01-05
709545,117704,Business Loan,225032,4.14,5,Paid Off,0,2025-07-28
709546,102442,Auto Loan,12525,9.07,5,Paid Off,0,2025-04-16
709547,101295,Auto Loan,18403,4.99,6,Paid Off,0,2025-01-08
709548,134821,Auto Loan,14874,5.8,3,Active,0,2022-11-17
709549,102649,Business Loan,47196,11.07,10,Active,0,2022-01-03
709550,101807,Mortgage,552988,11.07,30,Paid Off,0,2026-06-18
709551,123935,Personal Loan,5603,7.1,5,Defaulted,1,2024-12-17
709552,102861,Auto Loan,51881,5.73,3,Paid Off,0,2023-09-16
709553,111168,Mortgage,193828,6.81,30,Active,0,2023-08-17
709554,112993,Business Loan,122093,7.85,5,Active,0,2023-05-24
709555,108897,Business Loan,49885,4.23,5,Paid Off,0,2023-08-04
709556,109311,Mortgage,276667,6.5,30,Active,0,2025-01-01
709557,130398,Auto Loan,19251,9.93,6,Paid Off,0,2024-10-12
709558,131022,Mortgage,362776,6.79,30,Active,0,2021-08-29
709559,132132,Mortgage,556888,5.41,30,Active,0,2024-03-18
709560,101748,Business Loan,84882,6.91,5,Paid Off,0,2025-06-13
709561,148915,Auto Loan,39188,8.76,3,Active,0,2022-04-19
709562,118980,Auto Loan,25317,6.67,5,Paid Off,0,2025-02-19
709563,118937,Mortgage,297045,6.27,30,Paid Off,0,2025-09-18
709564,109654,Mortgage,399921,3.77,30,Paid Off,0,2023-07-19
709565,128146,Personal Loan,1038,10.9,5,Active,0,2025-09-02
709566,120944,Auto Loan,54128,9.73,6,Active,0,2024-06-18
709567,104563,Business Loan,212340,6.63,5,Active,0,2022-02-23
709568,115259,Mortgage,375994,10.64,30,Paid Off,0,2023-02-09
709569,104619,Personal Loan,8809,4.23,1,Active,0,2022-01-25
709570,108153,Mortgage,186301,5.06,30,Active,0,2024-02-17
709571,107811,Mortgage,305242,8.28,30,Paid Off,0,2025-09-27
709572,109270,Personal Loan,8239,5.5,1,Paid Off,0,2023-09-10
709573,112865,Mortgage,247280,6.93,30,Paid Off,0,2021-09-10
709574,102158,Business Loan,187105,8.77,10,Paid Off,0,2024-10-08
709575,148336,Business Loan,48660,4.24,5,Paid Off,0,2023-05-28
709576,119227,Auto Loan,35514,4.72,5,Paid Off,0,2024-05-07
709577,149307,Mortgage,340208,9.67,30,Defaulted,1,2021-09-07
709578,132248,Mortgage,193843,10.46,30,Paid Off,0,2025-01-21
709579,114335,Personal Loan,1104,5.49,3,Active,0,2022-06-17
709580,147572,Auto Loan,32633,3.78,6,Active,0,2024-02-08
709581,112750,Mortgage,481918,4.97,30,Active,0,2022-04-08
709582,134667,Mortgage,512667,8.5,30,Paid Off,0,2023-03-08
709583,131439,Business Loan,177846,10.44,5,Paid Off,0,2025-04-24
709584,116466,Business Loan,100494,11.13,10,Paid Off,0,2024-12-27
709585,112296,Business Loan,118848,7.24,5,Paid Off,0,2023-05-26
709586,107062,Personal Loan,24464,6.82,5,Active,0,2021-10-15
709587,128494,Mortgage,541422,6.14,30,Active,0,2022-02-06
709588,111921,Auto Loan,42755,3.59,3,Defaulted,1,2023-01-22
709589,108568,Auto Loan,34952,6.12,3,Paid Off,0,2026-05-15
709590,103269,Business Loan,73105,5.89,10,Defaulted,1,2023-11-03
709591,122466,Personal Loan,10567,9.15,1,Paid Off,0,2022-11-16
709592,149641,Auto Loan,21659,8.48,6,Paid Off,0,2026-01-26
709593,108402,Business Loan,78611,4.81,5,Active,0,2024-03-07
709594,112481,Personal Loan,17426,9.16,1,Paid Off,0,2023-01-11
709595,110146,Auto Loan,26320,5.92,6,Active,0,2023-02-25
709596,105861,Mortgage,551347,6.64,30,Active,0,2024-05-07
709597,137202,Mortgage,536150,5.76,30,Paid Off,0,2025-04-11
709598,134798,Mortgage,389760,11.86,30,Paid Off,0,2024-10-20
709599,107936,Business Loan,215174,4.38,10,Active,0,2022-11-05
709600,141966,Auto Loan,25847,6.97,6,Active,0,2025-03-07
709601,110378,Mortgage,381287,6.96,30,Paid Off,0,2026-06-03
709602,113177,Mortgage,229162,4.87,30,Paid Off,0,2023-06-25
709603,119364,Business Loan,33965,4.61,10,Active,0,2026-03-25
709604,112732,Business Loan,194314,10.61,5,Paid Off,0,2025-12-08
709605,115217,Mortgage,449763,4.16,30,Paid Off,0,2024-07-06
709606,126982,Mortgage,587306,5.79,30,Paid Off,0,2022-07-08
709607,120450,Auto Loan,24094,10.96,3,Active,0,2023-06-12
709608,133352,Mortgage,500279,9.39,30,Paid Off,0,2023-10-02
709609,122878,Mortgage,456957,5.8,30,Paid Off,0,2024-11-29
709610,121712,Mortgage,456058,4.47,30,Paid Off,0,2022-07-09
709611,132382,Business Loan,81043,4.44,5,Active,0,2026-01-17
709612,132321,Business Loan,91784,8.6,5,Paid Off,0,2025-11-07
709613,135902,Mortgage,237208,6.74,30,Paid Off,0,2025-04-12
709614,105904,Personal Loan,23419,11.96,5,Paid Off,0,2022-01-29
709615,142164,Personal Loan,24514,9.61,5,Paid Off,0,2022-08-05
709616,133201,Auto Loan,46522,10.33,6,Paid Off,0,2023-09-08
709617,126452,Mortgage,275444,10.15,30,Active,0,2022-05-09
709618,138924,Auto Loan,52875,8.69,3,Paid Off,0,2023-04-29
709619,114321,Business Loan,30260,6.26,5,Defaulted,1,2024-09-27
709620,148606,Business Loan,74935,11.07,5,Defaulted,1,2021-09-02
709621,139511,Mortgage,151982,6.02,30,Active,0,2025-02-05
709622,108932,Mortgage,171735,6.96,30,Paid Off,0,2025-01-05
709623,106463,Personal Loan,9079,5.11,5,Paid Off,0,2026-04-29
709624,112372,Business Loan,211351,3.78,10,Paid Off,0,2026-07-01
709625,128113,Personal Loan,17684,9.32,5,Paid Off,0,2022-08-26
709626,131741,Auto Loan,50222,11.05,6,Active,0,2025-02-11
709627,116935,Mortgage,263728,6.4,30,Paid Off,0,2022-07-18
709628,124999,Auto Loan,11938,4.7,3,Active,0,2024-08-01
709629,126529,Business Loan,122280,3.79,5,Active,0,2026-07-07
709630,141234,Personal Loan,10632,5.05,5,Defaulted,1,2021-10-21
709631,116728,Personal Loan,12950,3.83,5,Active,0,2026-01-04
709632,120549,Auto Loan,59574,5.63,5,Paid Off,0,2024-01-08
709633,134709,Auto Loan,33617,4.38,5,Paid Off,0,2024-09-08
709634,118173,Business Loan,223965,4.32,10,Active,0,2021-11-27
709635,111119,Personal Loan,14103,6.24,1,Paid Off,0,2024-11-22
709636,117644,Mortgage,554836,9.23,30,Defaulted,1,2025-06-03
709637,148333,Personal Loan,12034,8.57,5,Active,0,2021-08-26
709638,126939,Business Loan,99429,3.78,5,Paid Off,0,2024-10-02
709639,115505,Personal Loan,15924,5.37,3,Active,0,2026-03-29
709640,112407,Mortgage,526357,8.03,30,Paid Off,0,2022-06-29
709641,115520,Personal Loan,11614,11.53,5,Paid Off,0,2025-05-24
709642,125340,Personal Loan,2708,6.25,1,Paid Off,0,2021-10-26
709643,103126,Business Loan,140904,4.94,5,Active,0,2023-03-14
709644,119489,Personal Loan,3644,5.73,1,Active,0,2023-12-10
709645,135567,Mortgage,564253,5.96,30,Paid Off,0,2023-08-16
709646,145031,Mortgage,457689,6.32,30,Active,0,2023-05-02
709647,130387,Auto Loan,55794,8.94,3,Paid Off,0,2022-07-04
709648,127865,Business Loan,69605,10.93,5,Active,0,2025-02-17
709649,116100,Business Loan,118333,6.49,5,Paid Off,0,2022-08-24
709650,136781,Personal Loan,8369,11.64,5,Active,0,2025-01-28
709651,130512,Mortgage,225196,6.68,30,Paid Off,0,2025-05-16
709652,115572,Personal Loan,22452,4.71,1,Paid Off,0,2022-03-27
709653,145356,Auto Loan,40545,10.61,5,Paid Off,0,2022-12-17
709654,110583,Personal Loan,11863,4.8,5,Active,0,2024-08-23
709655,108842,Personal Loan,17928,3.96,1,Active,0,2024-06-19
709656,111380,Auto Loan,42162,10.95,3,Active,0,2023-08-17
709657,117880,Auto Loan,11482,5.01,3,Active,0,2023-10-29
709658,104520,Mortgage,533342,4.94,30,Active,0,2021-11-18
709659,135373,Auto Loan,34197,4.04,3,Paid Off,0,2025-03-10
709660,116054,Mortgage,206994,3.67,30,Active,0,2025-03-19
709661,135705,Auto Loan,24776,11.29,6,Active,0,2026-01-16
709662,121402,Business Loan,223650,6.38,5,Paid Off,0,2025-08-03
709663,111335,Business Loan,98686,11.65,10,Paid Off,0,2026-03-21
709664,136197,Mortgage,349219,6.28,30,Paid Off,0,2024-03-11
709665,101289,Business Loan,62572,5.53,5,Active,0,2023-12-17
709666,111426,Business Loan,56448,4.44,10,Active,0,2024-07-27
709667,139990,Personal Loan,23985,6.54,3,Active,0,2025-07-17
709668,103935,Mortgage,461971,5.87,30,Active,0,2025-11-12
709669,145617,Personal Loan,16770,5.36,3,Active,0,2025-06-26
709670,142345,Business Loan,119678,4.43,5,Paid Off,0,2024-05-05
709671,137520,Mortgage,194065,5.35,30,Active,0,2023-03-12
709672,121072,Auto Loan,48889,8.85,3,Paid Off,0,2025-03-28
709673,148684,Personal Loan,4927,10.19,3,Active,0,2023-09-06
709674,101451,Mortgage,490407,3.84,30,Paid Off,0,2024-10-03
709675,101501,Auto Loan,24508,4.85,6,Paid Off,0,2021-12-04
709676,142278,Auto Loan,11005,4.32,5,Active,0,2025-03-12
709677,135532,Business Loan,29403,6.39,5,Paid Off,0,2023-01-25
709678,142305,Mortgage,311435,11.23,30,Paid Off,0,2021-12-29
709679,102635,Personal Loan,21030,7.77,3,Paid Off,0,2021-12-15
709680,131111,Business Loan,54462,6.13,5,Paid Off,0,2022-05-10
709681,137913,Auto Loan,22842,3.62,3,Active,0,2023-01-07
709682,144287,Auto Loan,59823,4.66,3,Active,0,2024-10-09
709683,143929,Personal Loan,17415,3.61,5,Paid Off,0,2024-09-24
709684,147508,Business Loan,35417,6.11,5,Active,0,2022-04-17
709685,145358,Auto Loan,49690,7.69,5,Active,0,2025-09-07
709686,145669,Mortgage,396823,5.54,30,Paid Off,0,2023-12-05
709687,113451,Business Loan,105046,6.65,10,Active,0,2026-01-17
709688,125950,Mortgage,392249,6.03,30,Active,0,2023-08-26
709689,119577,Business Loan,102704,6.78,10,Active,0,2023-03-24
709690,148564,Auto Loan,10168,8.87,5,Paid Off,0,2026-03-14
709691,131014,Mortgage,439496,5.01,30,Paid Off,0,2026-05-22
709692,140490,Personal Loan,9618,7.52,1,Paid Off,0,2024-05-07
709693,127754,Auto Loan,26104,4.47,6,Active,0,2022-08-23
709694,141666,Personal Loan,7025,3.63,1,Active,0,2024-07-14
709695,120685,Auto Loan,39030,5.25,3,Paid Off,0,2026-03-27
709696,140507,Business Loan,45432,4.48,5,Paid Off,0,2025-06-19
709697,142384,Business Loan,37273,8.73,5,Paid Off,0,2025-02-09
709698,137754,Business Loan,55406,3.53,5,Paid Off,0,2023-09-01
709699,114293,Business Loan,133150,5.84,5,Active,0,2024-03-03
709700,127402,Auto Loan,53315,4.17,3,Paid Off,0,2023-10-24
709701,116875,Business Loan,190049,6.95,10,Active,0,2024-06-10
709702,148253,Business Loan,79749,3.88,5,Paid Off,0,2025-06-28
709703,105175,Business Loan,225477,6.97,10,Paid Off,0,2023-02-01
709704,103315,Mortgage,250926,4.88,30,Active,0,2025-03-18
709705,146335,Mortgage,565651,4.46,30,Active,0,2022-04-24
709706,108413,Personal Loan,9799,4.21,1,Active,0,2026-06-14
709707,111196,Auto Loan,13113,3.81,3,Paid Off,0,2023-05-31
709708,121412,Personal Loan,24957,6.17,5,Paid Off,0,2025-07-22
709709,113657,Mortgage,259261,6.61,30,Active,0,2025-01-21
709710,102231,Mortgage,408532,5.67,30,Defaulted,1,2022-03-11
709711,104466,Personal Loan,24678,5.91,3,Paid Off,0,2024-07-17
709712,149106,Auto Loan,22051,6.13,3,Defaulted,1,2024-10-12
709713,118592,Business Loan,69859,4.0,5,Active,0,2024-04-02
709714,103703,Business Loan,182198,5.65,10,Paid Off,0,2025-02-26
709715,111100,Mortgage,427385,4.89,30,Paid Off,0,2026-01-18
709716,126594,Auto Loan,20950,11.95,3,Active,0,2021-10-29
709717,130490,Mortgage,360846,11.6,30,Paid Off,0,2025-06-09
709718,147846,Auto Loan,35971,4.21,5,Active,0,2024-08-10
709719,144174,Auto Loan,52808,5.28,6,Active,0,2026-03-08
709720,101884,Personal Loan,18103,6.34,3,Defaulted,1,2026-03-12
709721,100457,Business Loan,183052,11.05,10,Active,0,2025-05-27
709722,132348,Business Loan,122427,5.22,10,Paid Off,0,2023-09-03
709723,120832,Auto Loan,44441,5.58,3,Active,0,2024-01-18
709724,116620,Business Loan,82737,8.84,10,Paid Off,0,2023-01-02
709725,100588,Business Loan,110704,5.77,5,Paid Off,0,2025-11-05
709726,142770,Auto Loan,28120,6.49,3,Active,0,2026-03-18
709727,116179,Auto Loan,46345,5.27,6,Active,0,2021-11-25
709728,122876,Personal Loan,7317,5.99,1,Active,0,2021-07-31
709729,130704,Auto Loan,38219,5.4,3,Active,0,2022-12-13
709730,106098,Business Loan,97550,4.83,5,Active,0,2025-07-09
709731,145925,Personal Loan,4282,9.02,3,Paid Off,0,2024-04-14
709732,101344,Mortgage,333880,3.67,30,Active,0,2026-01-19
709733,100468,Auto Loan,41957,11.53,6,Active,0,2024-05-12
709734,147123,Auto Loan,56274,5.6,5,Defaulted,1,2023-04-27
709735,149007,Personal Loan,19329,11.73,3,Active,0,2026-06-08
709736,143701,Mortgage,235150,5.04,30,Paid Off,0,2024-12-08
709737,112353,Mortgage,510554,6.31,30,Active,0,2024-08-20
709738,106301,Auto Loan,45463,5.16,5,Active,0,2023-03-15
709739,144275,Personal Loan,11801,8.73,1,Active,0,2024-07-18
709740,115666,Auto Loan,32045,6.3,5,Active,0,2023-01-22
709741,116298,Mortgage,389557,8.14,30,Paid Off,0,2025-04-05
709742,120585,Personal Loan,2575,10.62,3,Paid Off,0,2025-12-08
709743,103289,Auto Loan,26608,5.05,6,Paid Off,0,2023-05-01
709744,142103,Mortgage,184958,9.48,30,Paid Off,0,2026-06-04
709745,104401,Business Loan,188792,8.93,10,Active,0,2025-08-29
709746,110123,Auto Loan,59126,7.38,5,Active,0,2023-05-19
709747,127227,Personal Loan,17892,11.0,1,Active,0,2021-09-04
709748,113399,Mortgage,493409,5.99,30,Active,0,2025-01-10
709749,115697,Business Loan,91614,5.84,5,Active,0,2022-12-18
709750,119676,Business Loan,62160,4.69,10,Defaulted,1,2025-03-29
709751,110390,Auto Loan,24868,5.16,5,Paid Off,0,2023-12-04
709752,116266,Personal Loan,21225,4.73,1,Paid Off,0,2022-02-03
709753,102826,Business Loan,208350,6.39,10,Paid Off,0,2024-11-25
709754,120574,Mortgage,366740,5.83,30,Paid Off,0,2023-10-06
709755,108374,Business Loan,140050,6.35,10,Active,0,2022-09-03
709756,127512,Auto Loan,54362,6.0,6,Active,0,2022-03-09
709757,140580,Business Loan,198038,9.08,5,Active,0,2024-08-05
709758,130658,Auto Loan,47440,6.53,5,Paid Off,0,2022-03-06
709759,129871,Business Loan,34039,5.66,10,Active,0,2023-01-19
709760,116323,Personal Loan,10152,4.65,5,Active,0,2023-02-01
709761,135542,Mortgage,506329,5.84,30,Paid Off,0,2023-09-11
709762,124901,Auto Loan,49402,6.67,3,Active,0,2024-08-08
709763,102993,Mortgage,194544,3.6,30,Paid Off,0,2022-08-21
709764,148980,Business Loan,181986,4.9,5,Paid Off,0,2025-09-24
709765,111574,Auto Loan,26833,5.05,6,Active,0,2025-12-23
709766,102088,Mortgage,358870,6.19,30,Paid Off,0,2024-05-10
709767,126152,Business Loan,139246,4.01,10,Paid Off,0,2026-02-04
709768,127735,Personal Loan,24041,5.77,1,Active,0,2022-01-23
709769,129094,Auto Loan,13864,5.59,5,Paid Off,0,2025-02-11
709770,123837,Personal Loan,10113,4.43,5,Paid Off,0,2025-01-26
709771,135979,Personal Loan,8679,4.41,1,Active,0,2025-01-14
709772,122917,Personal Loan,7740,6.3,3,Paid Off,0,2023-12-05
709773,126463,Business Loan,82612,4.62,10,Active,0,2023-04-01
709774,129356,Business Loan,52090,6.94,10,Active,0,2022-06-21
709775,112945,Business Loan,33491,6.95,5,Active,0,2023-10-10
709776,109113,Business Loan,72956,5.45,5,Paid Off,0,2025-06-06
709777,123825,Auto Loan,35198,9.8,5,Paid Off,0,2024-10-13
709778,120186,Mortgage,475744,4.68,30,Paid Off,0,2022-04-05
709779,136619,Auto Loan,54677,6.62,6,Active,0,2024-07-25
709780,110761,Mortgage,473277,4.13,30,Active,0,2022-09-17
709781,112946,Personal Loan,15232,4.81,5,Paid Off,0,2023-04-06
709782,149637,Business Loan,110161,6.44,5,Paid Off,0,2021-11-17
709783,129285,Business Loan,84274,6.79,10,Paid Off,0,2022-12-16
709784,125336,Auto Loan,12327,5.46,6,Active,0,2023-03-24
709785,103547,Personal Loan,24077,4.2,3,Paid Off,0,2023-09-19
709786,110648,Personal Loan,1967,5.68,1,Active,0,2021-07-24
709787,127218,Personal Loan,15658,8.56,3,Paid Off,0,2024-05-24
709788,120831,Auto Loan,45064,4.77,5,Active,0,2026-02-17
709789,129279,Auto Loan,58474,8.72,6,Paid Off,0,2025-02-25
709790,121666,Auto Loan,58541,9.15,3,Paid Off,0,2026-06-05
709791,133797,Business Loan,229867,5.74,5,Active,0,2023-02-25
709792,113539,Auto Loan,28199,6.44,5,Active,0,2021-10-17
709793,124196,Auto Loan,40950,4.42,6,Active,0,2022-10-13
709794,120755,Personal Loan,7017,7.74,1,Active,0,2024-10-20
709795,113315,Business Loan,159386,3.6,5,Paid Off,0,2021-12-10
709796,111806,Personal Loan,15370,5.36,5,Active,0,2024-09-14
709797,121167,Personal Loan,12570,5.49,1,Active,0,2022-05-24
709798,132801,Business Loan,41630,5.77,5,Paid Off,0,2021-12-10
709799,120292,Business Loan,86669,10.24,10,Active,0,2021-09-26
709800,136204,Auto Loan,12162,3.55,5,Active,0,2024-11-28
709801,110609,Mortgage,567953,8.65,30,Paid Off,0,2021-07-27
709802,112783,Business Loan,149591,3.93,5,Paid Off,0,2024-08-24
709803,115566,Mortgage,312252,4.81,30,Paid Off,0,2023-08-20
709804,136995,Personal Loan,22566,4.85,1,Paid Off,0,2025-04-05
709805,124501,Mortgage,314977,5.78,30,Active,0,2023-08-15
709806,127951,Business Loan,210825,8.75,5,Active,0,2022-01-01
709807,112124,Business Loan,232718,6.4,5,Paid Off,0,2023-10-05
709808,116886,Mortgage,550822,7.62,30,Paid Off,0,2026-03-26
709809,113497,Auto Loan,52858,6.67,5,Paid Off,0,2026-05-08
709810,104010,Mortgage,211000,6.5,30,Paid Off,0,2021-07-17
709811,115805,Mortgage,473823,9.51,30,Active,0,2023-09-18
709812,107496,Auto Loan,18843,6.54,6,Paid Off,0,2024-05-20
709813,141524,Business Loan,240737,3.71,10,Active,0,2023-09-17
709814,115480,Personal Loan,21777,6.64,3,Active,0,2024-09-03
709815,145668,Mortgage,183842,4.2,30,Paid Off,0,2024-09-23
709816,101992,Mortgage,246706,3.53,30,Paid Off,0,2023-02-18
709817,140968,Mortgage,363611,8.39,30,Defaulted,1,2022-11-16
709818,109097,Personal Loan,16772,4.04,5,Paid Off,0,2025-08-29
709819,127847,Auto Loan,35449,3.59,3,Active,0,2026-06-02
709820,121127,Business Loan,145115,3.77,10,Paid Off,0,2024-11-16
709821,119682,Mortgage,491647,3.89,30,Paid Off,0,2021-08-13
709822,126055,Business Loan,130350,4.73,5,Paid Off,0,2022-03-17
709823,118521,Personal Loan,20726,6.98,3,Active,0,2024-07-06
709824,105579,Auto Loan,49573,5.17,6,Active,0,2025-03-20
709825,145818,Business Loan,109529,5.77,10,Active,0,2023-07-31
709826,108891,Business Loan,48041,3.62,10,Paid Off,0,2022-06-07
709827,130235,Business Loan,248080,4.35,10,Paid Off,0,2025-08-03
709828,108249,Auto Loan,14168,4.93,3,Active,0,2023-01-28
709829,121837,Mortgage,200805,5.85,30,Active,0,2022-06-09
709830,134009,Business Loan,214656,7.38,10,Paid Off,0,2023-02-28
709831,128124,Auto Loan,32834,6.29,6,Active,0,2022-05-20
709832,101423,Business Loan,174029,11.87,10,Active,0,2023-03-24
709833,100436,Personal Loan,23414,5.47,3,Paid Off,0,2025-05-31
709834,113084,Mortgage,338084,4.32,30,Paid Off,0,2025-01-17
709835,145221,Business Loan,115728,8.44,5,Paid Off,0,2025-11-03
709836,133978,Auto Loan,45711,10.79,6,Paid Off,0,2023-09-11
709837,137188,Personal Loan,13148,5.45,1,Paid Off,0,2022-05-28
709838,131524,Auto Loan,42985,11.05,5,Defaulted,1,2026-02-27
709839,114339,Business Loan,82168,6.73,10,Paid Off,0,2024-12-31
709840,141221,Auto Loan,47763,6.93,6,Paid Off,0,2024-04-08
709841,107238,Mortgage,391512,5.71,30,Active,0,2023-09-01
709842,144196,Business Loan,85186,3.61,5,Paid Off,0,2022-11-22
709843,120912,Personal Loan,11019,3.54,5,Active,0,2022-11-11
709844,123964,Auto Loan,57539,5.82,6,Paid Off,0,2025-11-28
709845,134113,Auto Loan,21123,6.06,3,Active,0,2022-04-11
709846,143168,Personal Loan,16827,5.35,1,Paid Off,0,2025-03-22
709847,143761,Mortgage,342026,6.51,30,Active,0,2021-11-04
709848,143060,Mortgage,495858,5.89,30,Active,0,2022-04-17
709849,105642,Personal Loan,3188,6.67,3,Active,0,2026-02-22
709850,102743,Auto Loan,55326,6.75,3,Paid Off,0,2025-06-28
709851,107247,Mortgage,250094,4.86,30,Paid Off,0,2026-01-08
709852,126374,Personal Loan,14451,5.65,3,Active,0,2021-10-12
709853,126126,Personal Loan,3262,5.08,3,Active,0,2023-04-25
709854,124347,Auto Loan,12554,9.93,5,Paid Off,0,2024-09-13
709855,132555,Personal Loan,1009,4.35,3,Paid Off,0,2025-05-26
709856,130909,Mortgage,175623,9.07,30,Paid Off,0,2024-02-23
709857,131675,Mortgage,325244,6.52,30,Paid Off,0,2025-09-02
709858,122237,Mortgage,313592,4.36,30,Paid Off,0,2022-02-13
709859,101565,Business Loan,76425,5.72,5,Defaulted,1,2023-10-29
709860,116181,Business Loan,200099,6.93,5,Paid Off,0,2021-10-17
709861,112229,Personal Loan,13013,10.23,5,Paid Off,0,2023-12-09
709862,149329,Personal Loan,8473,3.94,3,Paid Off,0,2024-09-30
709863,142007,Personal Loan,18085,9.87,5,Paid Off,0,2024-07-30
709864,118848,Mortgage,468028,10.06,30,Active,0,2025-06-02
709865,121194,Mortgage,384790,8.24,30,Defaulted,1,2025-07-02
709866,103772,Mortgage,570351,6.07,30,Paid Off,0,2022-01-28
709867,105853,Personal Loan,2216,5.23,5,Paid Off,0,2021-08-16
709868,111541,Personal Loan,22312,11.36,3,Paid Off,0,2024-12-07
709869,135462,Auto Loan,41950,10.47,6,Paid Off,0,2025-12-26
709870,126678,Auto Loan,44365,6.45,3,Active,0,2022-05-21
709871,133420,Personal Loan,3355,4.84,1,Active,0,2024-09-09
709872,130409,Personal Loan,4234,6.58,1,Paid Off,0,2026-02-27
709873,111812,Business Loan,63088,5.69,5,Active,0,2025-11-09
709874,145919,Business Loan,59065,6.88,5,Active,0,2024-11-18
709875,107725,Auto Loan,57783,5.79,3,Active,0,2024-04-14
709876,121333,Mortgage,297991,5.92,30,Paid Off,0,2025-06-04
709877,131591,Business Loan,61263,5.1,10,Paid Off,0,2022-12-18
709878,149064,Mortgage,178482,9.98,30,Paid Off,0,2022-01-25
709879,137565,Business Loan,134245,4.04,5,Paid Off,0,2025-09-25
709880,122902,Auto Loan,55952,3.82,6,Paid Off,0,2026-07-16
709881,148301,Business Loan,191000,3.53,10,Active,0,2025-12-27
709882,115517,Auto Loan,35658,10.21,6,Active,0,2022-09-01
709883,147999,Business Loan,108194,10.21,5,Paid Off,0,2022-10-20
709884,130606,Mortgage,598197,3.59,30,Paid Off,0,2022-12-13
709885,113976,Mortgage,309408,6.28,30,Defaulted,1,2025-04-15
709886,129923,Business Loan,60080,4.22,5,Paid Off,0,2025-03-15
709887,126787,Mortgage,455670,11.51,30,Paid Off,0,2025-03-29
709888,143809,Mortgage,302810,10.82,30,Active,0,2024-06-30
709889,118192,Mortgage,480842,5.95,30,Paid Off,0,2022-06-07
709890,137484,Mortgage,244095,3.75,30,Paid Off,0,2022-07-17
709891,105129,Personal Loan,14129,5.79,1,Paid Off,0,2022-01-02
709892,147288,Business Loan,248824,11.9,10,Active,0,2024-09-05
709893,132350,Personal Loan,22494,5.17,3,Paid Off,0,2026-03-11
709894,138061,Personal Loan,8468,7.53,5,Paid Off,0,2023-05-30
709895,118555,Business Loan,107908,7.19,5,Paid Off,0,2025-03-11
709896,103242,Personal Loan,11392,11.45,3,Active,0,2024-08-15
709897,141267,Mortgage,511238,7.34,30,Paid Off,0,2025-08-17
709898,129681,Auto Loan,11215,6.53,3,Paid Off,0,2023-06-10
709899,149869,Personal Loan,11794,3.73,3,Active,0,2026-02-23
709900,145870,Mortgage,227192,6.14,30,Paid Off,0,2022-11-30
709901,105144,Auto Loan,18100,11.45,6,Active,0,2024-02-06
709902,131332,Business Loan,212099,9.9,5,Paid Off,0,2024-02-29
709903,123796,Business Loan,190150,9.34,10,Paid Off,0,2024-03-21
709904,100979,Business Loan,156224,10.63,5,Paid Off,0,2026-06-20
709905,128745,Personal Loan,6314,4.0,1,Paid Off,0,2022-08-13
709906,137009,Personal Loan,15190,4.1,1,Paid Off,0,2026-01-16
709907,111915,Mortgage,433926,8.09,30,Active,0,2023-11-09
709908,146558,Auto Loan,24092,3.6,3,Active,0,2025-03-20
709909,143680,Business Loan,132463,11.26,10,Active,0,2026-03-08
709910,106282,Mortgage,567235,5.49,30,Paid Off,0,2022-05-07
709911,115971,Business Loan,207022,10.19,5,Active,0,2024-03-07
709912,129449,Mortgage,360756,8.05,30,Paid Off,0,2024-11-23
709913,118453,Business Loan,125597,6.86,5,Paid Off,0,2024-06-25
709914,141299,Business Loan,197164,6.6,10,Active,0,2023-02-27
709915,105672,Mortgage,393021,7.18,30,Active,0,2021-09-11
709916,109976,Auto Loan,27048,6.43,6,Active,0,2026-05-15
709917,129214,Business Loan,70582,10.87,5,Active,0,2025-05-06
709918,111619,Personal Loan,17531,4.0,3,Paid Off,0,2026-07-17
709919,107586,Personal Loan,14128,6.05,5,Active,0,2026-05-15
709920,120345,Business Loan,212681,5.38,10,Paid Off,0,2022-06-13
709921,147400,Mortgage,273134,8.25,30,Active,0,2025-05-18
709922,145691,Personal Loan,1505,10.29,3,Defaulted,1,2026-03-03
709923,131057,Personal Loan,14976,5.18,3,Active,0,2024-05-18
709924,145526,Personal Loan,6518,4.86,3,Paid Off,0,2023-02-03
709925,111262,Business Loan,74521,11.71,5,Paid Off,0,2024-08-04
709926,121489,Mortgage,499664,6.7,30,Active,0,2021-12-07
709927,116079,Mortgage,364128,8.45,30,Active,0,2024-01-12
709928,120986,Mortgage,402076,7.64,30,Active,0,2025-02-06
709929,132108,Personal Loan,6278,11.96,3,Active,0,2024-08-11
709930,128189,Personal Loan,5186,5.4,3,Paid Off,0,2026-06-09
709931,112000,Auto Loan,48737,6.18,5,Active,0,2024-03-15
709932,118285,Mortgage,184845,4.51,30,Active,0,2024-10-10
709933,103074,Auto Loan,55910,4.88,3,Active,0,2024-07-27
709934,101078,Business Loan,214937,5.95,10,Defaulted,1,2025-08-02
709935,110499,Business Loan,82573,10.86,10,Paid Off,0,2022-01-26
709936,117370,Personal Loan,4937,6.59,3,Paid Off,0,2023-01-30
709937,148766,Auto Loan,41183,6.7,3,Active,0,2023-07-06
709938,105665,Business Loan,177487,4.92,10,Active,0,2024-05-19
709939,102989,Business Loan,152438,7.14,10,Active,0,2025-04-24
709940,128735,Auto Loan,25782,4.18,3,Paid Off,0,2022-07-25
709941,145554,Personal Loan,12182,6.34,5,Active,0,2023-04-13
709942,112487,Auto Loan,18561,4.47,3,Paid Off,0,2024-08-30
709943,102814,Personal Loan,4764,6.54,3,Active,0,2024-12-08
709944,107516,Auto Loan,46493,10.36,6,Paid Off,0,2025-08-26
709945,118679,Mortgage,169063,5.48,30,Active,0,2023-01-12
709946,117954,Business Loan,240583,6.35,10,Active,0,2025-04-10
709947,100961,Business Loan,141805,10.97,10,Active,0,2024-01-22
709948,130928,Personal Loan,19818,5.25,5,Paid Off,0,2021-07-28
709949,101791,Auto Loan,21245,5.92,5,Active,0,2023-12-16
709950,148390,Mortgage,235506,9.6,30,Active,0,2026-03-15
709951,104393,Auto Loan,14840,7.32,3,Active,0,2026-03-05
709952,122823,Personal Loan,1175,5.27,3,Paid Off,0,2023-10-30
709953,140143,Mortgage,245719,6.42,30,Paid Off,0,2024-03-25
709954,124015,Business Loan,235590,6.08,5,Paid Off,0,2024-09-30
709955,125804,Personal Loan,10593,5.45,3,Paid Off,0,2021-09-13
709956,105749,Personal Loan,12210,4.24,5,Paid Off,0,2024-03-25
709957,135437,Auto Loan,58570,11.9,3,Active,0,2023-09-27
709958,125374,Mortgage,333437,10.25,30,Paid Off,0,2023-01-06
709959,111547,Business Loan,193463,8.82,10,Active,0,2023-09-10
709960,132996,Business Loan,44645,3.85,10,Active,0,2026-03-22
709961,139908,Personal Loan,17977,6.7,1,Active,0,2023-05-27
709962,118314,Business Loan,191759,10.72,10,Active,0,2026-05-30
709963,149925,Business Loan,179002,5.33,5,Paid Off,0,2025-12-02
709964,104262,Personal Loan,1920,5.24,1,Active,0,2024-01-23
709965,146756,Mortgage,534585,5.83,30,Paid Off,0,2021-10-18
709966,101800,Mortgage,478977,4.19,30,Active,0,2022-08-26
709967,118519,Mortgage,277319,5.14,30,Active,0,2026-06-29
709968,135824,Mortgage,204419,5.13,30,Active,0,2024-06-10
709969,140151,Mortgage,579600,11.65,30,Active,0,2026-02-03
709970,122328,Mortgage,518405,9.6,30,Paid Off,0,2022-06-24
709971,149239,Business Loan,122155,11.65,10,Paid Off,0,2026-06-02
709972,133673,Business Loan,183681,4.91,5,Active,0,2024-08-30
709973,132273,Personal Loan,21044,6.48,3,Defaulted,1,2024-04-08
709974,134145,Personal Loan,13570,8.11,1,Active,0,2026-03-13
709975,109233,Mortgage,207005,5.68,30,Paid Off,0,2021-11-05
709976,144244,Personal Loan,11265,6.01,5,Defaulted,1,2025-07-30
709977,129239,Personal Loan,2871,10.7,3,Active,0,2023-02-25
709978,117202,Mortgage,218233,7.7,30,Active,0,2025-01-24
709979,142408,Mortgage,370150,6.43,30,Paid Off,0,2022-10-05
709980,146840,Personal Loan,5573,10.93,5,Active,0,2026-04-26
709981,140110,Auto Loan,25351,5.57,6,Paid Off,0,2023-07-19
709982,148482,Mortgage,205516,9.87,30,Paid Off,0,2024-07-02
709983,138854,Business Loan,124871,6.41,10,Paid Off,0,2026-06-06
709984,106942,Mortgage,411945,4.96,30,Active,0,2021-12-26
709985,135047,Auto Loan,45098,5.89,5,Active,0,2026-07-03
709986,129507,Mortgage,488865,11.73,30,Active,0,2022-08-19
709987,133984,Business Loan,61634,10.53,5,Paid Off,0,2026-06-18
709988,147733,Business Loan,231699,4.68,10,Paid Off,0,2024-06-20
709989,105325,Personal Loan,17624,6.15,3,Active,0,2023-10-25
709990,129598,Business Loan,243254,4.95,10,Paid Off,0,2025-06-06
709991,143515,Mortgage,597576,5.95,30,Active,0,2026-02-21
709992,115832,Personal Loan,15458,8.21,5,Paid Off,0,2022-07-21
709993,137692,Personal Loan,2435,5.95,3,Active,0,2022-08-06
709994,126859,Business Loan,76728,11.5,5,Active,0,2023-11-21
709995,128567,Mortgage,381509,4.2,30,Paid Off,0,2021-12-22
709996,125079,Personal Loan,7936,5.42,1,Active,0,2024-01-06
709997,118707,Business Loan,140850,7.92,10,Active,0,2026-06-12
709998,115200,Auto Loan,10188,5.77,3,Active,0,2022-09-13
709999,105857,Auto Loan,45587,9.61,6,Paid Off,0,2024-05-28
710000,139087,Personal Loan,17613,11.01,1,Paid Off,0,2025-09-10
710001,130893,Auto Loan,40395,7.8,3,Paid Off,0,2022-06-14
710002,145278,Mortgage,359369,10.56,30,Active,0,2024-05-29
710003,116398,Business Loan,82372,11.31,10,Active,0,2026-05-16
710004,113653,Auto Loan,37246,6.62,6,Paid Off,0,2024-10-12
710005,113748,Mortgage,531737,6.3,30,Active,0,2024-02-05
710006,123965,Personal Loan,7984,3.71,3,Active,0,2024-06-01
710007,145552,Business Loan,138174,6.99,10,Paid Off,0,2024-07-24
710008,130219,Mortgage,248738,10.54,30,Active,0,2024-10-01
710009,124079,Personal Loan,4578,3.71,1,Active,0,2025-10-22
710010,112181,Personal Loan,10291,3.89,1,Paid Off,0,2024-08-31
710011,121848,Mortgage,342499,8.74,30,Paid Off,0,2023-06-11
710012,114290,Mortgage,195376,6.77,30,Paid Off,0,2026-05-12
710013,124755,Business Loan,30382,10.97,5,Active,0,2025-09-01
710014,135013,Business Loan,228535,8.33,5,Active,0,2026-03-28
710015,115361,Auto Loan,35164,8.75,5,Paid Off,0,2023-04-26
710016,148038,Mortgage,484542,11.6,30,Defaulted,1,2022-04-14
710017,136311,Personal Loan,1793,8.4,1,Active,0,2024-07-27
710018,130239,Mortgage,172311,6.65,30,Paid Off,0,2025-01-09
710019,107195,Auto Loan,28391,7.73,6,Paid Off,0,2024-04-16
710020,103579,Auto Loan,40136,4.81,6,Paid Off,0,2025-03-31
710021,136147,Business Loan,229970,3.97,5,Active,0,2022-10-18
710022,134095,Mortgage,268251,6.78,30,Active,0,2021-08-11
710023,110441,Personal Loan,20341,5.53,3,Paid Off,0,2021-10-19
710024,116307,Mortgage,508171,4.29,30,Active,0,2024-07-08
710025,104204,Personal Loan,7235,5.49,1,Active,0,2021-12-31
710026,106957,Auto Loan,17372,6.59,3,Active,0,2025-01-07
710027,109163,Business Loan,241749,10.07,10,Paid Off,0,2024-06-26
710028,120627,Personal Loan,19679,5.96,3,Active,0,2025-12-22
710029,117567,Business Loan,214140,6.8,5,Defaulted,1,2023-02-11
710030,114832,Personal Loan,18519,6.79,5,Active,0,2025-09-12
710031,127029,Business Loan,119076,9.15,5,Defaulted,1,2022-04-02
710032,144197,Mortgage,425697,4.53,30,Paid Off,0,2026-03-13
710033,100001,Personal Loan,10976,9.0,3,Paid Off,0,2022-12-21
710034,135449,Auto Loan,41335,9.81,6,Active,0,2022-12-10
710035,130903,Auto Loan,11252,6.25,5,Active,0,2022-09-01
710036,107648,Auto Loan,33435,4.07,5,Paid Off,0,2026-01-03
710037,104217,Auto Loan,46275,4.0,6,Active,0,2023-12-26
710038,110474,Auto Loan,53836,3.77,5,Paid Off,0,2023-12-28
710039,101185,Auto Loan,14834,6.56,6,Paid Off,0,2021-11-25
710040,146701,Personal Loan,2529,4.43,5,Active,0,2025-04-03
710041,126826,Personal Loan,5252,6.27,1,Paid Off,0,2023-07-03
710042,112090,Business Loan,135736,7.69,10,Paid Off,0,2022-12-16
710043,105386,Auto Loan,17942,10.17,3,Paid Off,0,2023-03-03
710044,117351,Business Loan,32700,7.42,5,Paid Off,0,2022-12-05
710045,118844,Mortgage,295588,5.94,30,Active,0,2024-09-03
710046,128816,Mortgage,271952,3.66,30,Paid Off,0,2024-06-18
710047,143052,Auto Loan,30961,5.52,5,Active,0,2026-01-03
710048,111347,Mortgage,465803,6.08,30,Paid Off,0,2025-07-30
710049,142802,Personal Loan,19204,3.76,3,Defaulted,1,2024-05-09
710050,103979,Personal Loan,4617,3.73,3,Paid Off,0,2023-09-21
710051,107090,Auto Loan,17273,6.04,5,Active,0,2025-03-07
710052,121599,Business Loan,181803,4.47,5,Paid Off,0,2022-02-07
710053,134264,Personal Loan,15665,6.55,1,Active,0,2023-06-23
710054,117930,Auto Loan,37357,6.57,5,Active,0,2021-09-12
710055,141958,Auto Loan,28459,5.02,6,Defaulted,1,2025-05-14
710056,125484,Business Loan,53046,5.1,10,Active,0,2026-05-12
710057,121027,Auto Loan,32377,10.82,6,Active,0,2022-04-01
710058,129093,Business Loan,179044,6.53,10,Defaulted,1,2021-10-09
710059,124608,Mortgage,412570,7.61,30,Paid Off,0,2024-05-02
710060,144987,Personal Loan,5183,10.12,5,Paid Off,0,2025-05-04
710061,124542,Auto Loan,44477,4.83,5,Paid Off,0,2024-11-01
710062,124878,Auto Loan,44719,9.61,3,Active,0,2024-01-07
710063,118528,Business Loan,122331,4.29,10,Paid Off,0,2023-06-24
710064,140247,Mortgage,255496,6.54,30,Active,0,2023-05-24
710065,107104,Business Loan,90603,6.53,10,Active,0,2024-12-16
710066,111489,Business Loan,37184,4.09,5,Paid Off,0,2024-07-08
710067,116072,Mortgage,489168,5.74,30,Defaulted,1,2025-03-28
710068,104056,Business Loan,48297,4.83,5,Paid Off,0,2024-02-17
710069,142723,Auto Loan,20263,4.19,5,Paid Off,0,2024-04-18
710070,124037,Business Loan,48665,3.52,10,Paid Off,0,2025-07-03
710071,107191,Auto Loan,47587,4.98,3,Paid Off,0,2024-07-11
710072,135650,Mortgage,242552,6.88,30,Paid Off,0,2025-08-13
710073,100938,Business Loan,42373,5.54,10,Active,0,2021-07-25
710074,119424,Personal Loan,3232,5.51,3,Active,0,2024-05-05
710075,118115,Personal Loan,23436,6.86,3,Paid Off,0,2023-05-04
710076,131659,Auto Loan,37728,3.58,6,Active,0,2025-03-24
710077,101072,Auto Loan,46413,5.02,3,Paid Off,0,2023-03-10
710078,143347,Mortgage,301927,3.63,30,Paid Off,0,2026-02-16
710079,135156,Mortgage,324530,5.86,30,Active,0,2021-10-30
710080,130665,Business Loan,148754,7.36,10,Paid Off,0,2022-10-25
710081,144882,Mortgage,481760,3.63,30,Paid Off,0,2023-05-14
710082,140153,Business Loan,26216,7.98,5,Paid Off,0,2021-10-01
710083,142523,Personal Loan,11599,6.9,1,Active,0,2026-04-10
710084,116063,Mortgage,599011,6.53,30,Active,0,2023-05-22
710085,134408,Mortgage,214928,8.72,30,Active,0,2022-05-04
710086,113655,Mortgage,592580,3.92,30,Paid Off,0,2022-09-08
710087,145250,Business Loan,120343,3.58,5,Defaulted,1,2022-03-08
710088,128135,Auto Loan,22164,4.2,3,Paid Off,0,2024-09-09
710089,117267,Personal Loan,20305,7.3,3,Paid Off,0,2023-03-23
710090,129671,Business Loan,114486,6.17,5,Active,0,2024-08-27
710091,128772,Mortgage,386211,4.02,30,Active,0,2022-03-23
710092,100090,Mortgage,278421,6.95,30,Paid Off,0,2026-03-17
710093,144127,Business Loan,86619,4.7,10,Active,0,2024-10-19
710094,126459,Personal Loan,12491,5.84,1,Paid Off,0,2023-09-23
710095,149622,Business Loan,70562,4.42,10,Active,0,2023-04-08
710096,141140,Personal Loan,14483,6.5,3,Paid Off,0,2024-11-11
710097,111416,Auto Loan,31337,10.91,3,Active,0,2025-11-30
710098,135988,Auto Loan,45455,4.58,3,Active,0,2021-09-25
710099,100498,Business Loan,84696,11.76,5,Paid Off,0,2024-04-16
710100,122364,Personal Loan,4216,5.83,5,Active,0,2024-05-03
710101,135936,Personal Loan,8466,3.62,5,Paid Off,0,2023-06-14
710102,128243,Personal Loan,8801,6.36,3,Active,0,2026-04-26
710103,137229,Personal Loan,11514,7.95,3,Active,0,2022-09-11
710104,115910,Business Loan,71766,4.57,5,Paid Off,0,2022-10-17
710105,120850,Auto Loan,17659,5.07,5,Defaulted,1,2022-03-03
710106,146505,Business Loan,240252,5.67,5,Active,0,2025-04-04
710107,129291,Mortgage,483473,5.91,30,Paid Off,0,2024-11-30
710108,130501,Mortgage,153763,10.69,30,Paid Off,0,2025-02-07
710109,105145,Auto Loan,58062,6.97,6,Active,0,2022-04-09
710110,136137,Mortgage,582901,4.01,30,Paid Off,0,2022-07-14
710111,127390,Business Loan,227447,4.9,10,Active,0,2022-07-07
710112,107487,Personal Loan,12883,5.18,3,Paid Off,0,2024-05-18
710113,133923,Personal Loan,14560,8.25,1,Defaulted,1,2021-11-05
710114,124786,Personal Loan,9934,8.19,3,Active,0,2021-07-27
710115,112488,Auto Loan,49323,11.68,5,Active,0,2023-10-10
710116,127743,Personal Loan,18410,6.15,1,Paid Off,0,2023-02-08
710117,112956,Auto Loan,27861,4.82,3,Defaulted,1,2022-08-02
710118,121463,Mortgage,530040,7.51,30,Active,0,2023-11-08
710119,106493,Business Loan,104657,5.3,5,Paid Off,0,2022-06-17
710120,129115,Auto Loan,12006,6.59,6,Active,0,2021-09-06
710121,147310,Auto Loan,22396,10.08,3,Paid Off,0,2025-12-24
710122,137858,Business Loan,174510,6.49,10,Active,0,2023-05-06
710123,131565,Auto Loan,48876,4.88,5,Paid Off,0,2022-07-20
710124,141201,Personal Loan,23335,4.59,1,Paid Off,0,2023-07-01
710125,128826,Personal Loan,9322,4.23,3,Paid Off,0,2025-01-08
710126,104645,Business Loan,125004,7.33,10,Paid Off,0,2021-12-04
710127,127091,Personal Loan,21676,11.42,3,Active,0,2022-09-19
710128,125639,Mortgage,236968,4.72,30,Paid Off,0,2023-11-10
710129,131244,Mortgage,368562,4.07,30,Active,0,2024-01-27
710130,148649,Personal Loan,20494,11.04,1,Paid Off,0,2023-12-24
710131,105757,Business Loan,49565,5.12,10,Paid Off,0,2025-12-22
710132,141435,Personal Loan,15974,5.72,1,Defaulted,1,2022-11-12
710133,128800,Auto Loan,48916,5.12,3,Active,0,2022-08-03
710134,119882,Personal Loan,6227,5.49,1,Paid Off,0,2022-12-16
710135,106140,Auto Loan,10564,5.91,6,Active,0,2025-09-30
710136,106912,Business Loan,26409,3.95,5,Paid Off,0,2025-09-14
710137,110520,Mortgage,532249,4.54,30,Paid Off,0,2022-12-10
710138,111532,Personal Loan,19467,11.9,5,Paid Off,0,2022-05-20
710139,148956,Business Loan,247637,11.25,10,Paid Off,0,2025-04-02
710140,140406,Mortgage,282659,9.05,30,Active,0,2025-01-16
710141,120589,Mortgage,187207,10.86,30,Paid Off,0,2021-09-16
710142,146432,Business Loan,85984,9.49,5,Paid Off,0,2026-01-12
710143,107361,Auto Loan,28512,4.87,6,Active,0,2025-10-05
710144,120072,Personal Loan,23816,6.53,3,Paid Off,0,2024-06-17
710145,101457,Mortgage,276930,5.68,30,Active,0,2025-12-17
710146,105201,Auto Loan,24696,3.95,5,Paid Off,0,2024-09-30
710147,142216,Personal Loan,22355,8.34,5,Paid Off,0,2024-04-17
710148,114511,Mortgage,591713,4.9,30,Active,0,2021-11-26
710149,136415,Business Loan,68331,3.67,5,Paid Off,0,2021-08-22
710150,145530,Business Loan,47911,6.68,10,Paid Off,0,2023-04-27
710151,132440,Personal Loan,11458,5.31,1,Active,0,2022-12-20
710152,129016,Mortgage,508750,8.11,30,Paid Off,0,2022-12-19
710153,101796,Mortgage,371306,8.0,30,Paid Off,0,2022-10-18
710154,121749,Business Loan,148678,10.15,10,Active,0,2023-01-20
710155,146577,Mortgage,360236,10.53,30,Active,0,2021-07-21
710156,103018,Personal Loan,18894,3.76,1,Active,0,2023-01-14
710157,133436,Personal Loan,11529,5.9,3,Defaulted,1,2021-10-22
710158,113371,Business Loan,58878,11.92,5,Active,0,2024-09-19
710159,115647,Mortgage,323920,5.68,30,Paid Off,0,2026-05-24
710160,119258,Mortgage,572557,11.37,30,Defaulted,1,2023-02-09
710161,117432,Auto Loan,35853,11.42,5,Active,0,2024-10-06
710162,121368,Auto Loan,23609,4.37,5,Active,0,2023-08-14
710163,132827,Personal Loan,11904,6.71,1,Defaulted,1,2024-12-07
710164,112212,Personal Loan,12304,5.67,1,Active,0,2025-04-20
710165,106703,Business Loan,60128,3.72,10,Active,0,2021-07-29
710166,135536,Mortgage,269794,5.32,30,Active,0,2025-07-20
710167,144950,Personal Loan,15488,8.08,5,Paid Off,0,2026-07-14
710168,115030,Auto Loan,39848,8.83,3,Defaulted,1,2024-08-24
710169,102645,Mortgage,429062,3.76,30,Paid Off,0,2025-10-06
710170,121794,Personal Loan,17374,9.95,5,Active,0,2023-09-12
710171,115780,Auto Loan,40683,9.19,3,Paid Off,0,2022-05-23
710172,100186,Personal Loan,11600,6.63,1,Defaulted,1,2022-11-19
710173,143430,Personal Loan,8988,5.58,1,Active,0,2025-07-31
710174,108106,Personal Loan,4142,6.2,5,Active,0,2025-06-16
710175,102166,Personal Loan,7493,3.88,1,Active,0,2024-01-07
710176,106316,Business Loan,224251,6.42,10,Active,0,2025-12-21
710177,132534,Auto Loan,21728,5.92,5,Paid Off,0,2021-10-24
710178,111398,Business Loan,112761,9.39,10,Active,0,2021-12-06
710179,113130,Personal Loan,19009,4.82,5,Active,0,2023-02-15
710180,149384,Mortgage,333596,4.36,30,Defaulted,1,2026-01-04
710181,130282,Business Loan,125778,10.84,10,Paid Off,0,2024-04-19
710182,124128,Mortgage,308335,7.02,30,Active,0,2026-06-02
710183,145628,Business Loan,34825,5.3,5,Active,0,2023-12-04
710184,149152,Personal Loan,13195,11.52,5,Paid Off,0,2022-02-14
710185,127557,Personal Loan,14160,11.55,3,Paid Off,0,2025-04-07
710186,104932,Business Loan,122175,5.33,10,Paid Off,0,2025-06-13
710187,100280,Personal Loan,16163,3.92,5,Active,0,2025-08-24
710188,120966,Personal Loan,4151,6.71,3,Paid Off,0,2026-04-05
710189,120094,Auto Loan,10122,7.41,5,Active,0,2023-10-11
710190,128565,Business Loan,177908,11.49,10,Paid Off,0,2021-11-23
710191,139718,Mortgage,441199,11.65,30,Active,0,2024-03-13
710192,111097,Personal Loan,13570,3.76,1,Paid Off,0,2021-09-17
710193,129137,Personal Loan,19927,4.02,1,Active,0,2023-12-26
710194,139067,Auto Loan,59851,5.09,5,Active,0,2021-10-29
710195,128486,Mortgage,288633,6.84,30,Active,0,2025-01-24
710196,103723,Personal Loan,5984,6.04,5,Active,0,2025-05-16
710197,124959,Business Loan,62283,5.67,5,Active,0,2023-03-23
710198,133350,Business Loan,63084,5.49,10,Defaulted,1,2025-04-07
710199,130775,Personal Loan,3945,9.54,5,Active,0,2023-11-08
710200,103281,Personal Loan,7344,6.08,1,Paid Off,0,2021-07-24
710201,144437,Auto Loan,58360,6.65,5,Paid Off,0,2025-02-07
710202,110491,Auto Loan,52577,6.16,3,Paid Off,0,2024-08-18
710203,112539,Personal Loan,8916,5.38,3,Paid Off,0,2026-04-30
710204,107732,Mortgage,280993,5.9,30,Paid Off,0,2022-01-27
710205,143645,Personal Loan,12546,7.8,3,Paid Off,0,2023-03-31
710206,131386,Business Loan,159505,3.95,10,Paid Off,0,2025-09-06
710207,109701,Auto Loan,35232,6.41,5,Active,0,2022-08-13
710208,125421,Mortgage,211007,8.97,30,Active,0,2024-05-31
710209,116948,Business Loan,126276,9.45,5,Paid Off,0,2024-07-16
710210,106319,Personal Loan,16240,8.57,5,Defaulted,1,2023-03-18
710211,110118,Personal Loan,20568,9.19,5,Paid Off,0,2022-03-09
710212,117816,Mortgage,485755,10.46,30,Defaulted,1,2024-01-03
710213,102845,Personal Loan,10351,4.63,3,Paid Off,0,2023-12-02
710214,120870,Mortgage,563111,6.04,30,Active,0,2024-06-05
710215,115541,Mortgage,450629,6.62,30,Paid Off,0,2026-02-20
710216,141229,Business Loan,90197,10.37,10,Active,0,2024-11-07
710217,103578,Mortgage,567376,6.66,30,Active,0,2023-11-02
710218,130923,Personal Loan,18020,8.98,1,Paid Off,0,2025-08-21
710219,138040,Personal Loan,1897,6.67,5,Active,0,2022-03-18
710220,114023,Mortgage,556304,3.98,30,Paid Off,0,2025-01-31
710221,141880,Auto Loan,33196,5.51,5,Paid Off,0,2021-08-18
710222,129880,Auto Loan,26253,4.96,3,Active,0,2021-08-28
710223,100682,Business Loan,247311,4.48,10,Active,0,2023-06-04
710224,125618,Personal Loan,19989,5.93,5,Paid Off,0,2025-08-22
710225,104230,Mortgage,259028,9.45,30,Active,0,2021-10-10
710226,105935,Auto Loan,56733,8.97,6,Active,0,2021-11-22
710227,130233,Mortgage,573518,9.47,30,Active,0,2023-11-02
710228,112899,Mortgage,394439,3.72,30,Active,0,2023-11-12
710229,116284,Mortgage,429864,5.47,30,Paid Off,0,2025-08-13
710230,105001,Mortgage,490108,7.28,30,Defaulted,1,2022-06-17
710231,102923,Business Loan,239463,11.51,10,Paid Off,0,2023-11-27
710232,121240,Personal Loan,4619,5.5,3,Active,0,2025-04-13
710233,118094,Auto Loan,56717,6.28,6,Paid Off,0,2022-01-18
710234,149718,Business Loan,227177,8.8,10,Active,0,2023-09-26
710235,102691,Mortgage,324041,6.03,30,Paid Off,0,2026-05-15
710236,107827,Mortgage,296389,9.51,30,Defaulted,1,2022-12-25
710237,104811,Personal Loan,18057,3.66,1,Paid Off,0,2021-11-05
710238,136510,Mortgage,543380,5.72,30,Paid Off,0,2024-12-19
710239,103446,Mortgage,376401,6.87,30,Paid Off,0,2024-08-10
710240,128346,Auto Loan,24996,4.93,3,Paid Off,0,2025-11-13
710241,141778,Mortgage,545173,9.9,30,Active,0,2023-08-20
710242,108156,Personal Loan,15899,10.84,3,Paid Off,0,2022-07-23
710243,118765,Business Loan,141898,6.43,5,Active,0,2021-08-15
710244,117473,Business Loan,202579,11.34,5,Active,0,2023-10-11
710245,127183,Mortgage,183012,4.76,30,Active,0,2025-06-17
710246,139559,Mortgage,495959,4.48,30,Paid Off,0,2021-12-30
710247,144924,Mortgage,407625,4.43,30,Paid Off,0,2026-07-01
710248,144414,Auto Loan,26258,3.56,5,Paid Off,0,2023-07-06
710249,148323,Personal Loan,6669,6.81,1,Active,0,2022-07-08
710250,128781,Mortgage,354997,5.08,30,Active,0,2025-08-29
710251,144439,Business Loan,127694,5.99,5,Active,0,2022-08-20
710252,144113,Personal Loan,21554,4.3,1,Paid Off,0,2026-06-27
710253,148929,Personal Loan,16798,10.55,3,Paid Off,0,2025-12-16
710254,101231,Business Loan,66745,5.35,10,Active,0,2023-08-08
710255,107751,Personal Loan,5241,7.48,5,Active,0,2024-10-13
710256,100108,Auto Loan,21707,3.82,5,Paid Off,0,2024-09-26
710257,140330,Business Loan,32709,5.38,10,Active,0,2022-12-30
710258,122514,Mortgage,272816,5.23,30,Paid Off,0,2024-11-21
710259,114146,Business Loan,200914,7.47,10,Defaulted,1,2025-05-31
710260,116839,Auto Loan,34864,5.96,3,Paid Off,0,2023-07-02
710261,148569,Business Loan,240101,10.54,5,Paid Off,0,2025-11-11
710262,103529,Personal Loan,21831,7.26,5,Paid Off,0,2022-01-06
710263,103110,Business Loan,82072,4.09,5,Active,0,2022-08-13
710264,123597,Auto Loan,27343,4.34,3,Paid Off,0,2022-07-13
710265,119753,Mortgage,240135,9.66,30,Defaulted,1,2023-01-13
710266,123129,Personal Loan,7314,7.61,1,Active,0,2022-09-16
710267,145215,Auto Loan,30135,6.16,5,Active,0,2026-02-25
710268,124899,Personal Loan,21426,11.35,1,Paid Off,0,2024-11-21
710269,138977,Business Loan,191960,8.41,10,Active,0,2025-08-05
710270,135827,Business Loan,74135,4.26,5,Active,0,2025-03-16
710271,148852,Personal Loan,9340,5.59,3,Paid Off,0,2023-08-19
710272,133472,Business Loan,64412,6.9,5,Paid Off,0,2022-07-09
710273,137983,Personal Loan,1302,9.1,3,Paid Off,0,2025-08-04
710274,112498,Business Loan,95826,6.78,5,Paid Off,0,2025-01-19
710275,137632,Mortgage,268618,5.36,30,Active,0,2024-10-19
710276,101396,Mortgage,463440,9.35,30,Paid Off,0,2023-03-23
710277,112358,Mortgage,205129,7.96,30,Active,0,2025-04-27
710278,144374,Personal Loan,20195,7.06,1,Paid Off,0,2024-09-06
710279,147996,Business Loan,85289,6.24,5,Paid Off,0,2022-07-31
710280,118421,Business Loan,95236,4.1,10,Active,0,2024-05-18
710281,115557,Business Loan,145758,5.29,10,Paid Off,0,2025-09-12
710282,103141,Auto Loan,29022,5.24,6,Paid Off,0,2022-11-30
710283,149218,Business Loan,104373,9.94,5,Active,0,2025-10-28
710284,149182,Business Loan,214697,9.21,10,Paid Off,0,2025-12-25
710285,146545,Auto Loan,12318,5.52,3,Paid Off,0,2025-04-01
710286,116864,Auto Loan,59234,6.77,3,Paid Off,0,2022-04-19
710287,107336,Mortgage,363664,3.65,30,Active,0,2025-10-09
710288,125145,Personal Loan,13814,6.74,1,Active,0,2025-05-17
710289,134437,Mortgage,583947,5.37,30,Paid Off,0,2026-03-27
710290,104289,Auto Loan,55915,6.4,3,Paid Off,0,2025-07-15
710291,138065,Auto Loan,47972,11.84,5,Paid Off,0,2025-09-15
710292,106663,Personal Loan,20743,6.81,3,Paid Off,0,2022-08-02
710293,136962,Business Loan,214108,10.59,5,Paid Off,0,2026-03-13
710294,136710,Mortgage,512448,8.94,30,Active,0,2023-03-09
710295,117736,Auto Loan,32618,4.44,5,Active,0,2025-06-04
710296,103202,Mortgage,201397,6.44,30,Active,0,2025-02-23
710297,145847,Business Loan,117135,5.09,5,Active,0,2024-03-08
710298,146888,Auto Loan,24838,9.37,5,Active,0,2023-01-06
710299,141453,Business Loan,111978,3.57,5,Active,0,2024-01-25
710300,128055,Personal Loan,12710,5.54,1,Paid Off,0,2022-12-15
710301,136871,Business Loan,243935,3.67,5,Paid Off,0,2023-01-07
710302,130375,Personal Loan,6817,6.41,5,Active,0,2026-01-03
710303,108288,Business Loan,63816,9.61,5,Active,0,2022-06-24
710304,133597,Auto Loan,11800,6.06,5,Active,0,2025-01-22
710305,117834,Mortgage,477016,7.3,30,Paid Off,0,2026-03-01
710306,135232,Auto Loan,53224,5.38,5,Paid Off,0,2026-02-20
710307,102323,Mortgage,369630,5.99,30,Paid Off,0,2023-05-17
710308,134822,Personal Loan,21423,6.69,5,Paid Off,0,2025-05-03
710309,131488,Personal Loan,6032,6.77,1,Paid Off,0,2026-01-04
710310,138008,Business Loan,208345,5.29,10,Active,0,2026-02-27
710311,136663,Personal Loan,7807,9.89,5,Active,0,2021-11-14
710312,139035,Business Loan,221684,8.65,10,Active,0,2021-08-30
710313,137972,Auto Loan,10397,9.68,5,Paid Off,0,2026-02-21
710314,124735,Mortgage,492907,11.45,30,Paid Off,0,2023-02-27
710315,106753,Mortgage,287142,4.6,30,Active,0,2023-09-24
710316,108480,Mortgage,245626,4.17,30,Active,0,2026-05-18
710317,110421,Business Loan,104528,4.5,5,Active,0,2023-06-03
710318,142517,Personal Loan,17686,5.7,5,Paid Off,0,2021-10-21
710319,119908,Auto Loan,42866,8.83,3,Paid Off,0,2023-12-15
710320,116170,Auto Loan,14413,6.32,3,Paid Off,0,2021-07-28
710321,146873,Mortgage,549866,5.2,30,Paid Off,0,2023-10-23
710322,115381,Business Loan,209608,5.06,5,Defaulted,1,2026-02-10
710323,142217,Auto Loan,51304,5.62,5,Active,0,2025-03-26
710324,142370,Mortgage,437289,4.16,30,Paid Off,0,2022-09-22
710325,124856,Personal Loan,8549,6.5,3,Paid Off,0,2024-09-29
710326,126699,Mortgage,184041,6.98,30,Active,0,2024-01-09
710327,135397,Business Loan,95788,4.6,10,Paid Off,0,2025-05-06
710328,134127,Business Loan,234322,4.0,10,Defaulted,1,2026-06-26
710329,104546,Mortgage,307726,5.68,30,Paid Off,0,2022-12-20
710330,143236,Mortgage,453826,5.32,30,Active,0,2022-08-30
710331,133281,Personal Loan,12715,10.92,1,Active,0,2023-05-21
710332,143743,Auto Loan,41877,5.58,6,Active,0,2024-04-21
710333,106149,Auto Loan,22127,6.91,6,Paid Off,0,2022-10-02
710334,110688,Personal Loan,1550,4.82,5,Active,0,2021-09-07
710335,142707,Business Loan,47858,9.32,5,Paid Off,0,2025-04-20
710336,144465,Personal Loan,7018,10.57,5,Paid Off,0,2026-03-07
710337,138932,Mortgage,369238,8.45,30,Active,0,2025-07-08
710338,108632,Business Loan,228184,8.75,10,Paid Off,0,2023-06-29
710339,149279,Auto Loan,11286,11.57,6,Paid Off,0,2024-01-19
710340,119334,Personal Loan,18252,8.35,5,Active,0,2026-04-14
710341,134664,Mortgage,360791,11.35,30,Active,0,2023-02-02
710342,113047,Mortgage,269910,6.36,30,Paid Off,0,2022-04-12
710343,117595,Business Loan,107898,8.49,5,Active,0,2021-08-03
710344,124013,Business Loan,53530,3.51,5,Active,0,2023-03-11
710345,133192,Mortgage,378675,7.56,30,Paid Off,0,2023-07-18
710346,139495,Business Loan,120555,7.93,10,Active,0,2025-08-21
710347,142392,Business Loan,145070,4.84,5,Active,0,2025-08-28
710348,127205,Personal Loan,2344,9.57,3,Defaulted,1,2025-01-16
710349,119327,Auto Loan,29140,11.77,5,Paid Off,0,2024-02-27
710350,101323,Mortgage,589791,6.2,30,Paid Off,0,2021-10-17
710351,117082,Personal Loan,18024,4.35,3,Active,0,2023-09-18
710352,134621,Mortgage,428277,5.84,30,Active,0,2022-05-10
710353,129780,Personal Loan,13657,4.49,5,Active,0,2025-09-25
710354,141952,Mortgage,184319,5.73,30,Active,0,2022-06-27
710355,124595,Auto Loan,43989,8.69,6,Paid Off,0,2024-11-08
710356,110351,Personal Loan,23092,10.62,3,Paid Off,0,2024-08-10
710357,114076,Personal Loan,10985,4.82,5,Paid Off,0,2024-02-29
710358,100608,Personal Loan,8191,5.88,1,Active,0,2023-05-02
710359,149583,Business Loan,242758,5.56,10,Paid Off,0,2021-10-30
710360,141118,Personal Loan,1604,6.48,3,Active,0,2026-03-09
710361,115258,Personal Loan,22046,11.45,5,Active,0,2024-01-05
710362,141762,Mortgage,399930,4.33,30,Paid Off,0,2022-03-11
710363,116790,Business Loan,128794,3.87,5,Active,0,2021-11-05
710364,132310,Personal Loan,11151,4.2,1,Paid Off,0,2022-04-01
710365,130070,Auto Loan,12405,8.72,5,Active,0,2021-11-24
710366,137429,Auto Loan,28050,6.29,5,Paid Off,0,2024-01-06
710367,117919,Business Loan,68238,6.71,10,Paid Off,0,2024-02-03
710368,149005,Auto Loan,21981,6.9,5,Paid Off,0,2021-12-12
710369,100383,Personal Loan,24984,4.14,1,Paid Off,0,2021-11-05
710370,115331,Personal Loan,16929,9.75,1,Active,0,2025-06-17
710371,139309,Personal Loan,13305,3.77,5,Defaulted,1,2024-11-13
710372,122848,Business Loan,122718,5.63,5,Active,0,2024-06-15
710373,112781,Business Loan,174468,8.66,5,Active,0,2022-10-19
710374,114524,Mortgage,342021,6.03,30,Paid Off,0,2022-02-02
710375,129005,Business Loan,132870,5.6,5,Paid Off,0,2021-12-12
710376,124639,Mortgage,550658,7.71,30,Active,0,2024-07-28
710377,113832,Personal Loan,16478,9.31,1,Paid Off,0,2024-01-16
710378,142399,Mortgage,169559,5.23,30,Active,0,2025-07-23
710379,100475,Business Loan,196436,11.7,5,Paid Off,0,2022-12-11
710380,136800,Business Loan,144982,6.87,5,Active,0,2026-06-13
710381,118372,Mortgage,409526,10.75,30,Active,0,2024-08-18
710382,124106,Personal Loan,7033,5.73,3,Active,0,2022-10-23
710383,126758,Mortgage,450245,5.7,30,Paid Off,0,2025-09-12
710384,101467,Mortgage,355103,5.07,30,Paid Off,0,2023-05-09
710385,146223,Personal Loan,18079,4.12,3,Active,0,2021-11-24
710386,106724,Business Loan,33248,9.64,10,Paid Off,0,2022-10-01
710387,114018,Mortgage,263881,6.69,30,Active,0,2022-01-11
710388,114019,Auto Loan,19637,4.84,6,Active,0,2023-10-17
710389,137664,Personal Loan,17208,4.41,1,Paid Off,0,2025-07-15
710390,117462,Personal Loan,1396,4.85,3,Active,0,2024-05-20
710391,134018,Mortgage,435681,6.63,30,Paid Off,0,2022-05-18
710392,108122,Personal Loan,9952,9.34,1,Paid Off,0,2024-08-30
710393,114400,Mortgage,152049,4.8,30,Active,0,2022-07-30
710394,107600,Mortgage,431474,5.15,30,Paid Off,0,2024-06-23
710395,136897,Auto Loan,30408,6.78,5,Paid Off,0,2023-09-08
710396,144429,Personal Loan,24131,6.45,1,Paid Off,0,2025-07-05
710397,147765,Auto Loan,28197,10.09,5,Paid Off,0,2025-11-12
710398,103303,Personal Loan,10348,4.19,5,Paid Off,0,2024-03-13
710399,106342,Auto Loan,15836,10.14,6,Paid Off,0,2023-05-28
710400,123556,Auto Loan,17645,5.57,6,Paid Off,0,2025-09-27
710401,115464,Mortgage,397580,5.55,30,Paid Off,0,2021-12-02
710402,100923,Auto Loan,44036,11.22,3,Active,0,2024-01-15
710403,120458,Business Loan,98824,7.55,5,Paid Off,0,2024-04-30
710404,103601,Mortgage,281869,5.42,30,Paid Off,0,2025-09-20
710405,139664,Personal Loan,10734,7.74,5,Paid Off,0,2021-10-07
710406,103875,Mortgage,275337,6.23,30,Active,0,2022-03-12
710407,106868,Mortgage,297681,5.85,30,Paid Off,0,2021-12-17
710408,107028,Personal Loan,17784,6.94,5,Paid Off,0,2025-12-16
710409,134519,Auto Loan,38418,5.16,5,Active,0,2023-11-20
710410,104346,Mortgage,366419,5.59,30,Paid Off,0,2026-06-14
710411,142202,Mortgage,205449,6.68,30,Active,0,2024-12-09
710412,120903,Mortgage,503926,4.97,30,Paid Off,0,2025-12-19
710413,141872,Auto Loan,23520,6.81,6,Active,0,2022-04-21
710414,108541,Auto Loan,49983,10.9,3,Paid Off,0,2023-01-06
710415,106006,Personal Loan,18459,7.54,1,Paid Off,0,2024-01-31
710416,115404,Personal Loan,15216,10.54,3,Active,0,2022-04-22
710417,123728,Business Loan,107787,5.94,5,Paid Off,0,2022-11-24
710418,139782,Business Loan,194847,8.52,10,Active,0,2025-01-28
710419,111402,Business Loan,162501,5.69,10,Defaulted,1,2025-03-27
710420,140075,Business Loan,241257,4.4,5,Active,0,2021-10-23
710421,130389,Auto Loan,25249,6.26,3,Paid Off,0,2022-11-14
710422,102625,Mortgage,367977,6.78,30,Active,0,2026-01-03
710423,140571,Auto Loan,16437,4.86,3,Active,0,2026-02-10
710424,116718,Personal Loan,13373,4.39,3,Paid Off,0,2026-03-08
710425,139070,Business Loan,189834,8.53,5,Defaulted,1,2024-07-31
710426,114881,Mortgage,298760,6.6,30,Active,0,2022-06-01
710427,124626,Mortgage,151995,4.47,30,Active,0,2024-01-08
710428,145886,Business Loan,231010,5.51,5,Active,0,2024-09-07
710429,139562,Auto Loan,58891,6.98,6,Paid Off,0,2022-04-11
710430,139570,Mortgage,467982,5.18,30,Active,0,2022-09-01
710431,122175,Mortgage,527688,6.41,30,Active,0,2023-12-17
710432,114664,Business Loan,71507,10.55,5,Active,0,2023-06-18
710433,120735,Auto Loan,52995,4.85,6,Active,0,2024-08-15
710434,118938,Mortgage,187288,6.75,30,Paid Off,0,2023-01-06
710435,133113,Personal Loan,6447,6.41,5,Paid Off,0,2025-11-13
710436,141687,Auto Loan,50241,4.17,3,Paid Off,0,2026-06-20
710437,147224,Auto Loan,28066,4.0,5,Paid Off,0,2023-08-06
710438,118349,Business Loan,210376,9.67,5,Paid Off,0,2025-05-24
710439,132614,Mortgage,216849,5.11,30,Paid Off,0,2023-06-13
710440,141823,Auto Loan,10596,3.59,3,Paid Off,0,2025-07-24
710441,105784,Auto Loan,16215,3.87,6,Paid Off,0,2023-10-02
710442,147761,Mortgage,461901,4.03,30,Active,0,2024-12-18
710443,143474,Personal Loan,7216,6.77,5,Paid Off,0,2024-11-27
710444,127996,Personal Loan,22178,11.21,5,Active,0,2025-07-02
710445,107989,Mortgage,380762,6.96,30,Defaulted,1,2025-04-11
710446,124046,Auto Loan,44582,5.74,6,Active,0,2021-10-16
710447,137658,Auto Loan,21885,4.7,5,Defaulted,1,2022-01-10
710448,102357,Mortgage,475260,5.56,30,Paid Off,0,2024-06-19
710449,148586,Personal Loan,22081,11.44,3,Active,0,2023-07-01
710450,149350,Auto Loan,13504,4.99,3,Paid Off,0,2025-08-31
710451,101398,Auto Loan,33146,11.03,3,Paid Off,0,2022-07-20
710452,130359,Mortgage,457711,3.95,30,Paid Off,0,2024-08-31
710453,115274,Personal Loan,15144,6.58,3,Active,0,2021-07-20
710454,143313,Business Loan,210056,6.82,10,Active,0,2023-10-05
710455,113501,Auto Loan,59296,7.17,5,Defaulted,1,2026-06-17
710456,109279,Auto Loan,44510,3.63,3,Active,0,2025-12-20
710457,138054,Mortgage,558338,9.04,30,Active,0,2024-02-27
710458,135520,Personal Loan,2188,4.95,3,Paid Off,0,2022-10-19
710459,141307,Auto Loan,19761,4.66,5,Paid Off,0,2025-10-24
710460,148422,Mortgage,181713,6.43,30,Active,0,2021-11-02
710461,138628,Mortgage,310858,7.77,30,Paid Off,0,2022-10-03
710462,137467,Personal Loan,16572,5.83,1,Paid Off,0,2025-12-04
710463,116900,Auto Loan,16302,10.64,3,Active,0,2026-02-12
710464,118439,Business Loan,231274,4.5,5,Paid Off,0,2024-08-04
710465,140811,Business Loan,81607,6.85,5,Active,0,2022-11-02
710466,100470,Personal Loan,2664,5.88,1,Defaulted,1,2024-11-21
710467,117018,Personal Loan,16053,6.96,3,Paid Off,0,2022-08-08
710468,133441,Personal Loan,11313,8.74,3,Active,0,2023-01-03
710469,109038,Personal Loan,4260,8.51,1,Paid Off,0,2022-10-01
710470,132850,Auto Loan,29913,5.15,6,Paid Off,0,2022-02-04
710471,142367,Personal Loan,8397,6.17,5,Active,0,2022-05-25
710472,142219,Personal Loan,1164,6.52,3,Active,0,2023-12-05
710473,114971,Auto Loan,20329,6.39,5,Active,0,2022-04-08
710474,145349,Mortgage,503596,5.74,30,Active,0,2023-01-07
710475,107969,Auto Loan,21332,5.1,6,Active,0,2025-08-04
710476,139257,Business Loan,223433,6.15,5,Active,0,2026-04-13
710477,146278,Auto Loan,19954,3.56,3,Active,0,2024-08-20
710478,146592,Business Loan,191325,11.99,5,Active,0,2026-04-04
710479,131454,Business Loan,156975,4.75,5,Active,0,2022-06-08
710480,122417,Personal Loan,9161,6.56,1,Paid Off,0,2025-02-28
710481,113926,Business Loan,139166,5.29,10,Active,0,2026-06-30
710482,137401,Personal Loan,16409,7.18,5,Active,0,2024-06-29
710483,143737,Business Loan,205956,3.84,10,Paid Off,0,2023-08-21
710484,130779,Business Loan,60979,4.43,5,Paid Off,0,2024-12-30
710485,103643,Personal Loan,13132,4.56,3,Active,0,2024-04-11
710486,109724,Auto Loan,41110,8.87,3,Active,0,2023-07-05
710487,133614,Personal Loan,9283,4.8,5,Paid Off,0,2025-02-10
710488,127844,Mortgage,523005,7.94,30,Active,0,2024-10-02
710489,134914,Business Loan,153284,6.65,5,Active,0,2026-03-01
710490,108501,Personal Loan,16057,6.74,1,Paid Off,0,2025-08-08
710491,109392,Business Loan,184434,4.58,5,Paid Off,0,2025-10-21
710492,103248,Mortgage,490594,5.52,30,Defaulted,1,2025-08-31
710493,108913,Personal Loan,7648,4.34,5,Active,0,2022-03-18
710494,110427,Mortgage,219311,10.07,30,Paid Off,0,2025-02-15
710495,127038,Personal Loan,6722,6.32,3,Paid Off,0,2023-07-22
710496,125237,Business Loan,112930,6.68,10,Active,0,2025-03-01
710497,125927,Mortgage,270169,7.67,30,Paid Off,0,2022-11-06
710498,138178,Auto Loan,48434,4.85,3,Paid Off,0,2022-03-08
710499,117180,Mortgage,305200,5.02,30,Paid Off,0,2025-10-05
710500,110072,Auto Loan,40757,5.6,5,Active,0,2021-08-04
710501,132148,Business Loan,64361,4.54,5,Active,0,2024-08-01
710502,133136,Auto Loan,15922,3.73,3,Paid Off,0,2021-12-14
710503,141096,Mortgage,236159,3.57,30,Paid Off,0,2022-01-29
710504,111632,Business Loan,41240,8.5,5,Active,0,2023-03-30
710505,118044,Business Loan,150285,6.11,5,Active,0,2023-10-20
710506,100181,Personal Loan,10129,9.66,3,Active,0,2021-08-06
710507,109206,Auto Loan,41070,7.49,3,Paid Off,0,2023-07-23
710508,113660,Auto Loan,23664,3.78,3,Active,0,2022-03-07
710509,149198,Mortgage,508240,7.91,30,Defaulted,1,2024-11-07
710510,123923,Business Loan,178742,4.61,5,Active,0,2021-08-06
710511,114766,Mortgage,317613,8.03,30,Paid Off,0,2023-07-20
710512,101143,Personal Loan,23215,6.41,3,Paid Off,0,2023-11-13
710513,129225,Auto Loan,27097,4.47,6,Paid Off,0,2021-07-31
710514,119485,Personal Loan,14560,3.7,5,Active,0,2025-01-24
710515,144866,Auto Loan,58217,5.47,6,Paid Off,0,2025-11-29
710516,137958,Auto Loan,33752,9.74,6,Paid Off,0,2024-11-23
710517,120021,Personal Loan,21054,5.17,1,Paid Off,0,2022-07-24
710518,138219,Auto Loan,54734,9.57,6,Active,0,2021-08-03
710519,140063,Mortgage,255094,4.12,30,Paid Off,0,2023-02-02
710520,146917,Mortgage,544301,9.31,30,Paid Off,0,2023-07-16
710521,124697,Personal Loan,12896,6.45,1,Paid Off,0,2026-02-04
710522,113645,Personal Loan,19524,5.76,5,Paid Off,0,2021-10-05
710523,137893,Mortgage,353509,6.17,30,Paid Off,0,2026-04-14
710524,130388,Personal Loan,12524,6.25,1,Paid Off,0,2026-07-05
710525,101008,Auto Loan,16666,5.38,5,Paid Off,0,2023-10-09
710526,133452,Auto Loan,15055,5.19,6,Paid Off,0,2024-04-13
710527,137175,Auto Loan,34313,5.23,6,Paid Off,0,2026-06-02
710528,124362,Personal Loan,6944,7.86,5,Active,0,2022-08-17
710529,116064,Personal Loan,3031,5.18,5,Paid Off,0,2021-09-21
710530,108147,Business Loan,57265,6.56,5,Paid Off,0,2023-04-21
710531,148371,Personal Loan,10689,9.87,3,Active,0,2025-05-20
710532,118821,Business Loan,212206,4.12,5,Paid Off,0,2021-10-07
710533,140309,Personal Loan,18423,8.54,1,Paid Off,0,2025-08-08
710534,125098,Business Loan,206937,5.84,10,Active,0,2023-09-04
710535,110308,Personal Loan,6521,6.98,1,Paid Off,0,2022-08-01
710536,141325,Mortgage,252704,3.71,30,Active,0,2025-04-29
710537,123587,Business Loan,73367,5.8,5,Active,0,2021-11-11
710538,113443,Personal Loan,15329,3.87,5,Paid Off,0,2022-06-05
710539,146795,Mortgage,155714,6.74,30,Active,0,2022-06-18
710540,135823,Personal Loan,23484,5.9,3,Paid Off,0,2021-11-28
710541,145302,Auto Loan,52756,4.37,6,Active,0,2022-04-08
710542,120667,Mortgage,430843,5.32,30,Active,0,2026-02-24
710543,135110,Business Loan,92403,4.16,10,Active,0,2024-12-15
710544,133504,Personal Loan,19887,4.0,3,Active,0,2024-12-11
710545,137964,Personal Loan,7324,3.91,3,Active,0,2024-06-25
710546,112736,Auto Loan,23744,8.46,6,Paid Off,0,2025-12-13
710547,110608,Auto Loan,57808,6.71,6,Active,0,2025-02-06
710548,121453,Auto Loan,58591,6.55,6,Paid Off,0,2024-10-13
710549,104285,Personal Loan,20651,4.66,1,Active,0,2024-01-22
710550,137495,Mortgage,462325,6.32,30,Active,0,2025-12-04
710551,141499,Business Loan,42434,4.69,5,Active,0,2025-07-29
710552,137440,Auto Loan,53830,10.19,6,Paid Off,0,2026-06-04
710553,133207,Mortgage,266981,6.22,30,Paid Off,0,2024-09-27
710554,101623,Auto Loan,35035,5.94,3,Paid Off,0,2021-08-30
710555,138430,Personal Loan,8019,6.86,3,Active,0,2025-01-13
710556,143778,Personal Loan,11411,5.16,1,Active,0,2023-03-11
710557,108134,Personal Loan,3821,9.19,3,Paid Off,0,2025-03-22
710558,129537,Personal Loan,24001,5.99,5,Active,0,2021-11-01
710559,109737,Business Loan,190673,7.89,10,Active,0,2025-03-23
710560,117210,Auto Loan,19885,6.08,3,Active,0,2024-02-29
710561,107609,Personal Loan,2443,7.34,5,Paid Off,0,2024-05-25
710562,120623,Mortgage,454963,5.59,30,Active,0,2022-06-20
710563,131347,Mortgage,442250,6.33,30,Paid Off,0,2022-07-29
710564,116467,Personal Loan,2758,3.84,5,Paid Off,0,2025-01-06
710565,125417,Business Loan,93633,6.19,10,Active,0,2025-01-25
710566,126559,Auto Loan,30251,6.25,5,Active,0,2022-12-19
710567,102877,Personal Loan,20176,9.03,1,Paid Off,0,2026-03-22
710568,124433,Auto Loan,13171,9.95,5,Active,0,2023-03-15
710569,143714,Auto Loan,20198,3.99,6,Active,0,2025-10-05
710570,144228,Auto Loan,49406,6.58,5,Paid Off,0,2023-09-28
710571,134575,Personal Loan,16085,5.65,3,Active,0,2022-09-09
710572,140894,Auto Loan,37495,6.32,5,Paid Off,0,2021-08-31
710573,106110,Personal Loan,17761,5.25,5,Paid Off,0,2025-02-03
710574,130071,Mortgage,385985,4.4,30,Paid Off,0,2023-01-18
710575,104919,Mortgage,162104,6.43,30,Active,0,2023-09-04
710576,123602,Personal Loan,9688,8.03,1,Paid Off,0,2022-04-27
710577,138566,Auto Loan,45083,5.25,3,Active,0,2024-04-27
710578,138519,Auto Loan,52179,3.83,5,Active,0,2026-03-02
710579,143735,Business Loan,32706,4.84,10,Active,0,2023-11-12
710580,141048,Business Loan,29110,10.11,5,Paid Off,0,2025-11-27
710581,110178,Personal Loan,23926,11.2,3,Active,0,2025-12-07
710582,147491,Mortgage,182688,7.13,30,Active,0,2026-02-14
710583,135019,Personal Loan,14871,8.19,5,Paid Off,0,2026-07-13
710584,103704,Auto Loan,44203,9.48,6,Active,0,2022-08-05
710585,126848,Personal Loan,5277,8.69,5,Active,0,2025-08-24
710586,149626,Personal Loan,17732,5.8,5,Active,0,2025-07-07
710587,122254,Mortgage,411110,5.74,30,Defaulted,1,2022-09-07
710588,112838,Mortgage,551833,5.3,30,Active,0,2025-03-13
710589,139269,Mortgage,486424,11.36,30,Active,0,2023-08-27
710590,131341,Personal Loan,12230,3.66,5,Active,0,2024-11-15
710591,133036,Auto Loan,56886,5.06,3,Active,0,2022-12-08
710592,131227,Mortgage,308031,6.52,30,Active,0,2022-05-04
710593,102259,Personal Loan,20959,10.51,1,Active,0,2023-12-28
710594,101335,Personal Loan,11315,6.19,3,Active,0,2023-07-03
710595,144090,Personal Loan,10565,4.31,1,Paid Off,0,2026-03-03
710596,112573,Auto Loan,50143,3.87,3,Active,0,2024-05-02
710597,109232,Auto Loan,37876,4.0,3,Active,0,2025-01-28
710598,113420,Mortgage,191721,5.26,30,Paid Off,0,2021-08-31
710599,126637,Auto Loan,31895,6.08,5,Active,0,2023-04-18
710600,147827,Auto Loan,43376,5.7,6,Active,0,2026-06-03
710601,127522,Business Loan,65964,5.39,5,Active,0,2024-06-04
710602,102453,Business Loan,139707,6.38,10,Active,0,2025-07-10
710603,113999,Business Loan,29172,5.12,5,Active,0,2022-03-24
710604,122598,Auto Loan,50728,6.3,3,Active,0,2026-02-09
710605,142516,Mortgage,290219,3.95,30,Active,0,2023-07-13
710606,134071,Personal Loan,21828,3.94,3,Paid Off,0,2021-07-17
710607,147039,Auto Loan,19524,5.95,3,Paid Off,0,2025-07-31
710608,137894,Business Loan,195309,6.49,5,Active,0,2024-06-05
710609,118326,Personal Loan,8528,5.97,1,Paid Off,0,2026-06-18
710610,135565,Personal Loan,18950,6.26,3,Paid Off,0,2024-09-05
710611,118596,Auto Loan,23017,10.59,3,Active,0,2022-11-15
710612,144018,Business Loan,214965,10.58,5,Paid Off,0,2022-05-12
710613,128852,Business Loan,200305,4.26,10,Paid Off,0,2022-12-21
710614,105038,Auto Loan,58247,11.2,5,Paid Off,0,2024-12-15
710615,128822,Auto Loan,46734,5.76,6,Active,0,2024-08-02
710616,123787,Auto Loan,36330,8.21,6,Active,0,2021-09-02
710617,146905,Personal Loan,2306,10.96,5,Active,0,2021-12-12
710618,129223,Mortgage,439053,9.79,30,Active,0,2026-03-16
710619,133531,Business Loan,173225,5.79,10,Active,0,2024-12-07
710620,119409,Mortgage,381337,3.98,30,Paid Off,0,2023-10-27
710621,136193,Personal Loan,14822,4.89,3,Paid Off,0,2023-03-15
710622,144585,Business Loan,211334,4.73,5,Active,0,2023-06-02
710623,129686,Auto Loan,22467,5.15,5,Active,0,2023-07-07
710624,104400,Mortgage,546135,5.46,30,Paid Off,0,2024-09-06
710625,129560,Auto Loan,17875,4.28,3,Paid Off,0,2021-12-25
710626,142632,Business Loan,100052,8.18,5,Paid Off,0,2021-10-30
710627,115998,Personal Loan,24326,6.76,5,Paid Off,0,2023-01-06
710628,125919,Personal Loan,24912,5.54,5,Active,0,2024-08-06
710629,138096,Mortgage,522456,4.53,30,Active,0,2025-04-10
710630,108672,Personal Loan,11814,8.07,5,Active,0,2023-10-19
710631,136699,Mortgage,484541,5.35,30,Paid Off,0,2023-07-10
710632,146166,Business Loan,109765,8.12,10,Paid Off,0,2022-02-23
710633,140051,Personal Loan,24233,4.61,3,Active,0,2025-02-23
710634,128631,Personal Loan,16197,5.27,3,Paid Off,0,2023-11-11
710635,103833,Auto Loan,48191,6.6,6,Active,0,2024-12-02
710636,122019,Personal Loan,16408,8.61,3,Paid Off,0,2026-05-04
710637,149427,Auto Loan,21629,5.23,3,Active,0,2025-01-11
710638,110059,Business Loan,225529,3.81,10,Paid Off,0,2025-03-02
710639,136529,Auto Loan,27797,11.11,3,Paid Off,0,2026-05-15
710640,118832,Personal Loan,8191,10.09,1,Paid Off,0,2023-11-15
710641,147779,Auto Loan,50491,6.5,5,Active,0,2024-01-01
710642,138746,Business Loan,32547,4.45,5,Active,0,2023-02-13
710643,135243,Auto Loan,48242,10.54,3,Paid Off,0,2022-10-16
710644,135417,Mortgage,439898,4.55,30,Active,0,2025-01-30
710645,127945,Personal Loan,24144,3.59,1,Active,0,2023-07-21
710646,130291,Business Loan,143517,6.44,5,Paid Off,0,2025-01-16
710647,101284,Mortgage,321194,7.11,30,Active,0,2025-08-29
710648,115532,Auto Loan,56079,6.87,3,Paid Off,0,2023-09-26
710649,146283,Mortgage,506039,5.62,30,Paid Off,0,2023-02-21
710650,126891,Mortgage,578483,11.49,30,Paid Off,0,2023-03-01
710651,136066,Auto Loan,22714,5.2,3,Paid Off,0,2024-01-05
710652,111947,Mortgage,483381,4.2,30,Active,0,2023-03-02
710653,118650,Mortgage,404659,11.17,30,Active,0,2026-04-30
710654,145147,Business Loan,109513,4.72,10,Paid Off,0,2024-09-13
710655,101023,Business Loan,94397,9.12,5,Paid Off,0,2022-02-09
710656,117541,Personal Loan,15041,4.05,5,Active,0,2025-07-26
710657,134366,Mortgage,194870,5.11,30,Active,0,2021-10-17
710658,132622,Auto Loan,52259,7.85,6,Paid Off,0,2023-05-03
710659,134336,Auto Loan,54306,11.24,5,Active,0,2023-07-19
710660,107275,Personal Loan,6759,5.26,1,Paid Off,0,2023-07-08
710661,123982,Personal Loan,10719,6.49,5,Active,0,2023-07-14
710662,144485,Personal Loan,13812,3.53,5,Paid Off,0,2025-12-21
710663,120807,Mortgage,186415,5.76,30,Paid Off,0,2022-11-06
710664,138767,Auto Loan,40264,7.34,5,Defaulted,1,2024-10-11
710665,146141,Personal Loan,24876,11.25,3,Active,0,2024-06-11
710666,126625,Business Loan,240912,5.29,5,Active,0,2025-04-23
710667,142067,Personal Loan,10437,10.18,3,Paid Off,0,2023-01-07
710668,106197,Auto Loan,45858,10.55,6,Paid Off,0,2022-03-06
710669,148227,Mortgage,315755,4.76,30,Paid Off,0,2024-01-28
710670,126507,Auto Loan,52059,5.32,3,Active,0,2023-07-30
710671,115083,Auto Loan,38284,6.91,6,Active,0,2021-07-28
710672,110890,Personal Loan,12374,3.64,3,Active,0,2021-08-06
710673,143640,Business Loan,52269,7.65,5,Active,0,2026-03-29
710674,104160,Personal Loan,5204,8.06,5,Paid Off,0,2024-11-09
710675,119469,Business Loan,172828,4.84,10,Paid Off,0,2023-05-17
710676,132270,Auto Loan,41325,3.86,6,Active,0,2024-11-01
710677,137558,Auto Loan,41831,11.01,5,Paid Off,0,2026-05-21
710678,140988,Personal Loan,4811,8.25,3,Paid Off,0,2022-03-27
710679,118142,Business Loan,93262,6.65,10,Paid Off,0,2022-07-02
710680,145202,Mortgage,262983,6.03,30,Paid Off,0,2025-02-03
710681,102633,Business Loan,234519,5.26,5,Active,0,2021-10-11
710682,126124,Auto Loan,48395,9.68,3,Paid Off,0,2025-06-26
710683,132213,Personal Loan,24369,4.95,3,Active,0,2025-05-28
710684,134405,Business Loan,135956,4.01,10,Paid Off,0,2025-12-08
710685,109137,Business Loan,200334,4.68,10,Paid Off,0,2023-08-20
710686,131372,Personal Loan,13395,5.64,1,Paid Off,0,2022-12-19
710687,111900,Business Loan,113574,6.73,5,Paid Off,0,2022-03-20
710688,104178,Auto Loan,45221,5.55,5,Active,0,2025-01-28
710689,144058,Personal Loan,5324,5.08,3,Active,0,2026-01-30
710690,120924,Auto Loan,11028,8.83,3,Active,0,2025-05-24
710691,132986,Business Loan,195133,6.81,10,Paid Off,0,2025-03-19
710692,100550,Business Loan,63681,5.01,5,Active,0,2026-03-24
710693,142999,Personal Loan,18178,9.9,3,Paid Off,0,2023-11-07
710694,141261,Auto Loan,45169,11.75,5,Paid Off,0,2023-06-27
710695,145854,Personal Loan,1122,8.15,3,Paid Off,0,2025-12-01
710696,139403,Auto Loan,59692,6.56,5,Active,0,2021-10-31
710697,147793,Business Loan,121723,10.24,5,Paid Off,0,2023-03-18
710698,111463,Personal Loan,10099,10.2,5,Active,0,2025-02-19
710699,137092,Personal Loan,3777,5.54,1,Paid Off,0,2023-04-29
710700,120295,Personal Loan,24176,3.88,5,Paid Off,0,2023-03-26
710701,134463,Auto Loan,23406,6.11,3,Paid Off,0,2021-07-25
710702,128811,Auto Loan,35531,9.53,6,Active,0,2022-12-26
710703,129383,Auto Loan,22815,4.68,5,Paid Off,0,2025-01-15
710704,113424,Mortgage,280527,10.42,30,Paid Off,0,2023-04-30
710705,104949,Mortgage,175048,4.33,30,Active,0,2023-09-16
710706,118730,Mortgage,443007,5.93,30,Paid Off,0,2024-10-21
710707,103316,Mortgage,500177,5.74,30,Active,0,2026-02-17
710708,131664,Mortgage,254370,4.21,30,Paid Off,0,2023-08-26
710709,137317,Personal Loan,4974,6.77,1,Active,0,2023-01-03
710710,121579,Business Loan,101639,6.79,5,Paid Off,0,2022-06-12
710711,125922,Personal Loan,19165,5.18,1,Paid Off,0,2024-04-04
710712,141241,Business Loan,214410,5.47,5,Active,0,2021-08-30
710713,113462,Personal Loan,12613,5.09,1,Paid Off,0,2023-05-18
710714,148501,Personal Loan,24695,9.11,3,Active,0,2025-08-28
710715,143223,Auto Loan,40411,5.77,6,Active,0,2021-09-02
710716,147155,Mortgage,324715,4.2,30,Active,0,2024-09-01
710717,129352,Business Loan,171426,6.25,5,Paid Off,0,2023-12-11
710718,106237,Mortgage,460603,6.82,30,Defaulted,1,2022-04-19
710719,131908,Auto Loan,13787,6.68,5,Active,0,2024-06-21
710720,113464,Business Loan,152835,6.68,5,Active,0,2023-12-18
710721,103524,Mortgage,554119,3.96,30,Paid Off,0,2022-03-10
710722,140671,Business Loan,221953,7.36,10,Paid Off,0,2023-11-13
710723,111153,Mortgage,211326,8.23,30,Paid Off,0,2022-03-12
710724,148286,Auto Loan,21208,5.59,5,Active,0,2021-12-03
710725,144601,Business Loan,79505,10.04,5,Paid Off,0,2021-11-24
710726,124588,Mortgage,597217,8.62,30,Active,0,2025-06-28
710727,142052,Business Loan,122472,6.03,10,Paid Off,0,2024-07-15
710728,130094,Auto Loan,51272,4.3,6,Paid Off,0,2023-03-27
710729,129957,Mortgage,267297,5.51,30,Paid Off,0,2025-05-23
710730,141218,Personal Loan,3446,5.9,3,Active,0,2024-09-10
710731,110343,Auto Loan,48547,8.1,6,Active,0,2022-03-13
710732,141793,Auto Loan,59221,5.29,5,Paid Off,0,2023-12-15
710733,141582,Mortgage,381909,5.59,30,Paid Off,0,2026-01-31
710734,110842,Personal Loan,2749,5.64,3,Paid Off,0,2022-09-06
710735,143606,Auto Loan,30718,8.35,3,Paid Off,0,2025-03-12
710736,103719,Business Loan,229719,6.34,5,Defaulted,1,2026-04-16
710737,106355,Business Loan,72226,5.59,10,Active,0,2022-10-22
710738,106521,Business Loan,249197,7.08,10,Active,0,2022-07-03
710739,109288,Business Loan,213669,5.13,5,Paid Off,0,2023-10-11
710740,145561,Business Loan,227672,7.79,5,Paid Off,0,2025-02-20
710741,133315,Business Loan,207591,8.41,5,Active,0,2024-12-26
710742,118398,Mortgage,250982,5.3,30,Active,0,2025-12-01
710743,102284,Business Loan,121625,10.86,5,Paid Off,0,2025-05-18
710744,149851,Business Loan,71505,4.91,10,Paid Off,0,2024-09-15
710745,134996,Business Loan,205995,7.74,5,Paid Off,0,2026-04-16
710746,140965,Business Loan,241549,6.27,10,Active,0,2024-03-27
710747,103503,Business Loan,158341,5.41,5,Active,0,2023-08-21
710748,112712,Business Loan,192699,11.4,10,Active,0,2023-05-07
710749,149874,Business Loan,132438,3.75,10,Active,0,2021-11-30
710750,128796,Personal Loan,9261,5.43,3,Active,0,2022-08-15
710751,135541,Personal Loan,24117,4.43,5,Paid Off,0,2021-11-27
710752,131609,Personal Loan,11972,4.06,3,Active,0,2023-04-24
710753,124139,Business Loan,150330,5.54,10,Paid Off,0,2024-02-01
710754,141456,Personal Loan,4451,3.81,1,Active,0,2024-01-06
710755,127572,Personal Loan,5003,7.24,3,Active,0,2023-02-19
710756,126180,Mortgage,385488,9.14,30,Active,0,2023-10-20
710757,110252,Auto Loan,39644,6.33,5,Active,0,2024-07-07
710758,144408,Personal Loan,23073,3.95,5,Paid Off,0,2024-10-22
710759,119886,Auto Loan,23170,3.81,5,Active,0,2022-02-27
710760,134705,Auto Loan,55506,7.27,5,Paid Off,0,2025-11-05
710761,132331,Mortgage,458295,11.15,30,Paid Off,0,2021-12-20
710762,103287,Personal Loan,22237,5.1,3,Paid Off,0,2024-02-22
710763,108661,Business Loan,39987,6.41,5,Defaulted,1,2022-12-31
710764,105394,Auto Loan,26413,11.86,3,Active,0,2023-06-18
710765,131013,Personal Loan,9814,5.52,3,Paid Off,0,2025-07-07
710766,110829,Mortgage,568279,6.74,30,Active,0,2024-06-09
710767,104159,Mortgage,427379,4.04,30,Active,0,2024-11-12
710768,101240,Auto Loan,52277,4.42,3,Active,0,2023-11-26
710769,138049,Business Loan,165586,6.21,5,Paid Off,0,2024-04-04
710770,100267,Personal Loan,24378,7.15,1,Active,0,2025-10-04
710771,146233,Auto Loan,52112,5.88,5,Active,0,2022-05-02
710772,123454,Auto Loan,17668,8.3,5,Paid Off,0,2022-03-29
710773,130681,Auto Loan,10807,6.01,6,Paid Off,0,2025-10-26
710774,148635,Mortgage,200094,7.62,30,Active,0,2022-03-24
710775,108091,Auto Loan,31289,9.39,5,Defaulted,1,2026-02-28
710776,136130,Auto Loan,38474,7.84,6,Paid Off,0,2022-11-23
710777,112009,Business Loan,222355,4.6,5,Paid Off,0,2025-04-13
710778,139991,Personal Loan,6413,5.21,3,Active,0,2024-09-23
710779,136670,Auto Loan,16114,9.68,5,Paid Off,0,2026-06-06
710780,107611,Personal Loan,4492,4.37,3,Active,0,2022-02-12
710781,115215,Personal Loan,4372,6.29,5,Paid Off,0,2025-03-24
710782,119490,Business Loan,130938,5.37,10,Active,0,2025-09-28
710783,106543,Business Loan,88910,4.35,10,Active,0,2023-12-25
710784,118397,Auto Loan,52994,7.33,3,Active,0,2025-08-07
710785,133259,Mortgage,226499,7.15,30,Active,0,2022-11-02
710786,106860,Business Loan,128164,6.77,5,Paid Off,0,2026-06-22
710787,139945,Mortgage,217296,7.37,30,Paid Off,0,2021-11-27
710788,143870,Personal Loan,2218,6.86,1,Active,0,2022-02-18
710789,121245,Mortgage,413247,6.93,30,Active,0,2024-01-07
710790,118911,Auto Loan,41411,5.83,6,Active,0,2026-03-17
710791,121480,Auto Loan,55632,4.08,3,Active,0,2025-10-18
710792,127501,Personal Loan,3219,3.53,1,Paid Off,0,2024-01-18
710793,110250,Business Loan,31017,4.96,10,Paid Off,0,2026-06-21
710794,137318,Mortgage,590351,7.72,30,Active,0,2023-11-06
710795,131294,Auto Loan,26622,6.84,6,Paid Off,0,2022-09-06
710796,148037,Auto Loan,37527,5.9,5,Active,0,2021-11-24
710797,125273,Auto Loan,47989,6.2,5,Active,0,2023-05-20
710798,138943,Mortgage,169376,6.43,30,Active,0,2023-10-07
710799,114065,Business Loan,147050,4.04,10,Active,0,2023-10-07
710800,118551,Mortgage,228910,4.41,30,Defaulted,1,2025-06-16
710801,129205,Business Loan,222631,5.2,10,Paid Off,0,2025-12-11
710802,140793,Auto Loan,19405,4.51,3,Active,0,2022-03-21
710803,124095,Personal Loan,24590,7.95,1,Active,0,2026-06-06
710804,109398,Personal Loan,12216,9.14,1,Defaulted,1,2022-03-23
710805,145519,Mortgage,311803,10.75,30,Active,0,2022-04-20
710806,139783,Business Loan,191407,10.82,10,Paid Off,0,2022-05-17
710807,136306,Mortgage,368325,6.44,30,Active,0,2024-06-18
710808,120248,Auto Loan,37933,4.17,6,Paid Off,0,2025-08-06
710809,139966,Personal Loan,11528,5.91,3,Active,0,2026-06-12
710810,146349,Auto Loan,30452,9.09,6,Paid Off,0,2024-02-23
710811,142238,Personal Loan,10839,9.59,5,Paid Off,0,2022-04-16
710812,120879,Business Loan,42235,5.75,5,Paid Off,0,2024-03-04
710813,109562,Auto Loan,36730,9.92,5,Active,0,2025-04-08
710814,141720,Auto Loan,35560,6.35,5,Active,0,2024-12-06
710815,107080,Personal Loan,9738,7.22,3,Paid Off,0,2025-05-08
710816,115871,Personal Loan,12059,4.68,5,Paid Off,0,2026-04-16
710817,112335,Business Loan,67747,6.07,5,Paid Off,0,2023-09-12
710818,132616,Personal Loan,24611,6.84,1,Paid Off,0,2022-05-24
710819,136109,Personal Loan,13365,6.71,5,Active,0,2023-04-07
710820,126610,Personal Loan,6566,8.92,1,Paid Off,0,2025-07-08
710821,125044,Business Loan,70638,4.18,5,Active,0,2026-04-26
710822,111667,Business Loan,238307,6.16,5,Active,0,2026-05-29
710823,129518,Business Loan,101848,4.4,5,Paid Off,0,2022-12-11
710824,104029,Auto Loan,18341,4.98,5,Paid Off,0,2025-07-24
710825,116269,Auto Loan,10737,7.25,6,Paid Off,0,2023-10-16
710826,126759,Personal Loan,13844,5.46,1,Active,0,2023-02-28
710827,117723,Personal Loan,1905,9.26,3,Paid Off,0,2024-02-10
710828,148742,Mortgage,282873,5.96,30,Active,0,2022-11-20
710829,110999,Personal Loan,3514,4.66,3,Active,0,2024-11-20
710830,136774,Personal Loan,13459,6.72,5,Paid Off,0,2023-08-03
710831,142055,Mortgage,448435,6.96,30,Active,0,2023-12-08
710832,139221,Personal Loan,21099,8.8,3,Paid Off,0,2023-05-11
710833,149413,Personal Loan,22615,4.32,3,Paid Off,0,2026-07-01
710834,117295,Personal Loan,16527,5.45,5,Paid Off,0,2021-11-01
710835,133670,Personal Loan,11216,4.47,5,Active,0,2025-11-23
710836,131737,Personal Loan,11385,3.66,5,Active,0,2021-12-01
710837,116424,Auto Loan,23473,5.76,5,Paid Off,0,2021-07-29
710838,136726,Auto Loan,36092,4.93,6,Paid Off,0,2023-06-28
710839,119460,Personal Loan,9285,4.12,1,Paid Off,0,2023-03-12
710840,149781,Personal Loan,8192,4.84,5,Active,0,2023-11-06
710841,139931,Auto Loan,16730,9.38,3,Active,0,2023-06-10
710842,115363,Mortgage,182033,5.13,30,Active,0,2025-12-16
710843,110951,Business Loan,214471,3.92,10,Paid Off,0,2025-04-26
710844,146802,Business Loan,68312,3.93,5,Paid Off,0,2025-02-25
710845,120604,Auto Loan,41649,6.42,3,Paid Off,0,2026-05-21
710846,121104,Mortgage,175926,4.46,30,Active,0,2026-03-14
710847,125013,Business Loan,220165,10.04,5,Paid Off,0,2025-03-27
710848,102149,Business Loan,147407,10.6,10,Paid Off,0,2022-10-24
710849,116666,Mortgage,528808,8.64,30,Active,0,2026-02-13
710850,133565,Business Loan,168888,6.14,10,Paid Off,0,2023-05-27
710851,135158,Mortgage,535051,9.31,30,Active,0,2023-02-15
710852,117224,Mortgage,231523,6.89,30,Active,0,2025-07-19
710853,134751,Mortgage,417697,8.22,30,Paid Off,0,2025-05-31
710854,102374,Personal Loan,4320,6.95,3,Active,0,2025-02-21
710855,129066,Personal Loan,17298,5.27,5,Active,0,2024-04-10
710856,143247,Auto Loan,32206,6.75,6,Paid Off,0,2022-06-09
710857,117726,Auto Loan,55665,4.53,6,Active,0,2025-11-30
710858,102097,Business Loan,240134,3.77,10,Paid Off,0,2025-12-02
710859,134435,Business Loan,67751,4.25,5,Paid Off,0,2026-02-12
710860,124864,Personal Loan,1550,11.61,3,Active,0,2021-11-11
710861,145117,Mortgage,264290,3.69,30,Paid Off,0,2023-10-17
710862,115975,Personal Loan,7525,3.91,1,Active,0,2022-08-26
710863,110037,Personal Loan,2232,4.64,5,Paid Off,0,2022-06-15
710864,104764,Auto Loan,25765,4.64,6,Defaulted,1,2024-07-29
710865,101410,Business Loan,79623,9.94,10,Active,0,2026-04-22
710866,120177,Personal Loan,15409,5.01,5,Paid Off,0,2021-07-28
710867,119058,Business Loan,91973,7.89,5,Paid Off,0,2024-02-17
710868,134220,Auto Loan,40240,4.02,5,Paid Off,0,2025-01-03
710869,110007,Personal Loan,10613,8.71,3,Active,0,2024-06-05
710870,116366,Personal Loan,21051,5.78,3,Paid Off,0,2022-10-29
710871,113511,Personal Loan,13340,7.62,1,Paid Off,0,2024-02-25
710872,110802,Auto Loan,16651,4.45,3,Paid Off,0,2022-10-03
710873,145252,Mortgage,175494,4.28,30,Paid Off,0,2021-11-13
710874,100226,Mortgage,500315,9.94,30,Paid Off,0,2024-07-14
710875,132660,Auto Loan,44229,6.29,6,Paid Off,0,2025-06-24
710876,146343,Auto Loan,12932,4.75,6,Active,0,2023-12-14
710877,114036,Business Loan,154981,3.78,5,Paid Off,0,2024-05-11
710878,105128,Personal Loan,18226,5.11,1,Paid Off,0,2025-08-12
710879,110337,Business Loan,245564,3.9,10,Paid Off,0,2024-06-06
710880,149909,Auto Loan,39198,6.88,5,Active,0,2026-07-17
710881,121882,Auto Loan,20682,7.51,6,Active,0,2022-10-22
710882,127163,Mortgage,183374,4.51,30,Paid Off,0,2023-02-02
710883,148436,Business Loan,69422,5.34,5,Active,0,2025-06-29
710884,108628,Personal Loan,12328,6.37,5,Active,0,2025-02-15
710885,112896,Mortgage,461428,5.18,30,Active,0,2024-02-18
710886,102949,Business Loan,128896,7.27,10,Active,0,2025-02-16
710887,101174,Business Loan,212769,6.07,5,Active,0,2022-11-14
710888,107901,Personal Loan,4350,9.65,1,Paid Off,0,2025-09-11
710889,123980,Auto Loan,25699,9.36,6,Active,0,2023-06-07
710890,144826,Mortgage,571957,4.89,30,Paid Off,0,2021-09-10
710891,144161,Mortgage,431297,6.06,30,Paid Off,0,2022-04-29
710892,120482,Mortgage,303607,5.28,30,Paid Off,0,2021-09-25
710893,102891,Business Loan,196463,4.6,5,Active,0,2025-11-22
710894,137874,Mortgage,529820,5.25,30,Paid Off,0,2026-04-11
710895,112033,Personal Loan,20042,4.34,1,Active,0,2024-11-18
710896,147584,Personal Loan,13988,3.98,5,Active,0,2021-11-25
710897,129653,Personal Loan,16998,6.41,5,Active,0,2023-12-09
710898,124621,Auto Loan,32963,11.26,6,Active,0,2024-02-09
710899,132010,Business Loan,74909,4.14,10,Paid Off,0,2022-09-01
710900,134472,Personal Loan,10989,4.0,3,Active,0,2022-04-28
710901,135164,Business Loan,78232,4.52,5,Paid Off,0,2022-11-19
710902,149630,Auto Loan,29554,4.46,6,Active,0,2026-05-28
710903,132258,Auto Loan,44794,4.96,3,Paid Off,0,2022-12-13
710904,118896,Business Loan,231253,6.62,10,Active,0,2021-08-30
710905,121539,Business Loan,164139,8.66,5,Active,0,2022-06-16
710906,121441,Mortgage,531439,5.4,30,Paid Off,0,2024-12-03
710907,137709,Mortgage,562853,4.75,30,Active,0,2025-02-07
710908,148761,Personal Loan,1225,3.99,3,Active,0,2022-10-26
710909,148209,Business Loan,95143,5.55,10,Paid Off,0,2021-10-25
710910,119045,Mortgage,429210,5.02,30,Active,0,2026-03-07
710911,143552,Personal Loan,21916,5.83,3,Defaulted,1,2023-04-23
710912,142199,Personal Loan,12189,8.58,5,Paid Off,0,2022-01-21
710913,117951,Auto Loan,25666,4.53,6,Active,0,2023-03-23
710914,106551,Auto Loan,43005,6.3,3,Active,0,2023-08-06
710915,135402,Personal Loan,24835,9.49,1,Active,0,2025-12-26
710916,147104,Mortgage,275328,5.33,30,Active,0,2022-04-29
710917,149362,Mortgage,395324,5.86,30,Active,0,2022-04-06
710918,141731,Personal Loan,2142,6.94,5,Active,0,2025-06-28
710919,101698,Business Loan,97378,4.15,10,Active,0,2024-06-19
710920,119444,Mortgage,535471,6.04,30,Paid Off,0,2026-04-01
710921,127271,Personal Loan,11364,4.53,5,Paid Off,0,2025-11-14
710922,105549,Mortgage,536565,3.52,30,Active,0,2026-04-25
710923,126612,Mortgage,370993,6.1,30,Paid Off,0,2022-11-10
710924,107656,Personal Loan,14438,4.36,3,Paid Off,0,2026-01-11
710925,147784,Personal Loan,4631,4.73,5,Active,0,2023-01-16
710926,149328,Business Loan,60131,6.05,10,Active,0,2023-03-13
710927,111487,Mortgage,560630,8.79,30,Paid Off,0,2022-04-12
710928,125588,Mortgage,166296,3.72,30,Active,0,2022-03-24
710929,148718,Personal Loan,16631,6.63,1,Active,0,2025-04-17
710930,134150,Personal Loan,11882,4.44,3,Active,0,2023-02-05
710931,142155,Personal Loan,10691,10.9,1,Paid Off,0,2021-09-02
710932,135162,Mortgage,498643,4.14,30,Active,0,2021-08-24
710933,147371,Mortgage,494411,6.54,30,Active,0,2025-06-13
710934,120554,Mortgage,516754,9.53,30,Paid Off,0,2025-10-19
710935,112802,Mortgage,322038,6.8,30,Active,0,2021-07-20
710936,134279,Personal Loan,13502,3.54,1,Active,0,2023-07-27
710937,144373,Business Loan,123469,5.22,5,Paid Off,0,2026-01-16
710938,125249,Auto Loan,45550,5.13,6,Paid Off,0,2021-11-29
710939,131638,Auto Loan,15911,5.89,5,Active,0,2021-12-30
710940,132304,Auto Loan,25991,5.18,3,Active,0,2022-07-14
710941,127308,Personal Loan,16608,8.75,3,Paid Off,0,2022-05-16
710942,106036,Auto Loan,58621,10.06,5,Active,0,2025-01-14
710943,124441,Mortgage,590488,9.57,30,Active,0,2023-07-17
710944,101497,Auto Loan,38339,5.1,6,Active,0,2023-03-31
710945,139193,Business Loan,240966,11.36,10,Active,0,2024-06-12
710946,111821,Auto Loan,58404,8.01,3,Active,0,2024-03-09
710947,127173,Mortgage,211713,11.39,30,Active,0,2026-06-13
710948,116156,Auto Loan,10943,3.81,5,Paid Off,0,2021-07-17
710949,118962,Personal Loan,7041,6.0,5,Active,0,2024-08-20
710950,125569,Mortgage,249912,4.27,30,Active,0,2025-05-12
710951,103282,Mortgage,200989,4.77,30,Paid Off,0,2021-09-07
710952,131627,Mortgage,279966,6.41,30,Paid Off,0,2025-11-07
710953,139055,Auto Loan,46065,10.53,5,Defaulted,1,2022-11-19
710954,130506,Mortgage,403538,5.83,30,Paid Off,0,2021-09-29
710955,132127,Personal Loan,19607,4.81,1,Paid Off,0,2022-03-25
710956,119408,Personal Loan,15510,9.39,1,Active,0,2022-07-30
710957,129185,Mortgage,472230,8.19,30,Paid Off,0,2025-01-11
710958,112370,Business Loan,57553,7.44,5,Paid Off,0,2022-02-11
710959,138770,Mortgage,476167,4.05,30,Defaulted,1,2024-10-01
710960,100750,Personal Loan,24344,6.83,3,Paid Off,0,2023-01-27
710961,141599,Mortgage,372368,5.81,30,Active,0,2021-08-07
710962,120516,Mortgage,334150,6.15,30,Active,0,2024-05-17
710963,128326,Mortgage,515535,4.57,30,Paid Off,0,2026-02-19
710964,119110,Business Loan,107111,6.36,5,Paid Off,0,2025-05-08
710965,111297,Personal Loan,1205,11.64,5,Defaulted,1,2024-06-07
710966,139633,Business Loan,73029,11.52,10,Paid Off,0,2026-03-04
710967,124573,Personal Loan,19788,7.99,1,Paid Off,0,2023-12-02
710968,100311,Mortgage,193254,5.86,30,Paid Off,0,2025-09-04
710969,121908,Auto Loan,22139,5.57,3,Active,0,2025-08-12
710970,119587,Business Loan,189282,6.95,5,Paid Off,0,2023-02-03
710971,129744,Mortgage,477689,6.2,30,Paid Off,0,2023-09-28
710972,104665,Auto Loan,19157,7.19,6,Defaulted,1,2025-04-18
710973,135750,Personal Loan,21073,5.75,5,Active,0,2024-12-03
710974,139147,Mortgage,384578,6.71,30,Paid Off,0,2025-09-26
710975,122128,Business Loan,161183,8.03,10,Active,0,2022-09-29
710976,101696,Business Loan,54187,9.23,10,Paid Off,0,2023-09-23
710977,107416,Business Loan,61667,5.16,10,Paid Off,0,2023-06-21
710978,112640,Auto Loan,40068,5.49,6,Paid Off,0,2025-03-21
710979,106865,Business Loan,196232,4.76,10,Active,0,2022-08-25
710980,128385,Personal Loan,3628,6.68,3,Paid Off,0,2023-06-27
710981,119649,Personal Loan,11234,4.45,3,Defaulted,1,2023-09-11
710982,105053,Auto Loan,52288,9.93,6,Paid Off,0,2025-05-15
710983,149769,Auto Loan,36227,3.99,6,Active,0,2023-10-17
710984,123635,Business Loan,209384,9.32,5,Paid Off,0,2024-01-06
710985,133249,Mortgage,339062,6.01,30,Active,0,2026-03-31
710986,107599,Business Loan,26888,5.04,5,Paid Off,0,2023-11-10
710987,143392,Auto Loan,30380,3.94,6,Active,0,2022-07-23
710988,143456,Business Loan,172074,3.93,5,Paid Off,0,2023-07-31
710989,137407,Personal Loan,4373,3.9,5,Defaulted,1,2023-07-28
710990,141024,Auto Loan,45089,6.58,5,Active,0,2023-01-30
710991,147278,Business Loan,247410,5.99,5,Paid Off,0,2026-01-05
710992,148263,Auto Loan,49910,6.37,6,Active,0,2024-05-04
710993,111072,Mortgage,324141,7.81,30,Active,0,2025-03-24
710994,112169,Personal Loan,14780,11.75,3,Active,0,2023-02-13
710995,139201,Personal Loan,9222,10.19,1,Paid Off,0,2023-03-19
710996,108304,Personal Loan,15561,5.9,1,Active,0,2025-04-17
710997,148481,Business Loan,133623,7.32,10,Active,0,2024-08-29
710998,147649,Auto Loan,47640,7.05,6,Active,0,2022-03-26
710999,102489,Business Loan,83115,9.86,5,Paid Off,0,2023-04-11
711000,122070,Auto Loan,40842,9.51,3,Paid Off,0,2025-11-20
711001,145536,Mortgage,224350,9.27,30,Active,0,2024-12-12
711002,115181,Mortgage,531404,5.54,30,Active,0,2024-10-17
711003,104593,Business Loan,49910,5.08,10,Active,0,2024-07-21
711004,147825,Personal Loan,17030,9.84,1,Paid Off,0,2026-02-09
711005,114399,Auto Loan,53194,7.14,3,Active,0,2023-11-05
711006,131833,Mortgage,598125,6.94,30,Paid Off,0,2024-07-06
711007,101326,Personal Loan,8820,3.85,3,Active,0,2023-06-23
711008,128886,Business Loan,170543,5.0,5,Active,0,2024-09-03
711009,105756,Personal Loan,11069,4.05,3,Defaulted,1,2021-08-28
711010,134205,Business Loan,88417,6.16,5,Paid Off,0,2022-08-18
711011,136153,Business Loan,88554,10.64,5,Defaulted,1,2023-10-30
711012,120723,Business Loan,120336,5.64,10,Active,0,2021-12-31
711013,136994,Auto Loan,28281,6.75,5,Active,0,2023-12-14
711014,103350,Mortgage,470311,8.35,30,Active,0,2025-07-10
711015,125393,Business Loan,28423,6.2,10,Active,0,2024-11-19
711016,149488,Mortgage,408490,5.93,30,Active,0,2022-01-03
711017,120024,Mortgage,594700,6.13,30,Paid Off,0,2022-02-05
711018,149725,Auto Loan,49884,9.42,5,Active,0,2026-06-13
711019,100438,Business Loan,103193,5.92,10,Paid Off,0,2025-05-25
711020,124876,Auto Loan,35297,5.4,6,Active,0,2025-01-26
711021,106740,Personal Loan,5744,4.52,5,Active,0,2025-12-05
711022,115253,Personal Loan,1840,10.93,5,Active,0,2022-02-15
711023,129977,Mortgage,482819,6.06,30,Active,0,2022-02-27
711024,105684,Auto Loan,57130,6.08,6,Active,0,2024-03-12
711025,142438,Personal Loan,11370,4.26,3,Paid Off,0,2024-10-07
711026,146100,Mortgage,353323,4.0,30,Paid Off,0,2024-12-31
711027,101188,Personal Loan,16186,6.06,3,Paid Off,0,2022-02-06
711028,109994,Business Loan,207582,7.13,10,Paid Off,0,2022-07-31
711029,144370,Personal Loan,24579,4.23,1,Paid Off,0,2025-06-10
711030,131231,Auto Loan,36307,9.4,3,Paid Off,0,2022-08-31
711031,141572,Auto Loan,14805,4.85,3,Paid Off,0,2024-03-05
711032,141159,Personal Loan,15123,6.36,5,Paid Off,0,2023-03-30
711033,133061,Mortgage,263248,10.53,30,Paid Off,0,2024-06-25
711034,143388,Business Loan,177301,5.4,5,Active,0,2022-09-19
711035,133376,Mortgage,389314,7.06,30,Active,0,2023-01-18
711036,106649,Auto Loan,56175,4.17,6,Active,0,2023-08-13
711037,146927,Business Loan,191729,4.97,5,Paid Off,0,2022-10-28
711038,125932,Personal Loan,5028,5.93,1,Active,0,2022-01-28
711039,147239,Business Loan,64907,10.55,5,Paid Off,0,2025-03-25
711040,121569,Auto Loan,40209,11.27,6,Active,0,2023-07-06
711041,133865,Personal Loan,14376,5.93,1,Active,0,2025-01-29
711042,107981,Auto Loan,18960,4.63,3,Paid Off,0,2025-07-17
711043,109595,Mortgage,560676,5.42,30,Active,0,2023-11-17
711044,144735,Auto Loan,28637,4.23,5,Paid Off,0,2022-09-10
711045,127132,Mortgage,581082,3.84,30,Active,0,2024-12-10
711046,147507,Mortgage,374870,6.19,30,Paid Off,0,2024-05-03
711047,100773,Personal Loan,6515,4.23,3,Active,0,2022-10-17
711048,146076,Business Loan,166548,5.23,10,Active,0,2021-10-03
711049,103394,Auto Loan,23496,6.77,6,Paid Off,0,2026-01-20
711050,125869,Business Loan,50573,6.9,10,Paid Off,0,2022-10-22
711051,145167,Mortgage,426959,6.1,30,Paid Off,0,2026-05-27
711052,121565,Personal Loan,5130,3.86,1,Active,0,2024-08-14
711053,132116,Auto Loan,32327,5.92,6,Paid Off,0,2024-04-16
711054,138369,Business Loan,237390,5.41,10,Active,0,2023-10-06
711055,121115,Personal Loan,14493,11.43,3,Active,0,2024-10-27
711056,132564,Auto Loan,39561,5.12,3,Paid Off,0,2023-10-04
711057,110709,Business Loan,45851,6.5,5,Paid Off,0,2022-04-02
711058,140748,Auto Loan,46274,6.52,5,Paid Off,0,2023-11-19
711059,125915,Auto Loan,19549,3.92,5,Paid Off,0,2022-01-21
711060,111592,Business Loan,163143,5.48,10,Paid Off,0,2025-05-28
711061,123815,Auto Loan,28696,5.97,3,Active,0,2021-07-25
711062,128597,Auto Loan,54313,6.16,6,Active,0,2026-02-12
711063,115507,Auto Loan,10291,5.6,6,Active,0,2025-09-05
711064,128891,Mortgage,465973,6.44,30,Active,0,2022-12-21
711065,111296,Business Loan,203721,10.58,10,Active,0,2024-10-20
711066,105809,Mortgage,208958,3.87,30,Active,0,2026-04-27
711067,122792,Mortgage,274392,4.71,30,Active,0,2025-02-28
711068,147773,Business Loan,101161,4.3,10,Active,0,2024-08-15
711069,131787,Personal Loan,22349,6.15,5,Active,0,2022-02-18
711070,122014,Business Loan,78652,6.26,5,Defaulted,1,2022-10-25
711071,149483,Personal Loan,17888,10.89,3,Paid Off,0,2025-08-04
711072,148674,Business Loan,51171,5.87,10,Paid Off,0,2024-12-21
711073,129707,Personal Loan,3426,4.35,5,Active,0,2025-09-22
711074,106222,Personal Loan,4243,6.13,5,Defaulted,1,2023-08-02
711075,143297,Mortgage,224085,8.77,30,Defaulted,1,2023-04-03
711076,143999,Personal Loan,5385,5.02,5,Paid Off,0,2024-10-18
711077,118647,Auto Loan,26828,6.55,6,Paid Off,0,2022-12-07
711078,101426,Business Loan,244751,5.61,10,Paid Off,0,2025-01-09
711079,108101,Business Loan,242398,3.94,5,Paid Off,0,2024-02-04
711080,141476,Personal Loan,11991,9.37,1,Active,0,2022-08-25
711081,102754,Auto Loan,43974,6.53,3,Paid Off,0,2023-03-14
711082,102617,Mortgage,404857,5.04,30,Paid Off,0,2023-11-29
711083,110880,Auto Loan,45072,10.24,5,Paid Off,0,2024-11-18
711084,112815,Mortgage,560248,9.22,30,Defaulted,1,2026-05-21
711085,132765,Auto Loan,26070,6.01,6,Paid Off,0,2023-02-19
711086,117895,Personal Loan,3686,6.39,1,Paid Off,0,2025-05-29
711087,136937,Personal Loan,13696,10.27,5,Active,0,2024-12-22
711088,147654,Business Loan,80431,5.54,10,Active,0,2024-01-25
711089,137619,Personal Loan,15008,5.79,1,Paid Off,0,2022-09-24
711090,101763,Business Loan,87870,4.8,10,Active,0,2025-01-09
711091,126653,Business Loan,180977,6.28,5,Paid Off,0,2023-11-06
711092,128644,Mortgage,590451,5.52,30,Paid Off,0,2026-02-28
711093,101656,Business Loan,87010,6.4,10,Active,0,2025-08-21
711094,108202,Auto Loan,25035,5.87,3,Paid Off,0,2025-02-03
711095,102277,Mortgage,398724,5.31,30,Paid Off,0,2024-05-21
711096,149716,Business Loan,74248,11.41,10,Active,0,2024-02-20
711097,111247,Auto Loan,13687,7.01,3,Active,0,2024-10-11
711098,143728,Auto Loan,24573,5.1,5,Paid Off,0,2025-07-25
711099,123389,Personal Loan,23652,8.48,3,Paid Off,0,2023-05-26
711100,137128,Auto Loan,46587,6.96,3,Active,0,2021-09-30
711101,107747,Auto Loan,23550,5.47,6,Paid Off,0,2021-11-24
711102,104559,Personal Loan,3478,6.3,1,Defaulted,1,2021-10-09
711103,123643,Personal Loan,18420,7.78,5,Active,0,2025-05-01
711104,147263,Personal Loan,19118,4.41,1,Defaulted,1,2024-01-28
711105,133218,Personal Loan,10880,6.79,3,Active,0,2024-12-09
711106,100896,Business Loan,121055,6.33,10,Active,0,2025-06-16
711107,137604,Business Loan,145845,3.9,5,Paid Off,0,2025-03-04
711108,116530,Personal Loan,4995,5.97,5,Paid Off,0,2022-11-25
711109,102927,Business Loan,128076,8.25,10,Active,0,2025-10-24
711110,147993,Business Loan,243102,6.22,5,Paid Off,0,2022-12-06
711111,116591,Auto Loan,40286,5.17,5,Paid Off,0,2024-03-13
711112,143378,Auto Loan,42560,11.52,6,Paid Off,0,2023-11-14
711113,106561,Auto Loan,43343,6.06,5,Active,0,2025-01-11
711114,135922,Auto Loan,59601,4.45,6,Paid Off,0,2026-03-05
711115,110243,Personal Loan,8832,4.6,1,Active,0,2021-09-23
711116,142536,Mortgage,449195,5.77,30,Active,0,2025-06-07
711117,139548,Business Loan,143915,4.74,5,Paid Off,0,2023-04-25
711118,115726,Auto Loan,32062,3.99,3,Paid Off,0,2025-03-10
711119,132176,Business Loan,181651,3.72,5,Paid Off,0,2025-12-05
711120,133310,Business Loan,187475,6.02,5,Paid Off,0,2022-04-21
711121,149117,Personal Loan,3704,6.82,1,Active,0,2025-02-18
711122,106401,Personal Loan,20677,5.68,3,Paid Off,0,2022-06-05
711123,139704,Mortgage,387727,5.41,30,Defaulted,1,2021-12-21
711124,141027,Business Loan,30665,6.13,5,Active,0,2025-04-22
711125,133138,Auto Loan,47338,4.91,6,Active,0,2022-02-17
711126,144169,Personal Loan,19429,3.95,3,Active,0,2024-11-15
711127,128219,Mortgage,193407,6.91,30,Paid Off,0,2023-01-08
711128,137111,Business Loan,59599,3.94,5,Active,0,2025-12-07
711129,121396,Personal Loan,18746,6.35,3,Paid Off,0,2022-08-15
711130,140126,Business Loan,67586,6.47,5,Active,0,2026-01-23
711131,134453,Mortgage,573448,5.17,30,Active,0,2024-03-31
711132,124056,Auto Loan,57714,5.2,6,Paid Off,0,2026-07-14
711133,118778,Personal Loan,11846,9.34,5,Paid Off,0,2024-03-14
711134,126005,Personal Loan,4963,5.34,5,Active,0,2024-09-23
711135,136028,Business Loan,93618,9.88,10,Active,0,2022-12-16
711136,131123,Mortgage,487675,9.08,30,Paid Off,0,2023-02-09
711137,104679,Mortgage,314913,5.28,30,Active,0,2022-04-16
711138,105771,Auto Loan,31589,4.94,5,Active,0,2025-11-21
711139,122909,Mortgage,409568,11.5,30,Active,0,2023-06-23
711140,138535,Auto Loan,46210,5.75,6,Active,0,2024-04-02
711141,142407,Mortgage,338795,10.33,30,Active,0,2023-09-14
711142,132918,Personal Loan,24056,6.75,1,Paid Off,0,2023-06-09
711143,100180,Business Loan,138785,5.17,5,Active,0,2022-12-10
711144,147905,Mortgage,561655,5.84,30,Paid Off,0,2025-01-01
711145,121581,Auto Loan,14586,7.7,6,Active,0,2023-05-24
711146,115938,Business Loan,145788,6.87,5,Active,0,2023-01-09
711147,120679,Auto Loan,52951,5.54,6,Active,0,2024-04-25
711148,110035,Personal Loan,7896,10.48,5,Paid Off,0,2026-03-08
711149,110423,Business Loan,71691,4.51,5,Paid Off,0,2023-11-03
711150,146450,Mortgage,486675,3.6,30,Active,0,2024-01-04
711151,108090,Business Loan,28379,6.14,10,Active,0,2022-11-19
711152,111751,Personal Loan,10426,11.55,1,Paid Off,0,2021-08-04
711153,135100,Personal Loan,21351,11.42,3,Paid Off,0,2023-12-02
711154,121667,Personal Loan,13354,6.1,3,Active,0,2023-09-05
711155,122095,Mortgage,476913,6.69,30,Paid Off,0,2023-11-26
711156,115612,Auto Loan,31724,8.21,5,Paid Off,0,2021-07-31
711157,100013,Mortgage,332955,8.61,30,Paid Off,0,2024-05-28
711158,104251,Mortgage,444768,9.63,30,Active,0,2023-11-14
711159,108494,Mortgage,395974,8.64,30,Paid Off,0,2026-04-28
711160,103674,Business Loan,219650,5.23,10,Active,0,2025-10-07
711161,108721,Auto Loan,39128,4.96,6,Active,0,2021-07-28
711162,113556,Personal Loan,8118,4.36,5,Active,0,2022-10-01
711163,137676,Auto Loan,40593,5.62,6,Paid Off,0,2026-01-03
711164,107671,Mortgage,168805,5.84,30,Active,0,2023-10-31
711165,129353,Mortgage,298416,3.95,30,Active,0,2024-04-03
711166,117080,Mortgage,313263,8.75,30,Active,0,2022-06-16
711167,118741,Auto Loan,33085,3.71,5,Active,0,2022-03-19
711168,121121,Auto Loan,38721,6.19,3,Paid Off,0,2026-06-27
711169,140855,Personal Loan,1127,4.89,1,Active,0,2021-11-20
711170,140948,Mortgage,152904,8.68,30,Active,0,2022-02-01
711171,147824,Personal Loan,14175,6.33,5,Active,0,2025-04-10
711172,104496,Business Loan,237011,7.5,10,Active,0,2021-11-10
711173,147470,Business Loan,133300,8.68,10,Paid Off,0,2026-04-17
711174,105460,Personal Loan,7390,4.22,3,Active,0,2022-07-19
711175,111789,Business Loan,123675,6.11,5,Active,0,2025-03-31
711176,133240,Personal Loan,5693,6.16,1,Defaulted,1,2022-02-23
711177,111742,Business Loan,153595,9.98,5,Active,0,2026-03-01
711178,113552,Mortgage,593932,11.2,30,Defaulted,1,2023-09-22
711179,123518,Personal Loan,12800,7.82,5,Active,0,2024-09-05
711180,113053,Personal Loan,10277,9.9,5,Paid Off,0,2024-05-09
711181,113814,Business Loan,194151,8.41,10,Paid Off,0,2025-07-28
711182,130269,Mortgage,519031,4.97,30,Active,0,2022-10-17
711183,138469,Personal Loan,8386,4.05,3,Active,0,2021-11-10
711184,110077,Auto Loan,26332,4.95,3,Paid Off,0,2022-09-20
711185,123458,Personal Loan,9448,6.18,5,Active,0,2025-08-01
711186,123068,Personal Loan,15193,6.36,3,Paid Off,0,2022-09-13
711187,130637,Personal Loan,13610,5.96,3,Paid Off,0,2024-07-28
711188,124017,Mortgage,205958,5.83,30,Active,0,2021-09-29
711189,138433,Personal Loan,1126,5.45,3,Paid Off,0,2022-12-04
711190,138820,Personal Loan,14120,6.01,5,Paid Off,0,2026-03-26
711191,101213,Business Loan,157436,6.55,5,Paid Off,0,2023-06-02
711192,119211,Mortgage,281311,10.8,30,Active,0,2024-12-13
711193,110329,Mortgage,347764,10.66,30,Active,0,2022-06-05
711194,112790,Personal Loan,9990,5.74,1,Active,0,2022-12-05
711195,129688,Business Loan,25430,5.64,10,Active,0,2021-10-11
711196,133869,Personal Loan,11845,9.33,5,Paid Off,0,2024-09-03
711197,103683,Personal Loan,5571,6.81,3,Paid Off,0,2025-05-13
711198,130901,Personal Loan,9274,10.73,1,Paid Off,0,2023-05-09
711199,110237,Mortgage,587117,6.86,30,Active,0,2021-11-04
711200,137470,Business Loan,231296,7.97,5,Active,0,2022-06-30
711201,115662,Auto Loan,32682,6.7,6,Active,0,2025-01-06
711202,119166,Auto Loan,31032,4.74,6,Active,0,2022-03-20
711203,111550,Mortgage,451517,7.77,30,Paid Off,0,2023-06-20
711204,110287,Auto Loan,31063,5.33,3,Paid Off,0,2021-12-21
711205,136474,Mortgage,312141,10.71,30,Defaulted,1,2024-02-05
711206,131200,Business Loan,167295,7.9,10,Paid Off,0,2021-07-28
711207,139959,Business Loan,239755,5.08,5,Paid Off,0,2022-01-05
711208,103914,Auto Loan,49999,6.48,5,Paid Off,0,2022-10-28
711209,126611,Auto Loan,28185,11.03,5,Paid Off,0,2025-03-31
711210,133231,Mortgage,191133,5.1,30,Paid Off,0,2021-10-03
711211,140141,Auto Loan,28653,6.49,5,Paid Off,0,2024-01-03
711212,117003,Mortgage,313330,5.02,30,Paid Off,0,2024-08-23
711213,141831,Auto Loan,12734,7.17,5,Active,0,2025-10-30
711214,114045,Business Loan,206894,8.16,10,Paid Off,0,2026-01-21
711215,147192,Business Loan,129659,10.24,5,Paid Off,0,2022-04-19
711216,123210,Personal Loan,2864,6.23,5,Active,0,2023-10-18
711217,141782,Business Loan,77346,6.17,10,Active,0,2022-07-28
711218,148878,Mortgage,233430,4.18,30,Active,0,2024-05-08
711219,139266,Auto Loan,29689,6.87,3,Paid Off,0,2024-04-15
711220,132124,Mortgage,522636,9.72,30,Paid Off,0,2021-08-10
711221,144794,Personal Loan,15776,5.05,5,Active,0,2023-01-09
711222,144891,Personal Loan,5227,3.77,5,Paid Off,0,2024-10-11
711223,144997,Mortgage,490287,4.61,30,Active,0,2021-11-02
711224,145399,Auto Loan,37673,6.08,5,Paid Off,0,2025-08-01
711225,145146,Auto Loan,59818,7.42,5,Active,0,2024-05-01
711226,144336,Auto Loan,45394,5.19,6,Paid Off,0,2022-07-14
711227,125549,Auto Loan,25631,6.82,5,Paid Off,0,2025-09-13
711228,122204,Personal Loan,8516,8.11,1,Paid Off,0,2024-08-07
711229,124567,Auto Loan,12627,6.33,5,Paid Off,0,2024-08-18
711230,139154,Business Loan,135433,5.74,5,Paid Off,0,2023-10-04
711231,148670,Mortgage,593127,7.44,30,Paid Off,0,2024-03-28
711232,118388,Mortgage,444708,7.86,30,Paid Off,0,2025-07-09
711233,132523,Business Loan,103103,5.55,5,Active,0,2026-03-23
711234,111225,Auto Loan,37137,5.36,5,Active,0,2025-06-24
711235,107020,Business Loan,29321,6.63,10,Active,0,2021-09-10
711236,140071,Auto Loan,31246,8.77,5,Active,0,2022-03-27
711237,103442,Personal Loan,17263,4.49,1,Active,0,2025-03-28
711238,100631,Business Loan,224231,6.36,10,Active,0,2023-07-23
711239,126317,Business Loan,105119,6.32,5,Active,0,2024-11-06
711240,149898,Business Loan,199050,5.05,10,Active,0,2024-01-05
711241,137247,Personal Loan,21802,10.21,1,Active,0,2024-09-16
711242,120194,Personal Loan,16949,5.1,1,Active,0,2022-06-30
711243,127568,Business Loan,235116,5.6,5,Paid Off,0,2026-01-18
711244,100600,Personal Loan,3337,3.89,3,Active,0,2022-12-30
711245,138876,Auto Loan,28817,11.5,6,Active,0,2022-03-08
711246,147884,Auto Loan,22235,6.33,3,Defaulted,1,2023-12-26
711247,109545,Auto Loan,50747,5.93,3,Active,0,2024-02-19
711248,126012,Auto Loan,28636,5.89,6,Active,0,2024-03-15
711249,117233,Auto Loan,22806,6.78,3,Paid Off,0,2025-04-01
711250,144511,Mortgage,415172,5.41,30,Active,0,2023-02-18
711251,139581,Personal Loan,20693,3.83,1,Paid Off,0,2026-01-15
711252,107945,Auto Loan,18135,6.01,5,Paid Off,0,2022-04-07
711253,145503,Auto Loan,57141,11.76,6,Active,0,2026-03-05
711254,124352,Personal Loan,13457,7.6,3,Paid Off,0,2022-08-06
711255,125893,Business Loan,113644,10.69,10,Paid Off,0,2025-06-24
711256,120037,Mortgage,575350,6.54,30,Active,0,2022-06-17
711257,117712,Mortgage,439793,6.66,30,Active,0,2022-08-03
711258,118180,Auto Loan,56962,5.02,3,Paid Off,0,2023-05-18
711259,131857,Auto Loan,36298,11.86,3,Active,0,2022-03-02
711260,104219,Mortgage,241354,6.94,30,Active,0,2024-01-14
711261,133197,Mortgage,507269,11.28,30,Active,0,2025-05-16
711262,100919,Auto Loan,45232,9.2,6,Paid Off,0,2024-07-10
711263,115526,Personal Loan,19435,5.51,3,Active,0,2023-03-13
711264,112348,Business Loan,177777,11.67,10,Active,0,2025-06-19
711265,108854,Mortgage,286126,10.67,30,Active,0,2022-03-12
711266,118998,Mortgage,500502,5.62,30,Active,0,2022-09-18
711267,109426,Personal Loan,2634,11.5,3,Active,0,2024-10-12
711268,108943,Auto Loan,32971,5.95,3,Paid Off,0,2023-09-08
711269,132235,Personal Loan,19040,5.63,3,Paid Off,0,2022-09-10
711270,135581,Auto Loan,44237,5.42,3,Paid Off,0,2022-11-30
711271,139117,Auto Loan,58164,5.43,5,Active,0,2022-10-26
711272,127628,Business Loan,81018,11.63,10,Active,0,2021-08-29
711273,139360,Mortgage,211089,5.1,30,Paid Off,0,2022-12-06
711274,100904,Mortgage,366653,4.73,30,Paid Off,0,2025-12-06
711275,117411,Personal Loan,16223,5.74,5,Paid Off,0,2026-07-04
711276,132071,Mortgage,450680,11.83,30,Active,0,2024-04-08
711277,126433,Business Loan,235930,4.42,5,Paid Off,0,2024-09-27
711278,142024,Personal Loan,15654,5.72,1,Defaulted,1,2026-02-06
711279,108957,Auto Loan,51359,3.68,6,Paid Off,0,2022-03-05
711280,129131,Business Loan,41090,5.91,10,Paid Off,0,2024-05-10
711281,144496,Mortgage,455142,3.53,30,Paid Off,0,2024-05-31
711282,110538,Personal Loan,18510,3.63,1,Active,0,2023-11-12
711283,131183,Personal Loan,4033,5.91,5,Active,0,2023-08-07
711284,103318,Auto Loan,40976,5.65,5,Active,0,2025-05-14
711285,134638,Mortgage,411104,4.13,30,Active,0,2021-10-24
711286,100157,Personal Loan,21026,3.55,3,Active,0,2024-09-08
711287,146258,Personal Loan,11173,5.47,1,Active,0,2025-03-15
711288,104325,Auto Loan,51021,10.1,3,Active,0,2021-12-04
711289,118623,Mortgage,271168,5.61,30,Active,0,2025-01-18
711290,126951,Mortgage,412753,4.66,30,Paid Off,0,2026-05-21
711291,105073,Mortgage,433539,4.79,30,Active,0,2024-10-05
711292,100596,Auto Loan,23196,3.55,6,Active,0,2025-02-21
711293,133831,Auto Loan,10958,9.04,3,Defaulted,1,2022-05-27
711294,108339,Personal Loan,14885,6.03,5,Paid Off,0,2025-08-21
711295,122081,Personal Loan,21884,5.62,1,Paid Off,0,2026-03-04
711296,123883,Mortgage,515822,4.85,30,Paid Off,0,2024-11-15
711297,105434,Auto Loan,50821,8.88,5,Defaulted,1,2022-06-12
711298,127646,Business Loan,40561,3.63,10,Paid Off,0,2022-05-29
711299,137436,Mortgage,227329,8.76,30,Paid Off,0,2025-02-03
711300,116468,Personal Loan,1838,4.36,3,Paid Off,0,2025-04-14
711301,112923,Mortgage,460681,6.41,30,Active,0,2023-07-01
711302,148134,Auto Loan,21250,6.69,6,Active,0,2024-09-17
711303,110544,Business Loan,236489,4.22,10,Paid Off,0,2022-07-05
711304,101478,Auto Loan,27886,6.55,3,Paid Off,0,2023-05-12
711305,147979,Auto Loan,57414,5.43,3,Active,0,2022-11-26
711306,122306,Mortgage,321930,6.53,30,Paid Off,0,2026-06-18
711307,132497,Personal Loan,24653,4.86,5,Paid Off,0,2023-12-23
711308,110113,Personal Loan,11999,3.82,1,Active,0,2023-08-14
711309,112680,Personal Loan,14437,4.59,1,Active,0,2024-05-21
711310,107707,Personal Loan,21416,4.83,5,Active,0,2022-02-16
711311,133179,Business Loan,239071,4.48,5,Active,0,2026-05-20
711312,122197,Business Loan,41498,3.66,5,Paid Off,0,2021-12-23
711313,100308,Mortgage,416629,5.19,30,Active,0,2023-01-20
711314,139878,Personal Loan,21966,6.03,5,Active,0,2022-12-05
711315,100471,Mortgage,390956,5.46,30,Paid Off,0,2023-04-24
711316,141682,Personal Loan,15541,6.59,1,Active,0,2024-12-06
711317,118335,Business Loan,143019,5.25,10,Paid Off,0,2025-12-20
711318,113360,Auto Loan,29879,6.53,6,Paid Off,0,2025-01-12
711319,142883,Business Loan,159564,10.6,5,Active,0,2023-06-23
711320,116614,Business Loan,63755,5.46,5,Paid Off,0,2024-12-09
711321,145198,Business Loan,189288,6.87,10,Active,0,2025-10-02
711322,124478,Auto Loan,50586,6.49,3,Active,0,2025-06-25
711323,109240,Personal Loan,7303,6.29,3,Paid Off,0,2022-02-03
711324,130459,Business Loan,146174,9.25,10,Active,0,2025-08-11
711325,137830,Auto Loan,59080,5.67,6,Active,0,2023-01-17
711326,113480,Mortgage,377072,4.22,30,Active,0,2024-03-09
711327,141062,Mortgage,578814,4.18,30,Active,0,2022-10-19
711328,115278,Mortgage,507141,7.68,30,Paid Off,0,2022-12-25
711329,105082,Auto Loan,23998,5.37,6,Active,0,2024-12-09
711330,117687,Personal Loan,4935,6.18,3,Active,0,2023-09-17
711331,136542,Mortgage,263665,10.45,30,Active,0,2025-11-17
711332,138416,Personal Loan,19284,4.94,3,Paid Off,0,2025-10-30
711333,109565,Auto Loan,29543,6.62,3,Active,0,2024-04-21
711334,109687,Auto Loan,14969,4.24,3,Paid Off,0,2025-06-17
711335,120258,Auto Loan,12354,6.39,5,Paid Off,0,2023-04-21
711336,112233,Personal Loan,1820,10.11,3,Paid Off,0,2022-05-21
711337,128536,Personal Loan,18077,10.7,5,Active,0,2022-02-02
711338,101270,Mortgage,227503,11.12,30,Active,0,2023-03-01
711339,142365,Auto Loan,18497,4.78,5,Defaulted,1,2025-02-25
711340,132418,Personal Loan,7466,6.87,5,Active,0,2024-09-29
711341,116224,Business Loan,199193,4.86,10,Active,0,2022-04-15
711342,146619,Auto Loan,39948,3.85,3,Defaulted,1,2025-10-04
711343,114198,Auto Loan,14114,3.9,5,Paid Off,0,2025-12-16
711344,109806,Mortgage,331623,3.77,30,Active,0,2026-01-07
711345,115742,Mortgage,528852,5.89,30,Paid Off,0,2023-11-28
711346,148598,Mortgage,271070,5.86,30,Paid Off,0,2024-07-25
711347,118056,Mortgage,383332,3.96,30,Paid Off,0,2022-11-05
711348,101339,Auto Loan,45326,11.08,5,Active,0,2026-01-19
711349,148283,Auto Loan,29239,5.43,3,Active,0,2021-08-03
711350,123931,Mortgage,484512,4.58,30,Active,0,2025-03-18
711351,127138,Mortgage,188136,5.98,30,Paid Off,0,2022-02-05
711352,116419,Business Loan,177232,3.77,10,Active,0,2026-07-06
711353,149257,Personal Loan,16511,5.51,5,Paid Off,0,2025-09-26
711354,132896,Auto Loan,14776,9.05,6,Paid Off,0,2025-11-07
711355,114788,Personal Loan,7739,5.35,5,Paid Off,0,2022-06-19
711356,119260,Auto Loan,41979,11.84,5,Active,0,2025-05-14
711357,108620,Auto Loan,32532,5.47,6,Active,0,2023-02-13
711358,123540,Business Loan,96683,7.45,10,Active,0,2023-09-02
711359,131886,Personal Loan,19278,5.14,3,Active,0,2023-07-12
711360,138390,Mortgage,212938,10.81,30,Defaulted,1,2024-06-23
711361,140081,Auto Loan,39796,5.52,6,Active,0,2024-12-19
711362,137832,Personal Loan,18939,4.45,1,Paid Off,0,2023-01-05
711363,105401,Business Loan,127636,6.78,10,Active,0,2024-06-15
711364,147220,Personal Loan,14276,10.07,5,Active,0,2022-09-05
711365,100096,Mortgage,151016,3.83,30,Active,0,2025-09-28
711366,137192,Mortgage,554601,11.72,30,Active,0,2022-02-18
711367,118004,Business Loan,233266,9.16,5,Paid Off,0,2026-01-07
711368,124628,Personal Loan,1307,6.14,1,Paid Off,0,2022-10-07
711369,104913,Auto Loan,46875,9.42,3,Active,0,2023-07-28
711370,105628,Business Loan,43188,3.86,5,Paid Off,0,2022-01-15
711371,149792,Auto Loan,37822,8.71,6,Active,0,2025-04-15
711372,143119,Personal Loan,9957,6.55,1,Active,0,2021-11-28
711373,124055,Personal Loan,23867,4.51,5,Active,0,2023-05-13
711374,145533,Mortgage,507365,7.63,30,Paid Off,0,2024-06-25
711375,114522,Mortgage,188384,6.2,30,Active,0,2026-04-07
711376,149288,Personal Loan,3467,5.73,5,Paid Off,0,2024-04-29
711377,101771,Personal Loan,18863,5.49,3,Paid Off,0,2023-09-03
711378,134596,Mortgage,429418,4.91,30,Paid Off,0,2025-03-17
711379,142945,Auto Loan,27536,4.21,5,Paid Off,0,2025-10-02
711380,147434,Mortgage,406413,10.01,30,Paid Off,0,2023-07-10
711381,134000,Auto Loan,13936,10.06,3,Paid Off,0,2025-01-28
711382,126656,Business Loan,144982,3.57,5,Active,0,2023-01-24
711383,103349,Auto Loan,32302,3.53,6,Active,0,2025-08-16
711384,142085,Business Loan,178539,4.2,10,Active,0,2023-05-24
711385,129088,Business Loan,212192,9.86,5,Defaulted,1,2023-08-20
711386,114050,Mortgage,155525,5.49,30,Active,0,2023-05-05
711387,137988,Business Loan,65664,4.03,5,Paid Off,0,2024-01-20
711388,121582,Business Loan,86201,6.25,5,Active,0,2023-01-19
711389,148646,Auto Loan,48332,10.73,5,Active,0,2023-08-09
711390,143244,Personal Loan,21400,7.31,3,Active,0,2024-05-06
711391,124482,Business Loan,46658,11.88,5,Paid Off,0,2023-01-22
711392,114009,Auto Loan,58359,11.37,6,Active,0,2024-01-30
711393,101491,Auto Loan,45555,6.31,5,Paid Off,0,2026-04-27
711394,118805,Personal Loan,16757,4.62,5,Active,0,2022-09-08
711395,149504,Mortgage,325418,5.33,30,Active,0,2024-07-15
711396,103113,Personal Loan,13459,3.93,1,Active,0,2025-11-18
711397,136708,Personal Loan,20494,7.21,5,Paid Off,0,2024-10-26
711398,112179,Auto Loan,37970,5.68,6,Active,0,2025-06-16
711399,127166,Business Loan,46805,6.88,5,Active,0,2024-06-27
711400,115232,Personal Loan,6513,5.14,3,Active,0,2026-04-04
711401,112103,Auto Loan,25931,9.45,5,Paid Off,0,2023-05-19
711402,149418,Personal Loan,24211,10.6,1,Active,0,2025-09-27
711403,132468,Mortgage,378131,4.37,30,Active,0,2021-10-23
711404,129913,Mortgage,332569,4.25,30,Active,0,2022-05-27
711405,106666,Mortgage,314029,9.36,30,Active,0,2023-07-28
711406,142851,Business Loan,108065,6.49,5,Defaulted,1,2025-09-30
711407,115597,Mortgage,324220,8.69,30,Active,0,2026-06-03
711408,144358,Auto Loan,51725,4.09,5,Paid Off,0,2025-08-24
711409,127595,Personal Loan,21163,6.14,1,Paid Off,0,2026-06-13
711410,112223,Auto Loan,59058,5.23,3,Active,0,2022-08-26
711411,139735,Auto Loan,53368,6.34,3,Active,0,2026-06-08
711412,103835,Business Loan,240656,10.57,10,Active,0,2021-12-29
711413,138240,Personal Loan,21461,5.49,1,Active,0,2023-12-03
711414,123846,Business Loan,194202,10.51,5,Paid Off,0,2021-09-17
711415,100285,Personal Loan,13666,6.87,3,Paid Off,0,2026-06-09
711416,117041,Auto Loan,14630,3.85,5,Paid Off,0,2022-09-26
711417,118575,Mortgage,354961,6.65,30,Paid Off,0,2023-10-12
711418,125636,Business Loan,161790,4.48,10,Paid Off,0,2025-12-03
711419,133392,Auto Loan,42685,4.44,6,Active,0,2025-10-13
711420,119660,Auto Loan,45379,8.0,3,Active,0,2025-01-03
711421,117005,Personal Loan,7799,6.04,1,Active,0,2025-07-13
711422,100447,Business Loan,167053,11.86,10,Active,0,2026-01-15
711423,104291,Auto Loan,17509,10.85,5,Active,0,2022-10-28
711424,117891,Mortgage,577804,5.91,30,Paid Off,0,2024-09-13
711425,134151,Auto Loan,14274,5.53,3,Active,0,2024-05-17
711426,120602,Auto Loan,25604,7.26,5,Paid Off,0,2022-09-26
711427,128165,Mortgage,272502,4.03,30,Active,0,2025-06-13
711428,108246,Personal Loan,13332,10.82,3,Paid Off,0,2026-03-11
711429,118248,Mortgage,353331,5.77,30,Active,0,2025-02-03
711430,115382,Business Loan,27075,8.4,5,Active,0,2025-03-03
711431,145527,Auto Loan,53819,3.64,3,Paid Off,0,2024-01-03
711432,127673,Business Loan,125444,7.07,5,Active,0,2023-05-21
711433,110398,Business Loan,42756,5.94,5,Active,0,2022-07-23
711434,144067,Personal Loan,14997,10.97,1,Active,0,2022-12-17
711435,144938,Mortgage,213991,5.1,30,Paid Off,0,2023-06-24
711436,121080,Mortgage,460386,5.95,30,Active,0,2023-01-02
711437,116707,Personal Loan,8004,6.1,3,Paid Off,0,2023-11-20
711438,140188,Business Loan,194003,3.77,10,Paid Off,0,2023-07-29
711439,134195,Business Loan,58989,6.19,5,Active,0,2022-08-14
711440,136795,Business Loan,219358,7.74,10,Paid Off,0,2022-05-09
711441,139052,Auto Loan,23058,6.67,3,Paid Off,0,2024-04-20
711442,104737,Business Loan,67686,5.07,10,Paid Off,0,2026-05-08
711443,139398,Mortgage,187566,9.68,30,Active,0,2026-05-28
711444,130727,Business Loan,196843,5.85,5,Active,0,2022-09-08
711445,107049,Mortgage,423754,6.16,30,Paid Off,0,2025-04-11
711446,127975,Mortgage,437440,8.6,30,Active,0,2023-01-20
711447,135943,Personal Loan,19383,5.52,5,Paid Off,0,2021-10-04
711448,100204,Business Loan,61804,3.65,10,Active,0,2025-01-30
711449,130487,Auto Loan,27793,10.45,5,Paid Off,0,2025-07-19
711450,118451,Personal Loan,3022,8.71,1,Paid Off,0,2024-02-01
711451,120731,Auto Loan,35806,4.36,6,Paid Off,0,2026-02-12
711452,131343,Auto Loan,39687,10.47,3,Active,0,2024-06-03
711453,109981,Mortgage,260611,4.92,30,Paid Off,0,2021-08-15
711454,110277,Auto Loan,44626,6.99,3,Paid Off,0,2026-01-31
711455,101562,Business Loan,71486,10.76,10,Active,0,2021-12-04
711456,141849,Mortgage,284699,4.3,30,Paid Off,0,2022-04-29
711457,133628,Mortgage,352373,4.95,30,Active,0,2021-10-07
711458,125795,Auto Loan,35194,4.59,3,Active,0,2026-01-10
711459,120646,Business Loan,29921,4.59,5,Paid Off,0,2025-04-13
711460,121701,Personal Loan,23854,5.04,5,Paid Off,0,2022-05-14
711461,138696,Auto Loan,44634,4.53,5,Active,0,2024-02-13
711462,101968,Auto Loan,59279,6.96,5,Active,0,2023-10-26
711463,135756,Personal Loan,17224,6.14,5,Active,0,2025-09-22
711464,107350,Business Loan,195665,4.72,10,Paid Off,0,2023-07-08
711465,134688,Personal Loan,9447,5.56,1,Active,0,2023-05-06
711466,124768,Personal Loan,8669,4.18,1,Paid Off,0,2025-08-03
711467,108410,Auto Loan,51691,4.9,3,Paid Off,0,2026-02-16
711468,130427,Auto Loan,17047,6.82,3,Active,0,2022-05-31
711469,111187,Business Loan,188166,11.07,10,Paid Off,0,2021-12-14
711470,138021,Mortgage,578459,5.42,30,Paid Off,0,2021-09-27
711471,114763,Auto Loan,49358,11.43,5,Active,0,2025-05-17
711472,138684,Auto Loan,12272,8.19,3,Active,0,2022-01-24
711473,121816,Personal Loan,13018,10.29,5,Paid Off,0,2021-08-11
711474,147820,Mortgage,526218,9.27,30,Active,0,2022-09-29
711475,114354,Business Loan,211433,3.87,10,Active,0,2021-11-06
711476,114200,Mortgage,278855,5.38,30,Paid Off,0,2024-11-04
711477,106042,Business Loan,96671,6.57,5,Active,0,2025-10-18
711478,142323,Auto Loan,53895,4.7,5,Active,0,2025-08-05
711479,121974,Mortgage,569639,5.32,30,Active,0,2026-02-25
711480,103922,Business Loan,73435,6.74,10,Active,0,2023-05-19
711481,144566,Business Loan,85593,6.2,10,Active,0,2022-10-03
711482,125880,Auto Loan,55219,10.08,3,Paid Off,0,2023-05-30
711483,122336,Personal Loan,4254,4.28,5,Defaulted,1,2024-07-26
711484,130357,Auto Loan,13083,6.58,5,Active,0,2022-07-17
711485,117185,Business Loan,97787,6.91,5,Defaulted,1,2024-11-27
711486,133694,Business Loan,116879,4.03,5,Active,0,2022-02-06
711487,104149,Business Loan,105761,4.95,10,Active,0,2024-04-25
711488,132846,Business Loan,124420,6.78,5,Active,0,2025-10-06
711489,121937,Auto Loan,27864,6.4,3,Paid Off,0,2023-08-24
711490,100086,Mortgage,345889,7.59,30,Paid Off,0,2022-07-05
711491,137413,Business Loan,101603,6.81,10,Paid Off,0,2025-04-16
711492,135887,Mortgage,178486,8.47,30,Paid Off,0,2023-10-28
711493,105273,Business Loan,173024,11.25,10,Active,0,2023-08-15
711494,109633,Business Loan,197427,6.29,5,Active,0,2021-11-14
711495,141868,Business Loan,37363,7.84,10,Paid Off,0,2024-09-13
711496,123835,Personal Loan,16553,6.32,1,Defaulted,1,2022-07-09
711497,121707,Mortgage,232425,5.36,30,Active,0,2023-07-11
711498,120356,Auto Loan,17033,11.37,3,Defaulted,1,2026-04-11
711499,145040,Business Loan,120757,10.67,5,Paid Off,0,2022-04-28
711500,116657,Auto Loan,38768,6.22,6,Paid Off,0,2021-12-28
711501,114608,Mortgage,546983,5.42,30,Paid Off,0,2022-09-18
711502,133080,Mortgage,183039,11.16,30,Active,0,2023-08-29
711503,125263,Personal Loan,6078,11.65,3,Active,0,2022-02-04
711504,145466,Business Loan,166462,6.46,5,Paid Off,0,2022-02-20
711505,134211,Business Loan,108581,10.83,5,Active,0,2023-09-28
711506,132488,Mortgage,264555,4.7,30,Paid Off,0,2024-09-05
711507,106690,Auto Loan,40241,6.28,5,Paid Off,0,2024-07-08
711508,149132,Mortgage,195857,10.17,30,Paid Off,0,2022-01-27
711509,127800,Auto Loan,40129,5.05,5,Active,0,2023-11-12
711510,102715,Business Loan,214335,7.6,10,Paid Off,0,2023-10-18
711511,111309,Auto Loan,43551,5.45,6,Active,0,2025-09-14
711512,144044,Business Loan,33299,10.75,5,Active,0,2024-02-04
711513,142979,Auto Loan,30088,11.54,3,Active,0,2022-06-04
711514,132067,Mortgage,542645,8.9,30,Paid Off,0,2022-03-02
711515,146812,Auto Loan,16025,5.4,6,Paid Off,0,2023-05-08
711516,123933,Auto Loan,42757,5.28,3,Paid Off,0,2022-06-18
711517,132740,Mortgage,286468,3.63,30,Active,0,2026-06-20
711518,126977,Personal Loan,23864,6.3,5,Active,0,2022-08-31
711519,137482,Business Loan,106109,10.55,10,Active,0,2025-06-12
711520,139923,Auto Loan,51692,5.08,5,Active,0,2023-03-23
711521,115538,Mortgage,176551,8.88,30,Active,0,2025-03-29
711522,141363,Auto Loan,12128,7.59,6,Paid Off,0,2022-01-09
711523,111834,Mortgage,584466,4.06,30,Paid Off,0,2026-04-29
711524,144916,Business Loan,241140,6.74,5,Paid Off,0,2025-07-28
711525,115484,Business Loan,58457,11.11,10,Defaulted,1,2021-12-15
711526,141469,Mortgage,525057,6.6,30,Active,0,2022-06-13
711527,115760,Auto Loan,32358,6.86,3,Active,0,2026-04-15
711528,115028,Mortgage,253051,5.36,30,Defaulted,1,2024-09-13
711529,100464,Business Loan,199412,7.83,5,Active,0,2025-08-13
711530,109087,Mortgage,412097,5.93,30,Active,0,2022-06-14
711531,103622,Mortgage,484053,5.2,30,Active,0,2023-10-02
711532,124488,Business Loan,91551,3.95,10,Active,0,2025-03-25
711533,122136,Mortgage,385380,7.25,30,Paid Off,0,2021-08-24
711534,117933,Personal Loan,1414,6.38,1,Active,0,2022-10-26
711535,147568,Personal Loan,23530,6.28,3,Active,0,2025-11-07
711536,141670,Business Loan,168805,6.71,5,Paid Off,0,2023-12-01
711537,120031,Personal Loan,23526,4.85,1,Paid Off,0,2025-08-14
711538,125456,Mortgage,500120,8.42,30,Defaulted,1,2023-08-10
711539,109572,Auto Loan,23824,6.2,3,Active,0,2024-04-20
711540,124582,Mortgage,418472,7.63,30,Paid Off,0,2025-01-07
711541,123998,Auto Loan,21384,6.96,6,Active,0,2026-03-02
711542,108765,Personal Loan,20074,3.68,1,Paid Off,0,2024-07-22
711543,144854,Mortgage,560383,7.54,30,Active,0,2026-02-04
711544,103200,Mortgage,169592,4.08,30,Paid Off,0,2025-03-03
711545,137522,Auto Loan,32230,11.45,5,Active,0,2022-06-30
711546,140914,Business Loan,149082,6.11,10,Paid Off,0,2024-08-01
711547,105014,Business Loan,115407,10.87,10,Active,0,2022-03-10
711548,121454,Mortgage,587758,7.46,30,Paid Off,0,2021-09-05
711549,130588,Personal Loan,8481,11.59,5,Paid Off,0,2024-05-24
711550,139630,Mortgage,237420,4.67,30,Paid Off,0,2025-04-25
711551,130167,Personal Loan,15856,8.74,1,Paid Off,0,2022-02-25
711552,126522,Business Loan,236384,6.81,5,Active,0,2021-10-04
711553,126647,Personal Loan,16948,7.91,1,Active,0,2024-04-14
711554,146515,Mortgage,177462,5.4,30,Paid Off,0,2022-12-02
711555,133580,Mortgage,471567,6.28,30,Active,0,2024-10-16
711556,144084,Personal Loan,5966,5.03,5,Active,0,2024-10-21
711557,146841,Mortgage,204507,6.9,30,Active,0,2023-10-26
711558,139103,Auto Loan,24618,6.2,5,Paid Off,0,2024-01-26
711559,137780,Personal Loan,5919,6.9,1,Active,0,2022-07-23
711560,109172,Mortgage,262597,3.97,30,Paid Off,0,2024-11-13
711561,129773,Personal Loan,14582,9.2,1,Paid Off,0,2025-04-06
711562,128711,Personal Loan,16560,4.39,3,Active,0,2025-08-05
711563,147436,Personal Loan,22778,6.25,1,Paid Off,0,2024-03-31
711564,128450,Business Loan,219307,6.73,10,Paid Off,0,2025-12-10
711565,132388,Mortgage,200085,4.38,30,Paid Off,0,2024-05-07
711566,131851,Personal Loan,8634,3.66,5,Paid Off,0,2025-01-13
711567,126782,Business Loan,53739,7.64,5,Active,0,2026-04-05
711568,119828,Auto Loan,51526,3.89,5,Active,0,2026-02-22
711569,112248,Personal Loan,22832,5.07,5,Active,0,2025-12-13
711570,142347,Mortgage,590168,11.81,30,Active,0,2024-08-08
711571,106118,Mortgage,362782,4.02,30,Paid Off,0,2023-02-22
711572,149746,Auto Loan,46162,4.27,5,Active,0,2026-01-05
711573,147953,Business Loan,91069,11.29,5,Paid Off,0,2025-12-29
711574,128387,Personal Loan,17513,6.97,5,Active,0,2022-05-08
711575,103876,Auto Loan,48251,6.75,3,Active,0,2023-10-16
711576,148290,Mortgage,258076,5.31,30,Active,0,2023-03-08
711577,124385,Personal Loan,6723,5.84,3,Active,0,2022-05-23
711578,101303,Personal Loan,22509,6.64,3,Active,0,2021-12-02
711579,146522,Personal Loan,4860,6.1,5,Paid Off,0,2024-07-01
711580,140057,Personal Loan,23075,5.19,3,Active,0,2026-04-27
711581,146627,Auto Loan,24122,6.96,3,Active,0,2025-02-05
711582,102650,Mortgage,472314,5.46,30,Paid Off,0,2024-09-24
711583,147759,Business Loan,51146,5.7,5,Paid Off,0,2024-06-01
711584,125828,Personal Loan,12931,5.98,5,Paid Off,0,2026-01-27
711585,106686,Personal Loan,7053,5.49,3,Defaulted,1,2023-11-09
711586,140625,Mortgage,358044,5.85,30,Paid Off,0,2025-08-06
711587,106346,Personal Loan,8073,5.74,3,Paid Off,0,2024-04-28
711588,133023,Mortgage,166686,4.62,30,Paid Off,0,2023-11-06
711589,147139,Personal Loan,12350,4.1,5,Active,0,2024-01-27
711590,127639,Business Loan,121450,4.01,10,Defaulted,1,2026-01-23
711591,103441,Business Loan,202406,5.44,5,Active,0,2025-04-19
711592,140079,Auto Loan,54001,6.74,6,Paid Off,0,2025-07-14
711593,133530,Mortgage,374010,6.42,30,Paid Off,0,2024-03-07
711594,127837,Mortgage,214554,4.58,30,Active,0,2026-03-19
711595,114981,Personal Loan,10278,8.52,3,Paid Off,0,2023-11-25
711596,135319,Mortgage,287462,5.81,30,Active,0,2022-03-18
711597,145387,Business Loan,70375,10.63,10,Active,0,2026-01-29
711598,124057,Business Loan,227297,6.44,10,Active,0,2022-09-08
711599,117904,Auto Loan,46749,7.72,5,Paid Off,0,2026-02-14
711600,130407,Business Loan,173591,4.61,10,Paid Off,0,2025-03-26
711601,102133,Business Loan,244587,4.82,5,Active,0,2024-02-20
711602,113758,Business Loan,249372,6.76,10,Active,0,2024-10-31
711603,110333,Mortgage,557774,6.4,30,Paid Off,0,2024-05-23
711604,114857,Mortgage,412901,11.97,30,Paid Off,0,2022-05-22
711605,105117,Auto Loan,12447,4.24,3,Active,0,2022-07-24
711606,141436,Personal Loan,3080,10.8,1,Active,0,2023-01-09
711607,141794,Mortgage,151780,9.23,30,Active,0,2023-01-28
711608,118153,Business Loan,51827,5.06,5,Active,0,2026-01-20
711609,129421,Auto Loan,44658,4.19,3,Active,0,2023-03-07
711610,104990,Mortgage,346211,4.34,30,Active,0,2024-02-15
711611,106146,Auto Loan,31164,4.54,6,Paid Off,0,2022-07-18
711612,118191,Auto Loan,17443,10.33,3,Paid Off,0,2024-08-23
711613,115551,Business Loan,91794,8.46,10,Active,0,2024-01-02
711614,128915,Business Loan,230678,5.76,5,Active,0,2025-02-15
711615,131196,Mortgage,585676,5.86,30,Active,0,2024-03-03
711616,132811,Mortgage,294301,6.34,30,Paid Off,0,2024-11-10
711617,139171,Auto Loan,17676,8.6,6,Active,0,2024-07-08
711618,142304,Mortgage,474843,4.64,30,Active,0,2023-07-21
711619,120230,Auto Loan,27324,11.37,6,Paid Off,0,2025-04-03
711620,129462,Auto Loan,52085,6.38,3,Paid Off,0,2022-09-12
711621,102258,Personal Loan,9333,3.85,1,Paid Off,0,2025-11-13
711622,115125,Auto Loan,19436,11.7,3,Active,0,2022-07-31
711623,133360,Business Loan,236130,7.68,5,Paid Off,0,2022-11-08
711624,148554,Business Loan,108448,5.22,5,Paid Off,0,2023-01-20
711625,104420,Mortgage,269298,7.97,30,Paid Off,0,2021-11-06
711626,125769,Mortgage,527663,9.82,30,Paid Off,0,2023-08-05
711627,148049,Mortgage,545641,11.62,30,Active,0,2022-04-25
711628,128235,Auto Loan,51729,5.98,3,Paid Off,0,2024-03-30
711629,131701,Auto Loan,47724,5.32,6,Paid Off,0,2023-05-31
711630,120972,Mortgage,197447,5.36,30,Active,0,2025-03-04
711631,148975,Mortgage,447162,6.2,30,Active,0,2024-04-16
711632,118666,Business Loan,188066,4.82,5,Active,0,2026-05-16
711633,102052,Personal Loan,14431,6.42,1,Paid Off,0,2022-05-29
711634,145321,Business Loan,233425,4.34,5,Active,0,2023-01-23
711635,115093,Personal Loan,16542,4.69,1,Active,0,2026-02-25
711636,100263,Mortgage,299007,4.59,30,Paid Off,0,2022-04-08
711637,126927,Auto Loan,28638,6.89,5,Active,0,2025-04-02
711638,145066,Personal Loan,19706,5.4,1,Active,0,2022-08-12
711639,146858,Business Loan,163250,3.81,5,Paid Off,0,2023-06-08
711640,128665,Personal Loan,11691,6.77,1,Active,0,2023-12-07
711641,112792,Auto Loan,39617,11.67,6,Active,0,2021-11-24
711642,121289,Mortgage,495204,5.98,30,Defaulted,1,2022-12-29
711643,101194,Auto Loan,33578,8.44,5,Paid Off,0,2023-04-01
711644,145404,Auto Loan,18327,3.64,6,Paid Off,0,2024-12-14
711645,149643,Personal Loan,24823,5.37,1,Active,0,2025-07-20
711646,103177,Business Loan,37085,9.65,5,Paid Off,0,2026-04-12
711647,134278,Mortgage,444193,6.07,30,Active,0,2023-05-11
711648,126100,Auto Loan,27307,10.93,5,Active,0,2022-04-19
711649,113004,Auto Loan,43961,5.27,3,Active,0,2024-06-15
711650,101817,Auto Loan,28450,4.9,3,Paid Off,0,2022-03-16
711651,137113,Mortgage,538266,6.86,30,Paid Off,0,2022-04-13
711652,138942,Personal Loan,6076,5.04,1,Paid Off,0,2021-07-28
711653,119316,Personal Loan,24886,6.21,5,Active,0,2026-05-25
711654,124308,Mortgage,302711,9.0,30,Paid Off,0,2023-04-28
711655,108902,Mortgage,198532,5.72,30,Active,0,2025-07-18
711656,133991,Personal Loan,10936,11.07,1,Paid Off,0,2022-04-06
711657,140518,Personal Loan,20287,5.65,5,Paid Off,0,2024-01-22
711658,138023,Mortgage,259377,6.07,30,Paid Off,0,2024-10-13
711659,115165,Auto Loan,57639,4.96,5,Paid Off,0,2021-09-13
711660,131550,Business Loan,247038,4.66,5,Paid Off,0,2025-11-25
711661,138949,Personal Loan,4226,5.03,3,Active,0,2024-08-17
711662,118367,Mortgage,371635,10.69,30,Active,0,2023-08-07
711663,144513,Auto Loan,33037,8.45,3,Paid Off,0,2023-11-11
711664,115845,Auto Loan,10942,5.09,3,Active,0,2024-01-09
711665,134204,Business Loan,127159,6.87,5,Active,0,2023-08-13
711666,138438,Mortgage,301945,3.61,30,Paid Off,0,2025-05-30
711667,118138,Auto Loan,50564,5.96,6,Active,0,2026-06-21
711668,103886,Business Loan,142991,11.54,5,Active,0,2022-11-12
711669,125648,Business Loan,42500,4.08,10,Paid Off,0,2023-12-06
711670,100494,Business Loan,206659,6.66,10,Paid Off,0,2023-02-20
711671,141255,Mortgage,312767,5.26,30,Active,0,2025-03-11
711672,144570,Auto Loan,55482,5.82,6,Paid Off,0,2025-01-01
711673,144746,Mortgage,252056,5.23,30,Active,0,2022-11-12
711674,144497,Auto Loan,52868,5.1,6,Defaulted,1,2023-12-13
711675,146971,Personal Loan,3108,6.69,3,Active,0,2025-08-28
711676,134538,Auto Loan,11399,9.65,5,Active,0,2022-04-29
711677,136470,Mortgage,498980,4.8,30,Active,0,2024-04-26
711678,101274,Mortgage,218152,6.28,30,Paid Off,0,2025-07-30
711679,120430,Auto Loan,50504,6.84,6,Active,0,2025-06-06
711680,146255,Auto Loan,25778,9.16,3,Active,0,2022-12-06
711681,111986,Auto Loan,40738,4.86,5,Paid Off,0,2025-03-24
711682,138766,Business Loan,133221,4.41,5,Paid Off,0,2024-10-01
711683,142236,Business Loan,174638,8.51,10,Active,0,2022-03-15
711684,121273,Auto Loan,26892,5.02,6,Paid Off,0,2023-06-08
711685,126103,Business Loan,167786,6.73,10,Paid Off,0,2023-09-15
711686,145569,Mortgage,298794,11.85,30,Paid Off,0,2022-08-27
711687,142099,Business Loan,66207,5.56,10,Active,0,2022-10-10
711688,123974,Personal Loan,7460,11.37,5,Active,0,2026-03-26
711689,104439,Mortgage,500869,4.03,30,Paid Off,0,2024-07-12
711690,128111,Auto Loan,56181,9.73,5,Paid Off,0,2025-07-26
711691,141761,Mortgage,265031,5.01,30,Active,0,2024-11-17
711692,107908,Personal Loan,5327,4.35,1,Paid Off,0,2026-03-17
711693,125026,Business Loan,141687,5.71,5,Active,0,2022-05-30
711694,108268,Mortgage,532427,10.81,30,Active,0,2023-01-23
711695,100810,Mortgage,494221,6.58,30,Active,0,2022-11-04
711696,141543,Personal Loan,16444,5.17,1,Active,0,2026-01-23
711697,109294,Business Loan,63388,4.42,10,Paid Off,0,2023-08-03
711698,102308,Mortgage,325137,4.58,30,Active,0,2024-08-12
711699,130993,Mortgage,535808,6.62,30,Active,0,2023-12-04
711700,110781,Mortgage,259714,6.66,30,Active,0,2026-06-16
711701,126901,Personal Loan,7171,4.43,3,Paid Off,0,2023-10-05
711702,119273,Auto Loan,41901,4.4,6,Active,0,2025-08-23
711703,105218,Business Loan,197840,4.37,5,Paid Off,0,2021-12-24
711704,110646,Business Loan,83315,6.97,5,Active,0,2024-11-19
711705,100517,Auto Loan,23193,10.1,6,Active,0,2022-09-27
711706,105795,Mortgage,264545,8.88,30,Paid Off,0,2022-01-14
711707,124720,Business Loan,229311,4.15,10,Defaulted,1,2023-07-22
711708,130853,Auto Loan,32313,4.45,6,Paid Off,0,2025-09-30
711709,106482,Auto Loan,41089,6.38,5,Paid Off,0,2025-07-04
711710,111118,Auto Loan,28273,6.53,6,Active,0,2026-04-24
711711,114095,Personal Loan,15579,6.59,5,Paid Off,0,2025-04-21
711712,124870,Mortgage,422603,5.58,30,Active,0,2025-06-05
711713,124076,Auto Loan,45212,9.48,5,Active,0,2023-06-12
711714,114090,Mortgage,188461,6.17,30,Paid Off,0,2022-06-28
711715,114311,Business Loan,102956,6.92,10,Active,0,2022-03-01
711716,134187,Business Loan,245567,10.81,10,Paid Off,0,2025-06-12
711717,105388,Personal Loan,24225,11.09,1,Paid Off,0,2022-06-05
711718,148152,Mortgage,515694,6.93,30,Active,0,2021-08-07
711719,148966,Mortgage,244200,3.63,30,Paid Off,0,2024-01-27
711720,117496,Auto Loan,36148,5.3,3,Paid Off,0,2024-12-25
711721,102898,Mortgage,315293,5.38,30,Paid Off,0,2024-12-15
711722,110610,Auto Loan,49971,6.46,5,Active,0,2026-02-12
711723,146773,Business Loan,35474,7.81,10,Defaulted,1,2025-07-17
711724,130937,Business Loan,147103,4.3,10,Paid Off,0,2023-01-17
711725,138030,Personal Loan,16337,4.66,1,Active,0,2024-05-17
711726,114872,Mortgage,209061,5.12,30,Active,0,2021-09-15
711727,127346,Business Loan,171290,6.3,5,Active,0,2022-03-01
711728,135749,Mortgage,383332,3.69,30,Active,0,2024-04-29
711729,148744,Business Loan,81269,6.22,5,Paid Off,0,2024-09-21
711730,140659,Auto Loan,28005,5.65,3,Paid Off,0,2022-01-29
711731,103615,Mortgage,309184,5.07,30,Paid Off,0,2023-10-22
711732,128819,Mortgage,355415,5.63,30,Paid Off,0,2022-12-02
711733,127372,Personal Loan,15114,7.49,3,Active,0,2022-01-16
711734,135671,Auto Loan,18531,10.94,6,Defaulted,1,2024-09-04
711735,142400,Business Loan,140946,6.81,5,Defaulted,1,2022-09-27
711736,144214,Auto Loan,19745,4.89,5,Paid Off,0,2023-02-09
711737,104185,Personal Loan,4682,5.59,5,Active,0,2024-01-14
711738,109037,Personal Loan,9003,6.04,5,Paid Off,0,2026-05-06
711739,134421,Mortgage,255170,10.17,30,Active,0,2022-12-23
711740,105489,Auto Loan,21684,6.71,3,Active,0,2024-08-09
711741,112492,Mortgage,320074,8.83,30,Paid Off,0,2022-01-21
711742,108124,Business Loan,43503,10.58,10,Paid Off,0,2023-06-29
711743,143228,Mortgage,311758,5.98,30,Paid Off,0,2022-04-19
711744,137155,Business Loan,80398,6.77,10,Active,0,2025-12-25
711745,123109,Business Loan,45910,5.63,5,Active,0,2022-11-17
711746,127118,Personal Loan,9928,5.18,3,Paid Off,0,2021-07-17
711747,143508,Mortgage,381397,5.71,30,Paid Off,0,2026-07-03
711748,148196,Business Loan,166881,5.13,10,Active,0,2024-04-25
711749,135086,Mortgage,566854,4.77,30,Paid Off,0,2021-07-26
711750,120218,Business Loan,168011,8.59,10,Active,0,2025-07-03
711751,104540,Business Loan,160351,6.9,5,Paid Off,0,2023-09-05
711752,111583,Personal Loan,20261,11.11,1,Paid Off,0,2022-05-31
711753,117155,Mortgage,296965,5.11,30,Paid Off,0,2022-03-24
711754,130797,Business Loan,98395,4.47,10,Active,0,2025-06-29
711755,145372,Auto Loan,33808,4.28,5,Active,0,2023-09-19
711756,144630,Personal Loan,13298,7.16,1,Paid Off,0,2024-08-05
711757,148854,Mortgage,535634,7.97,30,Paid Off,0,2021-07-20
711758,118817,Business Loan,228521,5.58,5,Paid Off,0,2024-08-04
711759,135911,Business Loan,151540,3.8,10,Paid Off,0,2024-04-22
711760,120237,Personal Loan,13301,5.72,1,Paid Off,0,2021-10-12
711761,142836,Personal Loan,8952,11.65,1,Active,0,2024-04-14
711762,104939,Mortgage,595827,9.25,30,Paid Off,0,2023-09-13
711763,105189,Business Loan,34855,4.12,10,Paid Off,0,2025-10-21
711764,135707,Business Loan,65524,6.64,5,Active,0,2025-11-07
711765,116814,Auto Loan,12846,5.01,3,Defaulted,1,2024-10-29
711766,105989,Personal Loan,4458,4.48,1,Active,0,2024-05-01
711767,138558,Auto Loan,57047,10.49,3,Defaulted,1,2024-06-19
711768,147042,Auto Loan,26923,6.37,6,Active,0,2025-08-07
711769,131327,Business Loan,140875,5.55,5,Paid Off,0,2022-04-20
711770,145935,Personal Loan,18426,8.95,3,Active,0,2025-05-12
711771,108341,Mortgage,423245,11.08,30,Paid Off,0,2025-05-10
711772,133833,Auto Loan,11660,6.35,6,Paid Off,0,2023-05-24
711773,142083,Business Loan,148838,6.36,10,Paid Off,0,2023-09-16
711774,121963,Mortgage,430101,3.52,30,Paid Off,0,2026-03-10
711775,126640,Business Loan,107649,4.39,10,Paid Off,0,2024-08-10
711776,106070,Business Loan,55798,5.1,5,Paid Off,0,2023-08-26
711777,125584,Mortgage,529514,6.23,30,Active,0,2022-09-16
711778,128348,Auto Loan,12411,6.03,3,Paid Off,0,2025-01-22
711779,136138,Business Loan,130062,10.58,5,Paid Off,0,2025-04-09
711780,103500,Auto Loan,34947,6.92,5,Active,0,2025-11-30
711781,107164,Mortgage,293587,4.2,30,Paid Off,0,2025-05-31
711782,123200,Business Loan,246455,3.96,5,Active,0,2024-05-02
711783,117725,Auto Loan,59494,6.99,5,Paid Off,0,2023-10-21
711784,135925,Mortgage,511956,4.41,30,Paid Off,0,2026-01-22
711785,111713,Auto Loan,52239,10.5,5,Active,0,2022-02-06
711786,127519,Auto Loan,20524,11.31,5,Active,0,2022-04-23
711787,147661,Personal Loan,7894,6.1,1,Paid Off,0,2022-09-30
711788,130210,Personal Loan,2192,7.88,1,Defaulted,1,2025-05-22
711789,123818,Auto Loan,47708,6.97,6,Paid Off,0,2021-07-24
711790,145831,Business Loan,87795,6.86,5,Active,0,2024-08-14
711791,123280,Business Loan,215879,5.08,5,Active,0,2022-08-14
711792,100509,Business Loan,97053,9.71,10,Active,0,2022-04-09
711793,104416,Business Loan,217029,5.92,10,Active,0,2021-12-14
711794,116270,Mortgage,229346,6.75,30,Active,0,2022-03-28
711795,130410,Auto Loan,44568,5.62,3,Defaulted,1,2021-12-04
711796,116290,Personal Loan,10770,5.53,3,Paid Off,0,2023-01-27
711797,100107,Personal Loan,3424,5.03,5,Active,0,2022-09-10
711798,128485,Auto Loan,13451,3.7,3,Paid Off,0,2021-12-23
711799,113858,Personal Loan,11085,8.27,5,Paid Off,0,2024-01-23
711800,134259,Mortgage,578504,6.07,30,Active,0,2025-11-22
711801,100966,Business Loan,33725,3.83,10,Active,0,2025-01-02
711802,116106,Mortgage,549854,6.12,30,Defaulted,1,2021-10-27
711803,131146,Business Loan,146031,11.91,5,Paid Off,0,2024-12-03
711804,121417,Auto Loan,33250,10.62,3,Active,0,2023-04-26
711805,117002,Auto Loan,47270,6.98,5,Active,0,2023-07-31
711806,144375,Business Loan,88896,8.04,5,Paid Off,0,2025-12-06
711807,146610,Mortgage,231903,5.09,30,Active,0,2022-06-26
711808,138836,Personal Loan,24076,3.9,1,Active,0,2023-07-21
711809,130773,Personal Loan,23868,4.14,5,Active,0,2024-10-14
711810,104608,Auto Loan,54584,6.18,3,Paid Off,0,2023-12-24
711811,144260,Auto Loan,33750,8.59,3,Active,0,2021-09-07
711812,102548,Auto Loan,11578,5.35,5,Paid Off,0,2024-04-14
711813,117537,Business Loan,225994,6.84,10,Paid Off,0,2024-12-17
711814,139847,Auto Loan,14874,8.19,6,Active,0,2024-09-23
711815,130052,Personal Loan,4377,4.92,3,Paid Off,0,2025-01-23
711816,129193,Personal Loan,2825,10.73,5,Paid Off,0,2024-08-26
711817,129073,Personal Loan,23862,3.62,5,Active,0,2023-05-24
711818,118906,Business Loan,126783,6.86,5,Paid Off,0,2025-12-20
711819,125777,Personal Loan,13701,6.61,1,Active,0,2023-04-29
711820,141741,Personal Loan,18573,5.73,3,Paid Off,0,2024-05-24
711821,111242,Personal Loan,15982,3.65,5,Active,0,2026-02-08
711822,101516,Mortgage,577970,6.54,30,Active,0,2022-10-16
711823,147585,Business Loan,82984,11.0,5,Paid Off,0,2025-11-28
711824,101463,Business Loan,75222,10.05,10,Paid Off,0,2025-03-17
711825,133242,Mortgage,555122,7.55,30,Active,0,2025-01-29
711826,111031,Personal Loan,10907,7.38,5,Active,0,2023-05-07
711827,129105,Auto Loan,42060,5.06,5,Paid Off,0,2025-12-30
711828,139325,Business Loan,229186,3.98,5,Active,0,2024-11-02
711829,118885,Business Loan,196361,4.86,10,Paid Off,0,2024-05-18
711830,143788,Personal Loan,18745,8.13,1,Paid Off,0,2023-01-19
711831,105941,Business Loan,26272,4.09,5,Paid Off,0,2026-06-01
711832,144749,Mortgage,172338,9.33,30,Active,0,2025-08-27
711833,127776,Auto Loan,28595,11.27,6,Active,0,2022-05-16
711834,123568,Business Loan,119602,5.72,10,Paid Off,0,2021-12-24
711835,138453,Personal Loan,16090,4.48,5,Active,0,2024-06-23
711836,100377,Personal Loan,2988,5.01,1,Active,0,2021-09-26
711837,105652,Business Loan,187896,6.99,5,Active,0,2026-05-15
711838,123571,Business Loan,121433,5.34,5,Active,0,2026-04-22
711839,105298,Auto Loan,49876,6.75,3,Paid Off,0,2026-06-29
711840,135229,Auto Loan,10527,5.42,6,Active,0,2022-06-18
711841,142486,Personal Loan,20459,3.58,3,Active,0,2022-09-17
711842,120433,Business Loan,211561,8.06,5,Paid Off,0,2022-05-19
711843,114143,Business Loan,66799,11.29,10,Active,0,2024-06-25
711844,112004,Mortgage,299717,10.41,30,Paid Off,0,2023-05-30
711845,125803,Personal Loan,7911,9.24,1,Active,0,2022-03-10
711846,147300,Business Loan,166834,9.39,10,Active,0,2021-12-15
711847,102867,Personal Loan,6412,6.65,5,Active,0,2023-05-14
711848,140004,Personal Loan,18654,5.57,1,Paid Off,0,2022-04-24
711849,127804,Business Loan,228071,5.32,5,Paid Off,0,2022-03-10
711850,131557,Auto Loan,43009,6.71,5,Paid Off,0,2025-07-30
711851,132460,Auto Loan,10707,4.83,6,Paid Off,0,2025-12-09
711852,110385,Business Loan,54574,7.98,5,Paid Off,0,2025-01-31
711853,126961,Personal Loan,7855,4.96,3,Paid Off,0,2025-10-27
711854,118352,Mortgage,552643,6.64,30,Paid Off,0,2023-09-22
711855,125478,Mortgage,389490,11.57,30,Paid Off,0,2023-08-14
711856,115081,Personal Loan,15309,10.38,1,Active,0,2025-08-23
711857,134895,Auto Loan,38140,4.31,6,Paid Off,0,2024-07-12
711858,144731,Business Loan,236844,6.42,10,Active,0,2026-04-22
711859,115771,Personal Loan,1891,3.55,1,Active,0,2021-09-20
711860,128443,Auto Loan,23506,11.76,5,Active,0,2025-02-06
711861,137100,Auto Loan,19682,5.2,6,Active,0,2022-02-27
711862,121450,Mortgage,530470,5.8,30,Active,0,2025-05-20
711863,149134,Personal Loan,13542,6.62,3,Active,0,2025-09-11
711864,114576,Auto Loan,40033,4.36,3,Active,0,2024-12-11
711865,146216,Mortgage,215732,5.03,30,Active,0,2025-01-29
711866,109298,Auto Loan,17558,9.2,3,Active,0,2021-11-03
711867,106112,Auto Loan,33747,6.24,5,Paid Off,0,2026-06-05
711868,142446,Personal Loan,20050,10.21,1,Active,0,2026-06-16
711869,108372,Auto Loan,51189,5.72,6,Active,0,2022-03-09
711870,147325,Auto Loan,27482,5.12,6,Active,0,2023-01-30
711871,146340,Auto Loan,29573,4.63,3,Active,0,2024-11-20
711872,130311,Business Loan,202112,11.73,10,Active,0,2023-01-22
711873,141414,Business Loan,181380,3.69,5,Paid Off,0,2022-04-06
711874,141531,Personal Loan,11463,7.28,1,Defaulted,1,2022-01-01
711875,110930,Auto Loan,48984,5.52,5,Active,0,2023-07-11
711876,112472,Personal Loan,14637,10.03,5,Active,0,2025-04-03
711877,146842,Business Loan,73667,5.19,5,Paid Off,0,2026-06-01
711878,116541,Business Loan,133612,9.1,10,Active,0,2024-02-15
711879,148305,Business Loan,29894,5.23,5,Defaulted,1,2026-05-04
711880,108357,Personal Loan,7955,5.72,3,Active,0,2025-01-02
711881,101179,Business Loan,205237,5.58,10,Active,0,2024-12-18
711882,118948,Auto Loan,15380,5.61,3,Defaulted,1,2021-09-24
711883,129360,Business Loan,194016,6.59,10,Paid Off,0,2023-06-23
711884,101801,Auto Loan,28796,5.35,3,Paid Off,0,2021-08-14
711885,120485,Business Loan,192157,4.21,5,Active,0,2022-07-10
711886,142680,Business Loan,120476,4.41,5,Paid Off,0,2025-01-24
711887,137227,Business Loan,32445,3.76,10,Active,0,2024-11-08
711888,131233,Business Loan,129111,7.0,5,Paid Off,0,2025-09-26
711889,119780,Auto Loan,27441,3.8,3,Active,0,2024-06-21
711890,117354,Business Loan,236134,5.78,10,Active,0,2022-08-22
711891,146023,Mortgage,356626,3.57,30,Active,0,2023-07-05
711892,116841,Auto Loan,28952,5.13,3,Active,0,2023-02-17
711893,142748,Business Loan,40408,4.54,10,Active,0,2023-01-25
711894,122390,Auto Loan,24624,4.24,6,Paid Off,0,2025-12-30
711895,119813,Auto Loan,44649,3.61,3,Active,0,2024-06-22
711896,114880,Business Loan,166529,9.96,5,Active,0,2022-02-07
711897,133075,Auto Loan,53878,5.78,3,Paid Off,0,2024-06-23
711898,102043,Personal Loan,7687,7.28,3,Active,0,2023-09-05
711899,142923,Personal Loan,12926,11.02,5,Defaulted,1,2022-07-17
711900,149502,Auto Loan,12541,4.76,6,Active,0,2026-04-11
711901,139426,Auto Loan,24352,5.1,6,Defaulted,1,2026-04-10
711902,112597,Personal Loan,7731,6.14,3,Paid Off,0,2024-09-25
711903,142394,Personal Loan,24289,6.75,1,Active,0,2025-08-30
711904,126764,Personal Loan,8686,8.86,5,Paid Off,0,2025-06-26
711905,140919,Personal Loan,14907,3.65,3,Defaulted,1,2026-05-30
711906,145953,Mortgage,429876,3.63,30,Paid Off,0,2024-01-07
711907,130876,Mortgage,498523,11.49,30,Active,0,2022-06-06
711908,147743,Auto Loan,30685,7.5,5,Active,0,2021-12-28
711909,129274,Mortgage,270476,5.22,30,Paid Off,0,2021-10-08
711910,102858,Mortgage,458577,4.15,30,Paid Off,0,2025-09-09
711911,140621,Business Loan,76722,3.89,10,Active,0,2025-03-03
711912,109739,Business Loan,210411,4.51,10,Active,0,2022-08-01
711913,113755,Auto Loan,26082,4.08,5,Active,0,2023-08-25
711914,112668,Business Loan,43592,3.6,10,Paid Off,0,2025-08-25
711915,128007,Mortgage,181540,6.13,30,Active,0,2022-05-31
711916,118868,Mortgage,325611,6.48,30,Paid Off,0,2023-07-22
711917,116670,Personal Loan,22343,4.43,3,Paid Off,0,2025-05-24
711918,101346,Mortgage,163408,5.09,30,Paid Off,0,2024-11-22
711919,143232,Business Loan,160103,3.51,5,Active,0,2023-05-13
711920,127023,Mortgage,237195,3.87,30,Paid Off,0,2023-08-18
711921,109377,Personal Loan,4334,6.4,3,Paid Off,0,2025-01-29
711922,103102,Auto Loan,20415,4.55,3,Active,0,2021-10-26
711923,105613,Mortgage,523604,5.41,30,Active,0,2022-06-27
711924,101427,Business Loan,100455,9.88,10,Paid Off,0,2023-05-30
711925,123037,Mortgage,410924,11.24,30,Paid Off,0,2022-02-19
711926,129159,Personal Loan,24242,5.25,5,Paid Off,0,2023-06-21
711927,149552,Business Loan,95485,4.57,5,Active,0,2025-08-19
711928,144069,Auto Loan,16510,5.8,6,Paid Off,0,2022-04-21
711929,116742,Mortgage,338003,5.13,30,Active,0,2024-05-27
711930,114558,Auto Loan,15300,6.52,5,Defaulted,1,2026-03-08
711931,133889,Mortgage,583606,5.64,30,Paid Off,0,2022-03-05
711932,118273,Personal Loan,13541,9.04,5,Paid Off,0,2024-02-06
711933,132025,Auto Loan,58608,7.25,5,Active,0,2023-09-22
711934,120318,Business Loan,156829,6.97,5,Active,0,2023-09-12
711935,109842,Business Loan,30204,6.18,5,Paid Off,0,2023-11-16
711936,112151,Auto Loan,13643,9.96,6,Active,0,2023-08-08
711937,131993,Mortgage,184316,11.91,30,Paid Off,0,2023-09-03
711938,145180,Business Loan,93064,8.46,5,Active,0,2024-11-29
711939,122719,Business Loan,110853,4.5,5,Active,0,2021-11-23
711940,113557,Mortgage,267007,7.07,30,Paid Off,0,2023-02-17
711941,106136,Auto Loan,44312,5.38,5,Paid Off,0,2022-04-23
711942,148215,Mortgage,509826,6.01,30,Active,0,2026-01-15
711943,105288,Business Loan,172325,5.16,10,Paid Off,0,2022-11-10
711944,146935,Mortgage,456754,11.3,30,Active,0,2021-09-23
711945,127443,Business Loan,124255,4.42,10,Active,0,2023-12-01
711946,121203,Mortgage,490537,9.24,30,Active,0,2025-04-20
711947,114014,Personal Loan,15447,5.78,3,Paid Off,0,2025-01-25
711948,132342,Business Loan,37634,5.09,10,Paid Off,0,2022-10-19
711949,107653,Personal Loan,23322,4.27,3,Active,0,2022-10-16
711950,137575,Mortgage,234625,3.95,30,Active,0,2026-03-24
711951,110772,Auto Loan,15048,9.43,5,Paid Off,0,2024-02-04
711952,123700,Personal Loan,21091,6.85,3,Paid Off,0,2022-09-04
711953,123665,Personal Loan,7370,6.36,1,Paid Off,0,2023-03-29
711954,107900,Mortgage,157704,3.75,30,Active,0,2024-09-16
711955,117894,Auto Loan,21466,4.45,6,Paid Off,0,2023-10-16
711956,143065,Auto Loan,28032,4.21,3,Active,0,2022-10-03
711957,122910,Personal Loan,15896,5.03,5,Paid Off,0,2024-07-20
711958,149811,Personal Loan,20889,10.53,3,Active,0,2022-09-02
711959,141998,Business Loan,36582,3.8,5,Active,0,2021-08-12
711960,125066,Personal Loan,6171,8.07,3,Active,0,2025-11-17
711961,131716,Business Loan,161828,4.99,5,Paid Off,0,2024-07-12
711962,145600,Auto Loan,23516,11.84,3,Active,0,2024-05-02
711963,102935,Auto Loan,36368,6.05,5,Paid Off,0,2022-12-18
711964,116584,Auto Loan,29226,7.69,3,Paid Off,0,2022-01-17
711965,102232,Personal Loan,22333,5.67,3,Paid Off,0,2025-12-22
711966,103592,Business Loan,215705,6.62,5,Paid Off,0,2023-08-20
711967,142985,Business Loan,137544,3.69,10,Active,0,2025-02-28
711968,136155,Auto Loan,44461,5.69,5,Paid Off,0,2025-12-10
711969,147066,Auto Loan,45613,4.65,6,Paid Off,0,2022-06-20
711970,138474,Mortgage,259188,5.59,30,Paid Off,0,2023-10-02
711971,146637,Personal Loan,5260,6.67,1,Paid Off,0,2022-12-24
711972,135025,Mortgage,580562,6.63,30,Active,0,2022-08-12
711973,104216,Mortgage,288157,7.67,30,Active,0,2023-10-08
711974,120814,Auto Loan,43107,6.17,6,Active,0,2025-07-02
711975,108508,Personal Loan,24464,9.19,1,Active,0,2023-02-20
711976,130144,Auto Loan,55899,6.23,6,Active,0,2022-05-05
711977,107279,Auto Loan,27683,5.28,3,Active,0,2023-04-16
711978,131211,Business Loan,87085,8.9,10,Active,0,2021-10-01
711979,145193,Business Loan,33183,6.55,10,Active,0,2025-12-11
711980,143540,Personal Loan,20740,10.27,3,Defaulted,1,2026-01-09
711981,134182,Personal Loan,1208,10.09,5,Paid Off,0,2023-10-29
711982,143808,Personal Loan,17300,4.51,5,Active,0,2021-08-28
711983,133601,Business Loan,127360,10.77,10,Active,0,2026-05-04
711984,130265,Mortgage,560426,6.63,30,Paid Off,0,2023-10-25
711985,121327,Personal Loan,17005,8.61,1,Paid Off,0,2021-11-12
711986,101332,Auto Loan,56078,9.12,3,Paid Off,0,2023-10-20
711987,122872,Mortgage,297855,6.49,30,Active,0,2023-02-04
711988,115159,Mortgage,192047,7.04,30,Active,0,2024-04-13
711989,146012,Mortgage,249415,3.7,30,Paid Off,0,2023-10-23
711990,100278,Mortgage,261575,9.62,30,Paid Off,0,2026-03-24
711991,106646,Personal Loan,1479,5.71,5,Active,0,2025-12-06
711992,126413,Mortgage,327309,6.17,30,Paid Off,0,2026-07-01
711993,113902,Business Loan,158655,5.14,5,Paid Off,0,2025-11-21
711994,106352,Personal Loan,21429,4.74,1,Active,0,2023-06-16
711995,123335,Business Loan,34913,6.72,10,Active,0,2023-08-09
711996,149537,Personal Loan,19632,7.42,5,Active,0,2024-08-20
711997,137824,Personal Loan,4014,9.36,1,Active,0,2022-06-27
711998,106275,Business Loan,60574,4.17,10,Paid Off,0,2022-05-19
711999,115599,Mortgage,340467,4.87,30,Active,0,2025-09-23
712000,122646,Business Loan,217355,5.79,5,Paid Off,0,2023-03-14
712001,100374,Business Loan,220437,9.59,5,Active,0,2022-08-20
712002,127791,Personal Loan,13535,8.65,5,Paid Off,0,2024-11-26
712003,102087,Mortgage,241302,8.5,30,Active,0,2022-11-13
712004,138500,Auto Loan,27193,4.98,3,Active,0,2023-12-05
712005,109440,Business Loan,242496,4.25,5,Paid Off,0,2023-05-21
712006,116348,Business Loan,125063,4.0,5,Defaulted,1,2022-05-25
712007,120820,Mortgage,475526,5.18,30,Paid Off,0,2022-11-26
712008,125049,Personal Loan,15624,6.2,3,Paid Off,0,2024-12-09
712009,119079,Personal Loan,6022,6.71,1,Active,0,2023-06-30
712010,114348,Personal Loan,1261,4.03,5,Paid Off,0,2021-11-04
712011,145239,Personal Loan,5685,5.3,1,Active,0,2025-06-10
712012,104900,Personal Loan,10753,4.97,5,Defaulted,1,2023-05-25
712013,106514,Auto Loan,37872,4.04,6,Active,0,2021-08-04
712014,126885,Mortgage,167357,11.46,30,Paid Off,0,2022-12-09
712015,138585,Business Loan,125499,4.62,10,Paid Off,0,2026-02-20
712016,101146,Auto Loan,35376,5.22,3,Paid Off,0,2024-05-06
712017,112959,Auto Loan,45331,3.99,6,Paid Off,0,2022-07-20
712018,130287,Personal Loan,13233,5.24,5,Active,0,2022-12-25
712019,140759,Mortgage,552487,8.97,30,Paid Off,0,2026-02-25
712020,112990,Business Loan,173231,6.83,5,Active,0,2022-01-09
712021,146398,Auto Loan,39656,8.15,5,Active,0,2026-06-04
712022,124534,Business Loan,39260,5.68,5,Paid Off,0,2023-01-28
712023,115017,Auto Loan,43626,11.55,5,Paid Off,0,2026-03-14
712024,149529,Business Loan,49168,5.12,10,Paid Off,0,2021-11-24
712025,144835,Business Loan,92137,5.11,10,Paid Off,0,2022-04-08
712026,127833,Mortgage,212455,6.04,30,Paid Off,0,2021-12-02
712027,145036,Auto Loan,21082,4.04,3,Active,0,2024-12-14
712028,145168,Mortgage,567407,3.85,30,Active,0,2024-02-11
712029,117598,Personal Loan,9047,6.4,1,Active,0,2021-07-18
712030,110368,Business Loan,155964,3.63,10,Active,0,2025-01-30
712031,147655,Business Loan,159326,6.47,10,Active,0,2025-10-16
712032,110700,Business Loan,184070,10.17,5,Active,0,2023-04-10
712033,149323,Mortgage,520269,9.9,30,Defaulted,1,2024-02-24
712034,134047,Auto Loan,28793,4.8,6,Paid Off,0,2022-11-09
712035,129367,Business Loan,215192,5.01,5,Defaulted,1,2023-06-08
712036,107281,Auto Loan,59859,11.2,3,Paid Off,0,2025-08-31
712037,139355,Business Loan,73250,10.42,5,Active,0,2025-03-17
712038,105137,Auto Loan,39285,4.42,5,Active,0,2024-09-30
712039,100396,Mortgage,171236,4.8,30,Active,0,2021-10-07
712040,120026,Business Loan,170080,5.82,10,Defaulted,1,2026-04-08
712041,126032,Mortgage,505078,4.47,30,Active,0,2024-08-29
712042,145065,Mortgage,292048,5.94,30,Paid Off,0,2023-04-16
712043,139507,Mortgage,253455,8.51,30,Active,0,2025-05-29
712044,112623,Business Loan,234820,5.33,5,Active,0,2025-07-06
712045,119175,Personal Loan,7689,3.53,1,Paid Off,0,2022-10-06
712046,149820,Auto Loan,27487,3.59,6,Paid Off,0,2022-01-20
712047,113391,Auto Loan,46152,4.47,5,Paid Off,0,2023-02-27
712048,104148,Business Loan,77696,4.88,10,Active,0,2022-02-14
712049,132710,Business Loan,60633,9.14,5,Active,0,2025-10-25
712050,141031,Mortgage,465855,8.16,30,Active,0,2025-05-03
712051,113206,Mortgage,589328,3.51,30,Active,0,2023-09-16
712052,147294,Personal Loan,1747,5.52,5,Active,0,2026-03-15
712053,137989,Auto Loan,11387,5.25,6,Paid Off,0,2026-02-04
712054,119711,Business Loan,48642,6.26,5,Active,0,2025-04-06
712055,137293,Mortgage,389458,11.29,30,Active,0,2024-01-19
712056,143124,Mortgage,359607,4.9,30,Paid Off,0,2023-04-16
712057,145924,Personal Loan,3393,9.16,3,Paid Off,0,2026-05-29
712058,113800,Business Loan,171000,4.28,10,Active,0,2025-01-02
712059,124349,Business Loan,140208,10.96,5,Paid Off,0,2022-06-26
712060,129514,Auto Loan,11955,6.85,6,Paid Off,0,2024-02-24
712061,136556,Business Loan,135441,4.07,5,Paid Off,0,2021-09-17
712062,127774,Business Loan,196075,10.9,10,Active,0,2026-05-18
712063,111778,Personal Loan,21574,4.52,3,Active,0,2024-04-24
712064,135082,Business Loan,142634,9.17,10,Active,0,2024-11-08
712065,100398,Auto Loan,44541,6.17,6,Active,0,2022-12-13
712066,107567,Mortgage,528165,6.31,30,Active,0,2021-10-23
712067,114501,Auto Loan,46468,5.24,5,Paid Off,0,2023-04-06
712068,127344,Personal Loan,8439,6.18,3,Active,0,2024-03-03
712069,123030,Auto Loan,31681,4.9,6,Paid Off,0,2025-09-07
712070,146068,Mortgage,414540,5.61,30,Paid Off,0,2025-06-04
712071,149262,Business Loan,214544,11.35,10,Active,0,2022-08-12
712072,135331,Business Loan,76232,6.36,10,Active,0,2021-08-08
712073,146846,Personal Loan,21942,4.76,1,Active,0,2024-05-23
712074,104214,Business Loan,123200,6.69,5,Paid Off,0,2025-12-19
712075,105183,Mortgage,242131,3.67,30,Paid Off,0,2022-02-25
712076,115607,Auto Loan,17588,11.03,5,Paid Off,0,2024-07-14
712077,144776,Auto Loan,21987,11.16,3,Paid Off,0,2024-01-05
712078,113058,Business Loan,67263,4.51,5,Active,0,2024-09-27
712079,134282,Mortgage,152338,4.25,30,Paid Off,0,2023-10-22
712080,119609,Personal Loan,2875,10.63,3,Active,0,2022-10-30
712081,115699,Auto Loan,23977,4.96,6,Paid Off,0,2025-10-21
712082,149100,Personal Loan,23330,5.01,1,Paid Off,0,2023-11-21
712083,137681,Business Loan,220830,5.35,5,Active,0,2023-05-01
712084,106987,Mortgage,516565,8.57,30,Active,0,2022-06-11
712085,122698,Auto Loan,21354,3.89,6,Active,0,2022-04-22
712086,105500,Mortgage,461549,4.59,30,Active,0,2023-05-09
712087,104815,Personal Loan,22924,5.84,5,Paid Off,0,2024-01-04
712088,147631,Personal Loan,6743,11.52,5,Active,0,2024-10-25
712089,143042,Mortgage,179304,5.85,30,Active,0,2022-12-09
712090,104571,Mortgage,405284,5.56,30,Active,0,2022-02-13
712091,122451,Mortgage,327466,5.27,30,Active,0,2025-12-18
712092,125285,Auto Loan,36662,4.15,6,Paid Off,0,2023-04-18
712093,104183,Auto Loan,26639,4.11,5,Paid Off,0,2026-04-09
712094,142829,Auto Loan,55802,4.64,5,Paid Off,0,2023-03-04
712095,103602,Personal Loan,21415,9.14,5,Paid Off,0,2025-06-12
712096,100566,Auto Loan,52837,7.05,6,Active,0,2022-05-07
712097,110962,Auto Loan,42079,11.88,5,Active,0,2026-03-02
712098,123868,Mortgage,203074,10.66,30,Paid Off,0,2025-10-08
712099,148977,Auto Loan,14579,6.47,5,Active,0,2026-02-27
712100,147460,Personal Loan,20489,4.29,1,Active,0,2024-06-29
712101,145712,Mortgage,343502,9.64,30,Active,0,2022-11-26
712102,118709,Personal Loan,23267,5.97,1,Paid Off,0,2023-07-19
712103,110575,Personal Loan,7966,9.51,5,Active,0,2026-04-19
712104,106247,Auto Loan,54917,11.99,5,Paid Off,0,2024-04-23
712105,143046,Auto Loan,38080,9.08,5,Paid Off,0,2022-10-16
712106,115725,Mortgage,365261,4.08,30,Paid Off,0,2021-09-03
712107,147336,Mortgage,452451,6.97,30,Paid Off,0,2024-08-11
712108,134128,Mortgage,484619,10.09,30,Paid Off,0,2023-09-18
712109,145155,Mortgage,466228,10.69,30,Paid Off,0,2026-01-07
712110,132892,Auto Loan,13867,9.38,5,Paid Off,0,2026-01-24
712111,107605,Mortgage,465654,9.17,30,Active,0,2026-01-07
712112,106024,Mortgage,271405,4.37,30,Paid Off,0,2025-01-12
712113,128659,Personal Loan,2514,6.85,3,Active,0,2023-03-17
712114,123757,Mortgage,488726,5.35,30,Defaulted,1,2025-09-25
712115,132744,Mortgage,198959,11.57,30,Paid Off,0,2024-09-26
712116,125314,Mortgage,383847,4.29,30,Paid Off,0,2023-11-13
712117,142798,Mortgage,541538,5.67,30,Paid Off,0,2025-11-11
712118,101638,Auto Loan,56425,5.74,5,Paid Off,0,2025-01-08
712119,138834,Auto Loan,41627,9.82,5,Active,0,2024-10-26
712120,119832,Personal Loan,14074,4.32,3,Paid Off,0,2023-01-08
712121,146070,Mortgage,365324,5.99,30,Active,0,2024-03-08
712122,117317,Auto Loan,28341,4.43,5,Active,0,2024-02-20
712123,108993,Mortgage,489335,6.5,30,Paid Off,0,2023-10-06
712124,141593,Mortgage,182891,3.94,30,Active,0,2023-09-24
712125,125272,Business Loan,50172,3.87,10,Active,0,2024-09-21
712126,103388,Mortgage,164819,8.68,30,Active,0,2023-03-08
712127,131579,Auto Loan,29950,10.37,3,Active,0,2022-04-03
712128,147883,Auto Loan,49754,4.96,3,Active,0,2021-11-16
712129,129456,Auto Loan,55830,8.9,5,Paid Off,0,2024-01-12
712130,109548,Auto Loan,18254,5.84,5,Active,0,2021-08-15
712131,120196,Auto Loan,24868,11.72,5,Active,0,2025-02-13
712132,138522,Personal Loan,20401,9.29,1,Paid Off,0,2022-10-25
712133,108686,Personal Loan,10365,6.85,5,Paid Off,0,2022-07-14
712134,130012,Personal Loan,6014,4.75,5,Paid Off,0,2024-01-15
712135,143588,Personal Loan,6912,5.27,3,Active,0,2024-10-15
712136,136372,Personal Loan,6504,11.11,5,Active,0,2022-04-12
712137,119730,Mortgage,382047,4.75,30,Active,0,2025-05-26
712138,134424,Personal Loan,9716,3.85,5,Active,0,2026-03-03
712139,141373,Business Loan,59367,6.27,5,Paid Off,0,2025-11-27
712140,124731,Mortgage,186831,4.63,30,Paid Off,0,2025-01-07
712141,120552,Mortgage,538136,3.51,30,Active,0,2025-09-03
712142,108768,Personal Loan,9099,10.6,1,Defaulted,1,2026-06-22
712143,140618,Personal Loan,11550,7.91,5,Paid Off,0,2025-07-26
712144,146285,Auto Loan,33649,5.29,6,Active,0,2025-09-23
712145,129494,Mortgage,579350,4.31,30,Active,0,2023-04-03
712146,130395,Business Loan,74363,6.99,5,Active,0,2026-03-29
712147,119926,Business Loan,207985,4.42,5,Paid Off,0,2022-03-05
712148,104048,Personal Loan,21447,5.96,5,Paid Off,0,2021-12-01
712149,122613,Business Loan,136796,4.34,5,Active,0,2023-11-14
712150,130426,Business Loan,59975,7.27,5,Paid Off,0,2025-02-07
712151,125943,Business Loan,232876,6.73,10,Active,0,2022-09-22
712152,142245,Auto Loan,15818,5.31,6,Active,0,2024-05-06
712153,140448,Mortgage,150150,8.85,30,Active,0,2022-02-14
712154,131810,Personal Loan,12054,4.74,3,Active,0,2021-10-16
712155,105764,Business Loan,168422,3.93,10,Paid Off,0,2021-12-25
712156,105815,Mortgage,233503,6.96,30,Active,0,2021-09-30
712157,130047,Personal Loan,6938,8.65,5,Active,0,2024-05-29
712158,107236,Auto Loan,43066,4.13,5,Paid Off,0,2022-09-17
712159,123038,Auto Loan,26384,6.38,6,Active,0,2023-01-31
712160,141788,Business Loan,56463,4.02,10,Active,0,2023-04-29
712161,146409,Business Loan,94879,5.51,10,Active,0,2025-12-01
712162,115936,Auto Loan,48983,8.75,6,Active,0,2022-07-05
712163,138935,Business Loan,27669,6.69,10,Active,0,2024-08-13
712164,109103,Personal Loan,1192,11.61,5,Active,0,2025-11-25
712165,114302,Mortgage,251875,6.06,30,Paid Off,0,2023-07-11
712166,126976,Business Loan,199405,5.11,10,Active,0,2023-07-03
712167,102679,Mortgage,194316,5.71,30,Active,0,2025-01-14
712168,113608,Auto Loan,55423,6.69,5,Paid Off,0,2024-12-02
712169,148691,Auto Loan,25741,6.74,3,Active,0,2022-08-26
712170,107375,Auto Loan,55129,7.95,6,Active,0,2026-03-25
712171,136889,Mortgage,501284,6.18,30,Active,0,2022-08-14
712172,102505,Mortgage,454647,5.83,30,Active,0,2022-05-10
712173,138283,Auto Loan,10944,5.03,6,Paid Off,0,2023-07-08
712174,121926,Personal Loan,4399,6.17,3,Active,0,2025-04-26
712175,149395,Mortgage,505846,6.08,30,Paid Off,0,2026-02-18
712176,123045,Auto Loan,15274,4.96,6,Active,0,2023-08-28
712177,143895,Business Loan,198665,3.87,5,Active,0,2025-12-24
712178,115962,Mortgage,525240,9.02,30,Active,0,2022-08-27
712179,135878,Personal Loan,3141,7.75,5,Active,0,2023-05-12
712180,119568,Mortgage,278086,10.88,30,Active,0,2024-01-05
712181,102714,Business Loan,172938,5.32,5,Paid Off,0,2026-03-29
712182,115561,Personal Loan,21725,5.58,1,Paid Off,0,2023-10-08
712183,109697,Auto Loan,32356,4.4,3,Paid Off,0,2023-02-01
712184,128989,Personal Loan,9887,10.49,1,Active,0,2023-09-08
712185,104770,Personal Loan,18237,4.48,1,Paid Off,0,2023-01-08
712186,109535,Business Loan,101289,7.07,5,Defaulted,1,2023-04-25
712187,142244,Auto Loan,45835,10.82,3,Paid Off,0,2025-08-19
712188,137281,Auto Loan,15408,10.34,3,Paid Off,0,2022-05-30
712189,145747,Personal Loan,21740,5.58,5,Paid Off,0,2021-10-24
712190,122334,Mortgage,518774,8.5,30,Active,0,2023-08-05
712191,119664,Mortgage,449191,6.97,30,Active,0,2026-01-22
712192,115249,Business Loan,153310,7.49,10,Active,0,2025-02-13
712193,136226,Mortgage,218752,3.97,30,Paid Off,0,2021-09-10
712194,117016,Business Loan,138897,6.92,10,Defaulted,1,2023-01-16
712195,134125,Personal Loan,6496,6.36,5,Paid Off,0,2024-09-14
712196,131583,Auto Loan,37834,10.24,3,Paid Off,0,2025-04-03
712197,106375,Personal Loan,20422,4.8,1,Paid Off,0,2022-05-31
712198,143478,Mortgage,434854,4.01,30,Active,0,2023-12-22
712199,125202,Personal Loan,22455,8.37,5,Active,0,2024-06-19
712200,115815,Personal Loan,4396,3.77,1,Paid Off,0,2025-08-17
712201,126770,Mortgage,257614,3.7,30,Paid Off,0,2024-04-20
712202,116854,Mortgage,388625,5.57,30,Active,0,2021-08-21
712203,136261,Personal Loan,21710,5.28,5,Active,0,2025-01-11
712204,100437,Business Loan,218429,4.34,5,Active,0,2023-10-10
712205,130223,Mortgage,170343,4.23,30,Paid Off,0,2024-04-10
712206,107315,Auto Loan,23143,5.08,5,Active,0,2025-08-16
712207,104928,Business Loan,167777,10.1,10,Paid Off,0,2023-12-26
712208,124681,Mortgage,389820,4.52,30,Paid Off,0,2026-05-29
712209,116933,Personal Loan,3472,6.7,1,Paid Off,0,2021-11-17
712210,105242,Business Loan,183171,6.49,10,Active,0,2021-11-21
712211,104471,Personal Loan,16822,5.7,1,Active,0,2021-09-16
712212,119600,Auto Loan,49881,4.43,6,Defaulted,1,2023-07-03
712213,108047,Mortgage,277621,6.68,30,Active,0,2025-05-28
712214,128456,Auto Loan,33454,7.12,6,Paid Off,0,2026-01-16
712215,114299,Auto Loan,35811,8.38,5,Active,0,2025-07-19
712216,131963,Auto Loan,26904,10.43,3,Paid Off,0,2021-10-19
712217,140464,Mortgage,397602,6.14,30,Paid Off,0,2024-08-12
712218,113066,Mortgage,182722,11.48,30,Paid Off,0,2025-08-24
712219,138881,Personal Loan,15305,5.1,3,Active,0,2022-01-28
712220,117831,Mortgage,542942,3.77,30,Active,0,2023-11-07
712221,129106,Business Loan,86462,4.35,5,Paid Off,0,2022-08-25
712222,147857,Personal Loan,1673,6.49,3,Paid Off,0,2024-10-17
712223,104235,Business Loan,55482,4.76,10,Paid Off,0,2021-11-28
712224,144792,Personal Loan,8172,11.84,3,Active,0,2026-04-16
712225,138704,Personal Loan,11404,4.7,1,Paid Off,0,2021-10-25
712226,108723,Mortgage,469184,6.45,30,Active,0,2022-06-19
712227,129117,Mortgage,501881,5.69,30,Active,0,2024-04-29
712228,120763,Business Loan,195067,11.64,10,Paid Off,0,2024-04-19
712229,117510,Personal Loan,20097,6.72,5,Paid Off,0,2023-02-25
712230,133855,Auto Loan,23482,6.78,6,Active,0,2023-06-09
712231,127239,Business Loan,192193,5.97,10,Active,0,2022-01-04
712232,109409,Auto Loan,42683,5.39,3,Active,0,2025-11-19
712233,114521,Personal Loan,12100,8.05,3,Paid Off,0,2024-03-21
712234,120795,Auto Loan,14579,5.19,5,Active,0,2022-03-28
712235,143578,Mortgage,326937,4.09,30,Active,0,2022-04-19
712236,137703,Personal Loan,16374,6.35,3,Active,0,2025-06-25
712237,123658,Business Loan,190774,3.54,5,Active,0,2025-11-09
712238,137354,Auto Loan,22359,11.32,6,Active,0,2023-07-16
712239,140519,Mortgage,580231,5.59,30,Active,0,2021-09-25
712240,124528,Business Loan,27604,5.37,10,Defaulted,1,2023-07-12
712241,105826,Auto Loan,32231,6.66,3,Active,0,2026-01-03
712242,109619,Business Loan,196430,5.03,10,Active,0,2025-09-11
712243,135905,Business Loan,83542,11.43,10,Active,0,2025-09-29
712244,134952,Mortgage,414658,5.15,30,Active,0,2023-08-01
712245,127902,Business Loan,44575,6.32,10,Paid Off,0,2023-04-07
712246,117756,Auto Loan,19653,6.76,3,Active,0,2022-10-01
712247,130880,Auto Loan,54258,5.63,5,Active,0,2023-12-13
712248,122865,Auto Loan,12153,6.87,5,Paid Off,0,2026-03-30
712249,114206,Mortgage,246103,6.2,30,Paid Off,0,2023-11-10
712250,134771,Auto Loan,27143,5.99,6,Active,0,2023-07-30
712251,136434,Business Loan,71038,10.6,10,Active,0,2024-06-20
712252,149090,Personal Loan,17285,7.64,3,Active,0,2024-02-01
712253,117255,Business Loan,240921,5.48,10,Paid Off,0,2023-01-14
712254,111671,Business Loan,48130,6.87,10,Active,0,2021-12-12
712255,142572,Business Loan,123187,5.86,10,Paid Off,0,2023-10-13
712256,146688,Auto Loan,54055,4.86,5,Paid Off,0,2023-10-01
712257,142310,Mortgage,291846,4.25,30,Active,0,2022-03-17
712258,129132,Personal Loan,15231,6.79,1,Paid Off,0,2026-03-20
712259,109048,Business Loan,226416,8.22,10,Active,0,2024-10-12
712260,102622,Auto Loan,10732,6.75,6,Active,0,2021-11-19
712261,106334,Personal Loan,18281,5.18,5,Active,0,2024-10-06
712262,125863,Mortgage,218975,3.96,30,Active,0,2024-06-02
712263,144212,Business Loan,74228,7.75,5,Defaulted,1,2026-06-25
712264,145327,Business Loan,71646,7.74,5,Defaulted,1,2023-02-17
712265,132433,Auto Loan,33584,6.06,5,Paid Off,0,2024-03-12
712266,141787,Mortgage,304167,5.27,30,Paid Off,0,2025-03-18
712267,132871,Personal Loan,19318,10.85,3,Active,0,2022-02-06
712268,117396,Mortgage,582905,6.9,30,Paid Off,0,2024-06-07
712269,107573,Auto Loan,41298,10.59,5,Paid Off,0,2025-02-11
712270,147291,Personal Loan,20242,5.3,3,Paid Off,0,2026-02-07
712271,116612,Business Loan,192261,6.86,10,Paid Off,0,2024-08-24
712272,124800,Business Loan,44274,11.67,10,Paid Off,0,2025-02-27
712273,123637,Business Loan,158721,5.78,10,Defaulted,1,2025-02-20
712274,107829,Personal Loan,10736,3.72,3,Active,0,2025-07-07
712275,117836,Mortgage,253401,6.56,30,Paid Off,0,2021-08-08
712276,108708,Mortgage,421407,5.36,30,Active,0,2025-10-12
712277,103108,Personal Loan,24923,8.41,1,Paid Off,0,2022-08-14
712278,101416,Auto Loan,28872,6.22,6,Paid Off,0,2022-04-18
712279,131769,Business Loan,83653,6.28,5,Paid Off,0,2022-06-19
712280,115102,Auto Loan,45370,4.71,5,Paid Off,0,2025-04-07
712281,121704,Business Loan,43712,7.75,10,Paid Off,0,2024-11-29
712282,131068,Personal Loan,7180,8.04,5,Active,0,2021-08-21
712283,103495,Auto Loan,38780,11.37,5,Paid Off,0,2024-10-14
712284,137363,Personal Loan,23766,7.43,1,Paid Off,0,2024-11-14
712285,137248,Personal Loan,7491,5.22,5,Paid Off,0,2022-03-11
712286,130814,Mortgage,170796,5.05,30,Active,0,2024-11-04
712287,135106,Auto Loan,46353,5.65,3,Paid Off,0,2026-05-07
712288,114898,Business Loan,194575,3.83,5,Paid Off,0,2023-07-22
712289,116721,Auto Loan,44845,9.66,3,Active,0,2024-02-25
712290,139445,Auto Loan,57212,6.5,3,Active,0,2023-06-06
712291,116701,Mortgage,562396,11.86,30,Paid Off,0,2026-01-12
712292,117731,Personal Loan,5085,3.79,1,Active,0,2025-11-13
712293,131506,Personal Loan,2806,11.8,1,Active,0,2022-02-28
712294,115135,Mortgage,303748,9.58,30,Active,0,2026-02-09
712295,114658,Personal Loan,5479,10.17,3,Paid Off,0,2021-12-27
712296,137294,Personal Loan,8485,11.55,1,Active,0,2024-10-03
712297,124135,Auto Loan,40361,11.26,6,Active,0,2025-08-16
712298,134106,Mortgage,471676,5.29,30,Paid Off,0,2021-07-28
712299,145763,Mortgage,580949,6.46,30,Paid Off,0,2025-11-09
712300,140431,Business Loan,163885,6.59,10,Active,0,2025-07-27
712301,129616,Business Loan,157986,4.15,10,Paid Off,0,2026-07-17
712302,148602,Mortgage,426380,6.29,30,Active,0,2023-07-22
712303,118136,Personal Loan,13965,6.57,1,Defaulted,1,2025-01-20
712304,146641,Personal Loan,10116,6.29,3,Active,0,2025-04-03
712305,128078,Auto Loan,24721,6.64,6,Paid Off,0,2025-09-03
712306,149765,Business Loan,76636,3.99,5,Paid Off,0,2024-03-09
712307,130840,Auto Loan,50958,5.88,6,Active,0,2023-01-23
712308,122858,Personal Loan,24116,4.18,3,Paid Off,0,2023-04-06
712309,102496,Personal Loan,7096,5.34,3,Active,0,2026-07-06
712310,143264,Business Loan,189526,6.0,5,Paid Off,0,2023-05-05
712311,138609,Business Loan,83056,6.37,10,Active,0,2022-01-15
712312,115388,Business Loan,29052,4.32,10,Active,0,2026-06-09
712313,111115,Auto Loan,19997,5.42,5,Paid Off,0,2024-03-25
712314,133098,Mortgage,533587,4.48,30,Active,0,2023-03-18
712315,110484,Mortgage,181990,11.44,30,Paid Off,0,2022-07-11
712316,144852,Auto Loan,17844,4.69,3,Active,0,2025-08-03
712317,147335,Auto Loan,41692,6.45,3,Active,0,2026-03-07
712318,113595,Mortgage,280158,10.62,30,Paid Off,0,2025-11-16
712319,132636,Personal Loan,11023,10.17,5,Paid Off,0,2025-12-26
712320,105775,Auto Loan,28339,4.83,5,Paid Off,0,2022-12-17
712321,141700,Mortgage,576731,6.87,30,Paid Off,0,2023-01-17
712322,146642,Personal Loan,6979,11.54,5,Active,0,2022-12-11
712323,129498,Auto Loan,29402,6.4,5,Paid Off,0,2024-01-29
712324,144762,Personal Loan,13661,5.15,5,Active,0,2025-12-26
712325,114934,Personal Loan,23974,10.64,5,Active,0,2022-04-09
712326,145956,Mortgage,574546,3.75,30,Paid Off,0,2023-07-25
712327,105148,Auto Loan,35165,8.61,5,Paid Off,0,2026-03-19
712328,140380,Personal Loan,13316,6.47,3,Paid Off,0,2021-11-13
712329,134050,Auto Loan,51064,6.54,6,Active,0,2026-04-26
712330,106549,Personal Loan,11548,5.9,5,Active,0,2025-04-10
712331,146891,Mortgage,598001,11.45,30,Active,0,2021-08-21
712332,147963,Personal Loan,20693,8.07,5,Active,0,2024-06-14
712333,148993,Personal Loan,20231,6.33,5,Active,0,2022-03-25
712334,109658,Business Loan,44341,7.12,5,Paid Off,0,2025-03-10
712335,110994,Personal Loan,17846,4.38,3,Active,0,2025-10-21
712336,134655,Business Loan,192669,4.52,5,Paid Off,0,2025-12-09
712337,128738,Business Loan,107958,6.33,5,Paid Off,0,2025-04-05
712338,112307,Mortgage,220435,3.57,30,Active,0,2021-09-13
712339,149978,Mortgage,456578,5.08,30,Active,0,2024-09-26
712340,130465,Business Loan,234566,3.74,10,Active,0,2022-06-22
712341,125303,Personal Loan,24813,9.87,5,Paid Off,0,2023-05-08
712342,142046,Auto Loan,25890,10.38,5,Active,0,2026-06-23
712343,101109,Auto Loan,12483,6.68,6,Active,0,2023-06-04
712344,148226,Mortgage,502122,7.61,30,Active,0,2021-11-24
712345,142034,Business Loan,159142,4.38,5,Paid Off,0,2022-03-12
712346,106010,Personal Loan,6023,5.82,5,Paid Off,0,2023-03-09
712347,129237,Business Loan,223966,6.73,5,Active,0,2025-12-19
712348,107555,Business Loan,212723,10.15,10,Paid Off,0,2021-08-24
712349,147956,Business Loan,57312,3.53,10,Paid Off,0,2024-12-30
712350,120397,Mortgage,359487,11.73,30,Active,0,2025-08-14
712351,109299,Business Loan,225920,6.87,5,Paid Off,0,2023-01-26
712352,100353,Auto Loan,25112,5.35,5,Paid Off,0,2022-12-02
712353,101133,Personal Loan,17629,7.43,5,Paid Off,0,2025-09-07
712354,145724,Mortgage,382044,6.76,30,Active,0,2022-12-31
712355,144380,Mortgage,563629,11.18,30,Paid Off,0,2025-10-20
712356,132000,Personal Loan,4966,11.85,3,Defaulted,1,2026-03-03
712357,110944,Auto Loan,59555,11.15,5,Paid Off,0,2021-09-26
712358,122513,Auto Loan,58140,5.69,3,Active,0,2025-03-22
712359,113983,Personal Loan,9334,8.57,1,Active,0,2022-05-28
712360,103011,Business Loan,229622,6.74,10,Paid Off,0,2025-11-08
712361,143600,Personal Loan,24281,3.57,1,Active,0,2024-05-27
712362,142879,Business Loan,103081,5.22,5,Paid Off,0,2023-09-27
712363,109229,Business Loan,92229,4.74,5,Active,0,2026-02-05
712364,132062,Mortgage,505123,4.86,30,Paid Off,0,2022-03-23
712365,138715,Mortgage,395374,8.61,30,Active,0,2021-09-20
712366,118391,Auto Loan,44644,3.84,3,Paid Off,0,2025-02-03
712367,140713,Business Loan,247252,5.68,5,Paid Off,0,2022-11-20
712368,139585,Auto Loan,38809,4.18,3,Paid Off,0,2026-03-23
712369,144506,Auto Loan,15136,5.51,5,Active,0,2023-09-23
712370,129330,Mortgage,394457,5.18,30,Paid Off,0,2026-04-06
712371,107640,Mortgage,245971,4.43,30,Paid Off,0,2024-01-10
712372,112267,Mortgage,307896,6.12,30,Active,0,2023-03-21
712373,144040,Business Loan,29484,5.5,5,Active,0,2024-08-12
712374,118724,Personal Loan,8241,7.06,3,Paid Off,0,2022-08-11
712375,138357,Mortgage,501457,5.31,30,Paid Off,0,2022-02-03
712376,140538,Business Loan,225676,3.91,10,Active,0,2023-08-24
712377,110044,Auto Loan,14778,10.74,6,Active,0,2025-04-14
712378,102825,Personal Loan,2803,4.76,3,Active,0,2025-06-05
712379,136328,Auto Loan,56359,4.37,6,Active,0,2025-10-24
712380,126166,Auto Loan,53277,5.82,3,Paid Off,0,2025-12-22
712381,104032,Personal Loan,4220,6.39,5,Active,0,2024-02-16
712382,115824,Personal Loan,18043,7.59,5,Paid Off,0,2024-06-21
712383,148013,Mortgage,423112,4.6,30,Paid Off,0,2025-04-19
712384,102713,Mortgage,530871,7.5,30,Paid Off,0,2022-07-27
712385,140692,Personal Loan,2375,4.65,5,Active,0,2022-03-15
712386,113561,Business Loan,39451,10.66,10,Active,0,2024-04-12
712387,113151,Business Loan,78895,5.08,10,Active,0,2024-08-22
712388,134090,Business Loan,93197,8.62,10,Active,0,2022-01-21
712389,115465,Auto Loan,12973,11.19,3,Paid Off,0,2022-05-14
712390,117136,Personal Loan,17109,5.37,3,Paid Off,0,2023-07-24
712391,124632,Mortgage,298371,7.67,30,Paid Off,0,2021-11-10
712392,125418,Auto Loan,27471,3.8,6,Active,0,2021-12-01
712393,145604,Personal Loan,19236,3.87,1,Active,0,2025-10-28
712394,102856,Personal Loan,18977,7.74,1,Active,0,2023-06-03
712395,110085,Auto Loan,14110,5.77,6,Paid Off,0,2025-09-27
712396,105536,Mortgage,428860,11.27,30,Active,0,2023-04-11
712397,122566,Mortgage,311006,11.09,30,Active,0,2023-09-19
712398,148991,Personal Loan,19531,5.3,3,Active,0,2026-03-15
712399,104077,Personal Loan,15920,4.61,3,Active,0,2025-12-11
712400,118427,Auto Loan,13769,8.18,3,Paid Off,0,2022-06-07
712401,105981,Personal Loan,8415,4.12,3,Active,0,2025-11-06
712402,149352,Business Loan,148025,8.93,5,Active,0,2022-03-27
712403,142776,Personal Loan,18529,3.77,5,Paid Off,0,2025-04-13
712404,109035,Business Loan,100357,3.83,10,Active,0,2025-07-29
712405,125672,Auto Loan,22458,5.2,5,Active,0,2023-07-10
712406,131408,Mortgage,405124,4.34,30,Active,0,2023-06-09
712407,148741,Mortgage,358173,3.76,30,Active,0,2023-04-01
712408,111272,Business Loan,57794,9.87,5,Paid Off,0,2023-01-07
712409,129008,Business Loan,86366,10.8,10,Active,0,2022-11-25
712410,142130,Business Loan,168882,5.47,10,Active,0,2021-08-17
712411,100479,Personal Loan,18645,4.42,5,Paid Off,0,2022-09-01
712412,116214,Personal Loan,8013,7.43,5,Paid Off,0,2022-01-13
712413,136552,Personal Loan,11684,6.73,5,Active,0,2022-02-15
712414,131842,Mortgage,352676,4.57,30,Active,0,2025-03-26
712415,130187,Personal Loan,22477,11.89,3,Defaulted,1,2024-07-17
712416,100266,Personal Loan,16350,5.89,1,Paid Off,0,2025-01-20
712417,146779,Auto Loan,38124,5.34,6,Active,0,2022-03-17
712418,128667,Personal Loan,24544,5.76,5,Paid Off,0,2026-05-23
712419,101090,Mortgage,234319,6.52,30,Active,0,2025-04-12
712420,144557,Business Loan,176645,6.06,5,Paid Off,0,2026-04-09
712421,142739,Business Loan,138417,6.54,5,Defaulted,1,2024-12-14
712422,139525,Business Loan,189063,5.13,5,Paid Off,0,2023-06-26
712423,118342,Business Loan,83900,7.79,5,Paid Off,0,2022-06-27
712424,142076,Mortgage,386554,4.68,30,Defaulted,1,2024-01-02
712425,130578,Business Loan,199188,11.21,10,Paid Off,0,2021-12-06
712426,103193,Mortgage,495530,5.51,30,Active,0,2025-01-31
712427,135963,Business Loan,95240,7.43,10,Active,0,2025-12-17
712428,130910,Personal Loan,5512,4.68,3,Paid Off,0,2026-01-13
712429,147877,Auto Loan,24693,5.2,6,Active,0,2021-12-25
712430,102337,Business Loan,83133,5.12,5,Paid Off,0,2025-01-13
712431,101197,Mortgage,383830,10.86,30,Active,0,2026-05-06
712432,146675,Auto Loan,33013,4.33,5,Paid Off,0,2022-02-26
712433,107778,Personal Loan,21113,4.0,3,Active,0,2025-11-16
712434,109871,Auto Loan,30382,4.55,3,Paid Off,0,2025-03-03
712435,129595,Personal Loan,1196,7.63,5,Paid Off,0,2024-05-05
712436,130122,Business Loan,200006,4.24,10,Paid Off,0,2024-04-18
712437,105134,Business Loan,38754,5.29,10,Active,0,2023-03-11
712438,114115,Personal Loan,18080,6.66,3,Paid Off,0,2024-07-19
712439,139949,Auto Loan,23114,3.73,6,Paid Off,0,2025-02-02
712440,120649,Mortgage,176291,4.68,30,Defaulted,1,2022-11-12
712441,103007,Personal Loan,8420,4.23,1,Paid Off,0,2024-08-09
712442,138420,Auto Loan,14232,4.18,3,Active,0,2023-01-16
712443,109568,Business Loan,212112,3.64,10,Defaulted,1,2021-08-21
712444,110029,Business Loan,68996,4.68,5,Paid Off,0,2023-03-29
712445,128825,Auto Loan,39081,9.64,3,Active,0,2021-10-30
712446,116981,Personal Loan,4440,4.7,5,Active,0,2026-07-12
712447,121022,Personal Loan,23006,5.81,1,Active,0,2024-02-09
712448,130550,Auto Loan,23900,4.35,6,Active,0,2024-07-15
712449,108934,Personal Loan,7099,3.72,5,Defaulted,1,2023-11-22
712450,142574,Auto Loan,49231,4.71,5,Paid Off,0,2026-03-16
712451,124316,Personal Loan,12164,5.02,1,Paid Off,0,2023-06-27
712452,124841,Mortgage,180738,9.18,30,Active,0,2023-01-17
712453,110568,Business Loan,237807,10.25,10,Paid Off,0,2025-04-20
712454,126338,Mortgage,402778,11.73,30,Paid Off,0,2024-04-16
712455,146412,Mortgage,311655,3.61,30,Paid Off,0,2024-11-12
712456,140090,Mortgage,466602,10.05,30,Paid Off,0,2023-09-20
712457,105510,Business Loan,205845,10.32,5,Active,0,2024-11-05
712458,134869,Personal Loan,12892,3.74,5,Active,0,2023-02-08
712459,106339,Mortgage,202963,7.42,30,Paid Off,0,2025-07-31
712460,143445,Business Loan,78207,6.59,10,Paid Off,0,2026-06-28
712461,148298,Mortgage,497975,6.73,30,Active,0,2022-07-26
712462,148103,Personal Loan,8799,6.61,1,Paid Off,0,2025-11-21
712463,124646,Business Loan,77568,5.32,5,Active,0,2024-12-18
712464,106246,Personal Loan,23688,5.2,5,Paid Off,0,2024-05-02
712465,136772,Mortgage,322759,11.91,30,Active,0,2025-08-05
712466,102220,Auto Loan,51106,6.83,3,Active,0,2025-06-30
712467,134104,Auto Loan,41179,6.8,3,Paid Off,0,2024-05-16
712468,133605,Personal Loan,1186,4.91,3,Paid Off,0,2024-07-24
712469,103930,Business Loan,141343,5.59,10,Active,0,2024-09-12
712470,122652,Business Loan,166289,4.57,10,Active,0,2023-08-13
712471,127359,Personal Loan,11296,9.14,3,Active,0,2025-04-20
712472,107030,Business Loan,139037,5.79,5,Active,0,2022-07-29
712473,149136,Personal Loan,18415,6.51,1,Defaulted,1,2026-03-28
712474,100774,Auto Loan,12022,4.45,3,Paid Off,0,2025-02-15
712475,100573,Business Loan,56588,6.7,10,Active,0,2022-07-15
712476,144345,Business Loan,221466,4.02,5,Active,0,2025-04-23
712477,144088,Mortgage,395996,4.32,30,Paid Off,0,2023-03-03
712478,101465,Personal Loan,8712,5.51,5,Active,0,2026-06-12
712479,106167,Personal Loan,23801,5.34,1,Active,0,2025-02-07
712480,103367,Personal Loan,23127,7.15,3,Active,0,2022-12-14
712481,115307,Mortgage,512900,5.0,30,Paid Off,0,2021-09-20
712482,103438,Auto Loan,55958,3.69,3,Paid Off,0,2023-05-29
712483,107492,Personal Loan,4314,7.84,5,Active,0,2024-05-01
712484,124432,Mortgage,372020,8.96,30,Active,0,2024-06-29
712485,140725,Auto Loan,50850,5.73,5,Paid Off,0,2022-07-07
712486,136954,Business Loan,170571,3.56,5,Active,0,2021-10-15
712487,123146,Business Loan,37751,6.84,10,Active,0,2025-09-15
712488,110221,Auto Loan,49486,7.1,6,Active,0,2024-10-23
712489,127789,Auto Loan,26595,6.82,5,Active,0,2024-06-23
712490,138748,Auto Loan,17376,10.57,3,Active,0,2026-05-24
712491,138673,Mortgage,341404,5.26,30,Active,0,2026-02-04
712492,148914,Auto Loan,46644,7.39,5,Active,0,2026-03-09
712493,119085,Personal Loan,10647,6.21,1,Active,0,2022-12-25
712494,143688,Business Loan,94089,6.81,5,Active,0,2024-03-25
712495,109771,Personal Loan,1263,5.7,5,Active,0,2023-03-16
712496,134737,Business Loan,87500,6.19,10,Active,0,2023-11-28
712497,130390,Auto Loan,36474,5.35,5,Active,0,2022-07-12
712498,106797,Business Loan,50176,4.74,5,Paid Off,0,2026-06-27
712499,137270,Business Loan,30697,3.91,10,Active,0,2025-07-28
712500,127434,Mortgage,238555,4.93,30,Active,0,2021-07-22
712501,113400,Mortgage,441249,4.72,30,Paid Off,0,2026-01-10
712502,100883,Business Loan,47106,8.03,5,Active,0,2025-05-25
712503,107303,Auto Loan,40379,9.34,5,Active,0,2022-02-15
712504,145124,Business Loan,46121,5.47,10,Active,0,2026-04-22
712505,100874,Mortgage,478537,10.2,30,Defaulted,1,2022-10-18
712506,145943,Mortgage,520512,6.78,30,Paid Off,0,2022-09-30
712507,111458,Auto Loan,50475,6.09,6,Active,0,2024-02-07
712508,123877,Personal Loan,10568,6.57,1,Paid Off,0,2022-04-26
712509,100011,Business Loan,117678,6.22,10,Paid Off,0,2024-02-01
712510,127813,Mortgage,558932,6.36,30,Paid Off,0,2023-04-27
712511,110713,Business Loan,237329,4.99,10,Active,0,2022-04-02
712512,146014,Personal Loan,12877,4.84,1,Active,0,2023-04-12
712513,103645,Mortgage,551994,5.3,30,Paid Off,0,2021-08-31
712514,110448,Auto Loan,39274,9.72,6,Active,0,2025-03-06
712515,141968,Auto Loan,25293,4.27,5,Paid Off,0,2023-08-09
712516,103813,Auto Loan,53537,5.57,5,Active,0,2022-02-15
712517,104523,Personal Loan,13971,4.18,3,Active,0,2023-11-09
712518,107231,Business Loan,39427,6.56,5,Paid Off,0,2021-10-13
712519,139423,Business Loan,166825,4.14,10,Paid Off,0,2025-12-17
712520,146647,Business Loan,37622,8.02,5,Paid Off,0,2022-07-03
712521,112547,Personal Loan,16882,10.02,5,Active,0,2024-07-07
712522,110917,Auto Loan,12895,11.58,6,Active,0,2026-02-13
712523,116904,Auto Loan,49725,6.74,6,Active,0,2025-05-28
712524,139863,Business Loan,163981,5.67,10,Active,0,2024-05-04
712525,124728,Mortgage,192496,10.71,30,Paid Off,0,2024-07-25
712526,112695,Business Loan,160028,6.27,10,Paid Off,0,2024-01-05
712527,136114,Personal Loan,10991,7.59,1,Active,0,2026-04-04
712528,129694,Business Loan,122788,3.98,5,Paid Off,0,2023-12-22
712529,107528,Business Loan,157893,7.72,10,Active,0,2022-01-17
712530,128808,Mortgage,595945,4.91,30,Active,0,2024-11-21
712531,104756,Mortgage,187654,10.08,30,Active,0,2026-05-30
712532,130432,Mortgage,471139,4.99,30,Paid Off,0,2021-11-26
712533,101108,Mortgage,290807,4.28,30,Paid Off,0,2025-04-27
712534,111090,Auto Loan,24018,9.14,6,Paid Off,0,2026-01-30
712535,142876,Auto Loan,29611,6.17,3,Paid Off,0,2023-10-10
712536,128136,Business Loan,117045,5.06,10,Paid Off,0,2023-01-07
712537,119860,Mortgage,157894,4.08,30,Paid Off,0,2024-12-01
712538,108054,Mortgage,434500,10.75,30,Paid Off,0,2024-09-28
712539,105886,Personal Loan,21090,5.32,1,Active,0,2026-04-18
712540,144551,Business Loan,239520,6.24,10,Paid Off,0,2025-12-20
712541,103542,Auto Loan,34708,5.89,5,Active,0,2025-05-30
712542,108359,Personal Loan,1154,3.78,3,Paid Off,0,2025-05-06
712543,115074,Mortgage,279743,5.58,30,Active,0,2021-10-13
712544,140589,Mortgage,285109,6.82,30,Active,0,2023-09-12
712545,119528,Business Loan,48629,6.68,10,Paid Off,0,2025-02-04
712546,102333,Personal Loan,13664,7.98,1,Active,0,2024-11-12
712547,137768,Business Loan,110929,9.97,5,Paid Off,0,2025-10-03
712548,137791,Business Loan,240297,5.2,5,Active,0,2023-10-08
712549,122894,Mortgage,169408,5.86,30,Active,0,2024-05-23
712550,111790,Mortgage,296354,4.48,30,Paid Off,0,2025-06-24
712551,143628,Auto Loan,13194,8.96,3,Active,0,2024-12-26
712552,147118,Mortgage,261140,3.81,30,Active,0,2026-05-31
712553,117703,Personal Loan,7335,11.54,3,Paid Off,0,2025-03-25
712554,114474,Business Loan,82744,7.64,5,Paid Off,0,2025-11-12
712555,122427,Mortgage,195776,4.35,30,Active,0,2021-11-23
712556,128883,Mortgage,277712,9.58,30,Active,0,2026-04-10
712557,105785,Business Loan,245147,5.91,5,Paid Off,0,2025-01-31
712558,127395,Mortgage,545145,7.78,30,Defaulted,1,2025-02-04
712559,105883,Auto Loan,40921,9.06,3,Active,0,2024-06-14
712560,137911,Personal Loan,12810,5.44,5,Paid Off,0,2022-08-18
712561,107002,Business Loan,87025,8.93,5,Active,0,2026-04-26
712562,108801,Mortgage,248675,5.77,30,Paid Off,0,2025-04-25
712563,139803,Personal Loan,14717,9.22,1,Active,0,2024-06-13
712564,146757,Business Loan,32073,8.11,5,Active,0,2026-01-26
712565,134684,Mortgage,401763,5.11,30,Active,0,2022-10-18
712566,117117,Mortgage,164768,10.94,30,Active,0,2025-07-18
712567,131532,Personal Loan,20416,4.46,5,Paid Off,0,2023-01-28
712568,100268,Mortgage,593882,6.35,30,Active,0,2025-02-12
712569,103142,Business Loan,185022,6.6,10,Paid Off,0,2021-10-03
712570,104800,Mortgage,502424,6.6,30,Active,0,2026-07-11
712571,135868,Business Loan,108565,6.5,5,Paid Off,0,2024-12-18
712572,107422,Business Loan,162405,5.93,5,Paid Off,0,2025-05-02
712573,121413,Personal Loan,22649,5.78,1,Active,0,2025-10-07
712574,104396,Auto Loan,31443,6.31,6,Defaulted,1,2025-02-24
712575,102156,Personal Loan,10005,5.48,3,Paid Off,0,2026-01-29
712576,128372,Business Loan,220208,6.62,10,Paid Off,0,2026-03-24
712577,132050,Mortgage,492903,6.8,30,Active,0,2024-11-20
712578,101441,Business Loan,201302,10.21,5,Paid Off,0,2025-05-03
712579,125015,Mortgage,463474,4.86,30,Active,0,2024-07-06
712580,125072,Personal Loan,21939,4.88,3,Paid Off,0,2023-06-14
712581,127121,Business Loan,74118,5.89,5,Paid Off,0,2024-04-03
712582,149882,Business Loan,108363,3.67,5,Active,0,2022-11-25
712583,119546,Personal Loan,1824,8.49,5,Active,0,2021-09-17
712584,135893,Personal Loan,23344,6.27,1,Active,0,2022-03-15
712585,113905,Personal Loan,19981,4.79,5,Active,0,2021-11-24
712586,132947,Personal Loan,23643,4.06,3,Active,0,2022-12-17
712587,115558,Auto Loan,11216,11.65,5,Active,0,2024-07-16
712588,106527,Business Loan,176528,9.51,10,Paid Off,0,2025-05-20
712589,149722,Auto Loan,46777,4.1,3,Paid Off,0,2024-05-01
712590,117487,Personal Loan,6398,11.03,3,Paid Off,0,2022-08-12
712591,137634,Auto Loan,51105,6.7,3,Paid Off,0,2024-06-20
712592,116966,Business Loan,99668,5.86,10,Active,0,2022-09-23
712593,112858,Mortgage,530263,4.81,30,Paid Off,0,2022-10-27
712594,148444,Personal Loan,8949,6.13,5,Defaulted,1,2023-07-11
712595,111146,Auto Loan,12271,4.38,6,Active,0,2026-02-09
712596,124050,Personal Loan,20764,5.95,3,Paid Off,0,2025-02-02
712597,101496,Business Loan,60953,6.29,10,Active,0,2021-12-25
712598,100733,Personal Loan,3194,6.68,5,Active,0,2022-02-01
712599,144488,Business Loan,120435,11.13,5,Active,0,2021-09-02
712600,111903,Personal Loan,22240,5.89,3,Active,0,2022-04-20
712601,111129,Business Loan,243259,3.63,5,Paid Off,0,2026-01-03
712602,116794,Mortgage,561083,4.98,30,Paid Off,0,2024-01-30
712603,133663,Mortgage,582857,5.52,30,Active,0,2025-05-13
712604,121063,Business Loan,95768,5.58,10,Paid Off,0,2025-08-10
712605,102330,Personal Loan,9961,6.9,1,Active,0,2025-08-17
712606,106328,Auto Loan,16682,5.23,6,Paid Off,0,2023-12-28
712607,148537,Business Loan,162084,5.49,5,Paid Off,0,2023-01-10
712608,136840,Auto Loan,45749,8.87,5,Active,0,2024-01-09
712609,102072,Business Loan,165115,6.35,10,Paid Off,0,2021-12-07
712610,135883,Business Loan,48437,7.34,10,Paid Off,0,2024-09-26
712611,119959,Business Loan,127572,4.94,10,Active,0,2023-08-17
712612,138707,Auto Loan,57187,4.48,6,Paid Off,0,2023-07-10
712613,123633,Business Loan,101175,7.62,10,Active,0,2025-05-14
712614,103219,Personal Loan,14845,8.21,1,Active,0,2024-11-01
712615,128910,Personal Loan,14623,6.46,3,Active,0,2024-06-29
712616,123847,Mortgage,183594,3.85,30,Paid Off,0,2025-04-29
712617,145261,Personal Loan,24954,5.9,3,Paid Off,0,2024-02-06
712618,124888,Personal Loan,2716,8.29,3,Paid Off,0,2024-02-26
712619,104040,Auto Loan,55312,5.23,6,Paid Off,0,2025-05-11
712620,127396,Personal Loan,22069,5.67,1,Paid Off,0,2024-02-15
712621,126244,Mortgage,200334,9.75,30,Paid Off,0,2022-01-14
712622,110410,Business Loan,42020,4.73,10,Active,0,2022-03-05
712623,141277,Mortgage,332796,8.23,30,Paid Off,0,2022-02-04
712624,126419,Business Loan,149857,6.66,10,Active,0,2025-10-28
712625,100444,Business Loan,160254,4.59,10,Active,0,2026-07-05
712626,132613,Auto Loan,43403,11.76,5,Paid Off,0,2024-11-28
712627,111250,Business Loan,52638,6.92,5,Paid Off,0,2022-02-13
712628,139232,Personal Loan,13336,6.98,1,Paid Off,0,2023-10-24
712629,140248,Business Loan,167290,7.59,5,Paid Off,0,2023-06-23
712630,139372,Business Loan,116199,3.6,10,Defaulted,1,2024-02-02
712631,113573,Business Loan,225676,4.45,5,Paid Off,0,2025-05-19
712632,126815,Personal Loan,6506,8.09,1,Paid Off,0,2022-05-29
712633,148420,Personal Loan,14015,6.76,3,Active,0,2024-06-28
712634,125217,Business Loan,188516,6.02,5,Paid Off,0,2022-03-28
712635,101336,Mortgage,454938,5.75,30,Active,0,2023-02-08
712636,106564,Mortgage,461935,9.42,30,Paid Off,0,2025-05-12
712637,104957,Personal Loan,9288,8.43,3,Paid Off,0,2021-12-27
712638,148693,Mortgage,185083,6.88,30,Paid Off,0,2023-01-02
712639,103973,Auto Loan,24029,6.32,3,Active,0,2025-12-17
712640,116109,Auto Loan,43636,8.23,5,Active,0,2022-02-06
712641,122323,Auto Loan,57439,7.91,5,Active,0,2022-11-06
712642,105964,Mortgage,468384,5.7,30,Paid Off,0,2022-12-24
712643,131092,Auto Loan,34268,4.32,6,Paid Off,0,2025-02-21
712644,134344,Auto Loan,46791,6.2,6,Paid Off,0,2023-11-27
712645,118925,Mortgage,470122,6.47,30,Paid Off,0,2023-03-22
712646,128612,Mortgage,441627,9.09,30,Paid Off,0,2025-01-02
712647,121222,Mortgage,296359,9.24,30,Active,0,2023-12-29
712648,106991,Business Loan,76048,4.48,10,Active,0,2025-12-18
712649,129938,Business Loan,205800,3.56,10,Paid Off,0,2023-11-25
712650,143704,Personal Loan,3536,6.83,3,Paid Off,0,2022-04-13
712651,101474,Personal Loan,14847,3.61,3,Active,0,2024-08-02
712652,148990,Personal Loan,10305,8.07,5,Active,0,2025-09-24
712653,124645,Mortgage,464473,9.43,30,Active,0,2024-02-12
712654,108857,Personal Loan,2280,6.8,5,Paid Off,0,2021-08-21
712655,110877,Auto Loan,27621,6.01,3,Active,0,2021-07-30
712656,101553,Business Loan,134534,3.76,5,Active,0,2021-09-14
712657,137578,Auto Loan,18234,3.8,6,Active,0,2025-04-20
712658,112689,Personal Loan,9612,5.86,5,Active,0,2023-01-17
712659,125617,Mortgage,483111,9.65,30,Paid Off,0,2022-07-18
712660,141109,Personal Loan,10815,6.94,1,Paid Off,0,2025-10-11
712661,131132,Personal Loan,24767,5.41,1,Active,0,2024-07-31
712662,148803,Business Loan,175155,4.84,5,Paid Off,0,2024-11-22
712663,106043,Auto Loan,18550,5.24,5,Defaulted,1,2021-10-24
712664,143547,Business Loan,138824,9.06,5,Defaulted,1,2023-07-25
712665,128912,Auto Loan,35724,3.68,6,Active,0,2025-06-16
712666,144032,Business Loan,51487,5.25,5,Paid Off,0,2022-04-17
712667,100052,Personal Loan,14217,3.81,5,Defaulted,1,2023-06-05
712668,137954,Mortgage,376107,5.61,30,Active,0,2023-07-21
712669,100274,Mortgage,530955,6.6,30,Active,0,2023-06-01
712670,112231,Mortgage,419125,3.57,30,Active,0,2024-01-14
712671,113721,Personal Loan,6636,9.7,5,Active,0,2024-10-17
712672,147340,Personal Loan,2217,6.01,3,Defaulted,1,2022-12-02
712673,108490,Mortgage,502218,11.11,30,Defaulted,1,2022-05-30
712674,143142,Auto Loan,37638,6.34,3,Defaulted,1,2026-05-15
712675,125219,Auto Loan,39704,5.2,3,Paid Off,0,2022-10-26
712676,138951,Auto Loan,44502,11.21,3,Paid Off,0,2025-07-16
712677,121567,Business Loan,90171,5.62,10,Active,0,2026-02-11
712678,102119,Personal Loan,13122,4.38,3,Paid Off,0,2022-03-20
712679,147553,Mortgage,200684,8.87,30,Paid Off,0,2023-07-06
712680,123725,Auto Loan,14142,9.3,3,Paid Off,0,2022-06-17
712681,125603,Mortgage,420440,6.86,30,Paid Off,0,2025-10-06
712682,136283,Business Loan,112890,4.59,10,Active,0,2021-09-11
712683,121197,Mortgage,576121,6.82,30,Paid Off,0,2023-06-18
712684,130433,Auto Loan,21821,10.21,5,Active,0,2026-02-28
712685,134155,Auto Loan,42150,5.67,6,Active,0,2022-02-16
712686,110454,Auto Loan,22145,3.62,5,Paid Off,0,2025-02-09
712687,115621,Mortgage,250646,6.34,30,Active,0,2024-04-06
712688,134509,Business Loan,50371,10.67,10,Paid Off,0,2021-11-27
712689,117987,Business Loan,122534,4.65,5,Active,0,2023-01-04
712690,124597,Auto Loan,55640,5.75,3,Active,0,2025-11-17
712691,105030,Business Loan,185499,5.27,10,Paid Off,0,2022-03-26
712692,134548,Personal Loan,21260,10.13,3,Paid Off,0,2021-09-01
712693,114159,Business Loan,90979,7.54,5,Active,0,2022-08-01
712694,106363,Mortgage,496866,3.94,30,Active,0,2024-04-03
712695,140768,Personal Loan,6382,3.62,1,Paid Off,0,2025-01-14
712696,120643,Auto Loan,36015,7.27,5,Paid Off,0,2026-01-13
712697,115423,Mortgage,168050,6.68,30,Paid Off,0,2023-04-27
712698,149039,Mortgage,520792,9.45,30,Paid Off,0,2024-01-22
712699,121189,Personal Loan,10241,6.24,5,Paid Off,0,2024-06-02
712700,115080,Mortgage,447729,3.73,30,Active,0,2022-06-16
712701,115811,Mortgage,550098,7.08,30,Active,0,2025-09-19
712702,130748,Auto Loan,14071,5.7,5,Active,0,2023-06-18
712703,136991,Auto Loan,17588,6.92,3,Paid Off,0,2025-10-12
712704,141059,Personal Loan,22867,6.99,3,Active,0,2024-08-17
712705,139689,Auto Loan,24796,5.73,5,Paid Off,0,2023-02-27
712706,130315,Mortgage,419919,6.09,30,Paid Off,0,2025-11-26
712707,131041,Auto Loan,12648,3.87,3,Active,0,2021-09-04
712708,127317,Personal Loan,24912,6.87,1,Active,0,2025-09-20
712709,113643,Business Loan,246889,5.1,5,Paid Off,0,2026-03-01
712710,100452,Business Loan,92704,5.2,5,Paid Off,0,2023-11-20
712711,136293,Auto Loan,55696,5.89,6,Paid Off,0,2025-11-27
712712,133102,Mortgage,260847,11.04,30,Active,0,2022-01-12
712713,132416,Personal Loan,22285,5.96,1,Active,0,2021-12-27
712714,111206,Mortgage,435722,6.88,30,Paid Off,0,2025-04-23
712715,111269,Business Loan,41601,9.32,5,Paid Off,0,2022-04-18
712716,141775,Mortgage,497679,10.34,30,Active,0,2023-12-31
712717,129919,Personal Loan,23000,9.78,5,Paid Off,0,2025-03-23
712718,129748,Personal Loan,7614,7.84,5,Paid Off,0,2024-08-04
712719,111690,Personal Loan,6944,11.26,3,Active,0,2023-06-19
712720,128356,Business Loan,78675,10.26,10,Paid Off,0,2025-02-01
712721,112428,Auto Loan,12398,6.75,6,Paid Off,0,2024-02-17
712722,140272,Mortgage,206514,6.58,30,Active,0,2025-08-12
712723,112154,Personal Loan,1243,4.3,1,Defaulted,1,2024-07-24
712724,117248,Mortgage,548489,5.78,30,Active,0,2022-11-02
712725,115010,Auto Loan,33460,11.38,3,Paid Off,0,2022-06-13
712726,101878,Business Loan,198917,9.07,10,Paid Off,0,2025-09-25
712727,133962,Business Loan,135719,3.55,10,Active,0,2026-01-22
712728,122497,Auto Loan,15575,3.97,3,Active,0,2023-10-18
712729,146347,Mortgage,298095,5.24,30,Paid Off,0,2026-02-10
712730,123890,Mortgage,245998,11.35,30,Paid Off,0,2021-08-29
712731,129745,Mortgage,491491,5.18,30,Active,0,2026-03-10
712732,108476,Auto Loan,56350,5.97,5,Paid Off,0,2022-03-21
712733,144992,Business Loan,103422,5.72,5,Defaulted,1,2022-10-21
712734,147798,Personal Loan,23904,5.26,1,Paid Off,0,2022-12-30
712735,131053,Business Loan,108001,10.61,10,Active,0,2022-12-19
712736,142391,Personal Loan,23544,4.93,3,Active,0,2026-02-28
712737,106465,Auto Loan,24813,3.66,5,Active,0,2025-06-13
712738,118527,Business Loan,55440,4.04,5,Paid Off,0,2025-04-29
712739,141812,Business Loan,233233,10.55,10,Active,0,2022-09-19
712740,120779,Business Loan,176596,5.04,5,Active,0,2022-02-11
712741,117697,Auto Loan,12319,5.54,6,Paid Off,0,2024-01-24
712742,102532,Business Loan,88639,11.19,5,Active,0,2023-01-22
712743,143165,Auto Loan,43498,4.14,6,Paid Off,0,2025-04-02
712744,122147,Mortgage,437105,8.2,30,Defaulted,1,2024-09-28
712745,135189,Business Loan,181760,6.16,10,Paid Off,0,2024-04-08
712746,120347,Auto Loan,53312,6.59,5,Active,0,2023-10-31
712747,113254,Mortgage,368004,3.97,30,Active,0,2026-06-29
712748,117162,Personal Loan,2963,10.62,5,Active,0,2022-07-01
712749,148079,Mortgage,549884,8.95,30,Active,0,2024-11-02
712750,123876,Business Loan,97626,5.88,10,Paid Off,0,2023-09-24
712751,133803,Mortgage,373934,5.7,30,Paid Off,0,2022-08-13
712752,140092,Business Loan,201319,5.44,10,Active,0,2022-03-13
712753,112096,Auto Loan,21218,5.07,5,Active,0,2022-05-19
712754,116201,Auto Loan,22282,11.06,5,Paid Off,0,2024-07-20
712755,139406,Mortgage,534736,6.17,30,Active,0,2024-05-06
712756,109588,Mortgage,409794,6.69,30,Paid Off,0,2024-07-23
712757,137987,Mortgage,461914,5.32,30,Paid Off,0,2026-03-05
712758,143143,Mortgage,421343,9.47,30,Paid Off,0,2023-04-03
712759,144911,Personal Loan,10794,5.49,1,Paid Off,0,2026-02-28
712760,100023,Mortgage,345040,4.25,30,Active,0,2026-01-22
712761,139212,Mortgage,242106,6.71,30,Active,0,2023-05-03
712762,141018,Personal Loan,16800,3.71,3,Paid Off,0,2026-04-10
712763,122083,Personal Loan,12060,10.09,1,Paid Off,0,2021-11-30
712764,130271,Business Loan,140907,6.79,5,Paid Off,0,2024-11-28
712765,117247,Auto Loan,51470,5.17,5,Active,0,2022-04-25
712766,109132,Business Loan,113769,4.21,5,Paid Off,0,2026-03-29
712767,136928,Business Loan,205521,7.66,5,Active,0,2026-01-09
712768,102807,Personal Loan,4037,6.2,5,Paid Off,0,2022-08-26
712769,132837,Personal Loan,11186,10.9,5,Active,0,2023-08-16
712770,107328,Mortgage,476414,8.35,30,Paid Off,0,2026-03-21
712771,113941,Personal Loan,24093,10.4,1,Active,0,2023-04-13
712772,149491,Personal Loan,4069,6.12,3,Paid Off,0,2024-11-10
712773,126524,Mortgage,267344,7.48,30,Active,0,2024-05-12
712774,117612,Business Loan,228856,7.58,10,Active,0,2022-07-30
712775,135054,Auto Loan,10178,5.29,6,Paid Off,0,2026-05-17
712776,106875,Personal Loan,13117,4.92,1,Paid Off,0,2024-09-09
712777,106134,Mortgage,268936,3.79,30,Active,0,2024-04-24
712778,105944,Auto Loan,33730,5.55,5,Paid Off,0,2024-01-21
712779,109527,Mortgage,413409,11.54,30,Paid Off,0,2024-05-07
712780,140132,Auto Loan,24852,4.31,6,Paid Off,0,2024-09-03
712781,138074,Auto Loan,11602,6.3,3,Active,0,2023-02-03
712782,119966,Business Loan,124726,5.63,10,Active,0,2022-07-26
712783,127189,Mortgage,477747,3.89,30,Paid Off,0,2024-07-18
712784,106216,Business Loan,154883,4.15,5,Paid Off,0,2024-01-18
712785,141358,Personal Loan,14903,6.55,3,Paid Off,0,2023-07-06
712786,107654,Auto Loan,10525,4.99,5,Active,0,2025-10-20
712787,106442,Business Loan,137286,6.92,10,Paid Off,0,2024-05-30
712788,104508,Business Loan,241341,6.36,10,Active,0,2022-08-28
712789,123344,Auto Loan,14011,8.12,6,Paid Off,0,2023-06-06
712790,103600,Business Loan,195533,5.1,5,Active,0,2023-12-10
712791,114976,Personal Loan,20906,5.73,3,Active,0,2025-06-21
712792,141805,Personal Loan,9459,5.71,3,Active,0,2026-04-19
712793,135921,Personal Loan,15622,4.52,1,Active,0,2024-10-20
712794,116822,Mortgage,543875,5.87,30,Paid Off,0,2021-08-07
712795,106176,Personal Loan,12476,8.56,1,Defaulted,1,2022-08-23
712796,112986,Mortgage,511179,6.35,30,Active,0,2025-01-21
712797,127471,Business Loan,244322,6.39,5,Active,0,2023-02-14
712798,104738,Auto Loan,18824,6.24,6,Active,0,2022-11-26
712799,101512,Business Loan,155837,3.86,5,Active,0,2022-11-13
712800,112843,Auto Loan,10667,9.36,3,Defaulted,1,2022-10-15
712801,109810,Auto Loan,18956,5.53,5,Paid Off,0,2022-12-18
712802,142421,Business Loan,166011,6.64,10,Active,0,2024-07-31
712803,109761,Mortgage,451154,6.41,30,Paid Off,0,2025-11-09
712804,131434,Mortgage,383975,9.06,30,Active,0,2026-07-12
712805,134916,Mortgage,464888,3.88,30,Paid Off,0,2024-11-26
712806,125983,Auto Loan,42712,5.61,6,Active,0,2023-02-12
712807,119295,Auto Loan,58981,5.65,5,Active,0,2023-12-19
712808,119670,Personal Loan,8580,4.94,5,Active,0,2026-03-25
712809,100960,Business Loan,157507,4.8,10,Active,0,2023-01-13
712810,119217,Personal Loan,8425,6.49,1,Paid Off,0,2023-09-23
712811,135543,Auto Loan,40939,11.15,6,Paid Off,0,2025-09-02
712812,141604,Personal Loan,8168,5.97,1,Paid Off,0,2025-01-05
712813,105140,Personal Loan,23230,6.45,5,Paid Off,0,2025-08-11
712814,127108,Mortgage,245553,6.3,30,Paid Off,0,2024-02-20
712815,113301,Personal Loan,19887,11.1,5,Paid Off,0,2023-03-14
712816,102306,Business Loan,182979,6.79,5,Active,0,2025-08-07
712817,142385,Personal Loan,3235,6.38,5,Active,0,2025-05-15
712818,134257,Mortgage,568305,6.92,30,Active,0,2024-03-10
712819,146038,Personal Loan,8358,3.5,5,Paid Off,0,2022-02-08
712820,116840,Personal Loan,15963,6.75,1,Paid Off,0,2026-01-20
712821,101839,Auto Loan,27036,8.04,5,Paid Off,0,2021-08-06
712822,108500,Mortgage,586886,4.97,30,Paid Off,0,2022-02-21
712823,136606,Auto Loan,37187,7.8,3,Paid Off,0,2022-01-19
712824,126980,Personal Loan,13524,10.25,5,Paid Off,0,2024-10-22
712825,120928,Business Loan,41221,6.54,10,Paid Off,0,2022-05-16
712826,101563,Auto Loan,46041,11.95,3,Paid Off,0,2022-08-08
712827,128005,Personal Loan,6672,8.19,3,Active,0,2022-12-30
712828,132759,Personal Loan,10525,6.61,1,Active,0,2024-04-07
712829,113581,Personal Loan,12785,6.2,5,Active,0,2024-07-12
712830,124382,Business Loan,84570,6.44,10,Active,0,2024-11-01
712831,121713,Auto Loan,30609,9.46,5,Paid Off,0,2026-02-11
712832,132824,Auto Loan,47108,5.93,6,Active,0,2024-08-24
712833,135171,Personal Loan,3386,3.89,5,Active,0,2022-06-28
712834,146913,Business Loan,206167,5.16,5,Paid Off,0,2024-07-29
712835,107325,Business Loan,245681,6.72,10,Paid Off,0,2023-08-21
712836,135606,Business Loan,194149,4.46,5,Paid Off,0,2022-06-02
712837,146909,Auto Loan,32879,8.39,6,Paid Off,0,2024-12-03
712838,143586,Mortgage,382177,4.33,30,Paid Off,0,2024-10-19
712839,130072,Personal Loan,8091,6.89,3,Active,0,2025-01-31
712840,119789,Business Loan,236061,11.39,10,Paid Off,0,2026-04-30
712841,125292,Business Loan,140763,5.58,5,Paid Off,0,2023-07-16
712842,116140,Business Loan,29292,5.3,5,Paid Off,0,2021-12-13
712843,140252,Auto Loan,18101,8.65,3,Paid Off,0,2021-12-07
712844,134494,Mortgage,545914,9.21,30,Paid Off,0,2022-11-15
712845,102138,Personal Loan,11017,8.16,5,Active,0,2022-04-28
712846,117641,Auto Loan,46803,7.09,5,Paid Off,0,2023-04-22
712847,114704,Auto Loan,21923,6.53,6,Active,0,2022-09-20
712848,111887,Mortgage,520742,10.56,30,Active,0,2025-01-08
712849,111511,Mortgage,420638,11.43,30,Active,0,2022-08-24
712850,147417,Mortgage,181329,5.7,30,Active,0,2024-05-15
712851,121906,Personal Loan,24463,7.79,5,Paid Off,0,2025-10-01
712852,133634,Business Loan,139676,5.87,10,Paid Off,0,2022-02-27
712853,105643,Mortgage,563514,4.02,30,Paid Off,0,2025-11-29
712854,127154,Business Loan,86917,4.97,5,Paid Off,0,2022-10-28
712855,104020,Mortgage,376285,6.83,30,Paid Off,0,2021-08-23
712856,115864,Personal Loan,12021,10.89,5,Paid Off,0,2022-04-09
712857,107380,Auto Loan,57875,9.16,3,Paid Off,0,2025-07-04
712858,105450,Business Loan,91687,4.83,10,Paid Off,0,2026-05-14
712859,119035,Personal Loan,6351,5.01,1,Paid Off,0,2022-02-07
712860,129216,Auto Loan,56895,8.52,3,Active,0,2021-12-14
712861,131967,Business Loan,54423,6.57,5,Paid Off,0,2026-05-08
712862,107580,Auto Loan,32120,10.1,3,Active,0,2023-02-13
712863,134486,Mortgage,595386,6.48,30,Active,0,2022-02-18
712864,112114,Personal Loan,5462,10.59,3,Paid Off,0,2026-06-22
712865,147351,Auto Loan,21631,3.68,6,Paid Off,0,2024-11-24
712866,142855,Auto Loan,12718,5.62,5,Active,0,2024-03-25
712867,141510,Mortgage,372249,10.43,30,Active,0,2024-07-03
712868,119559,Mortgage,181990,4.68,30,Active,0,2022-10-19
712869,144698,Mortgage,465386,6.51,30,Active,0,2022-10-30
712870,102142,Mortgage,552031,5.91,30,Paid Off,0,2022-11-11
712871,128254,Auto Loan,42797,3.96,3,Active,0,2024-09-11
712872,110264,Personal Loan,24360,6.92,1,Active,0,2023-01-13
712873,120338,Business Loan,223976,5.77,5,Active,0,2026-03-03
712874,102273,Mortgage,513176,6.37,30,Paid Off,0,2025-10-26
712875,121476,Personal Loan,7391,5.96,1,Paid Off,0,2021-08-09
712876,133072,Auto Loan,13506,6.25,3,Paid Off,0,2023-08-14
712877,143152,Auto Loan,52572,6.45,5,Active,0,2022-08-21
712878,111086,Business Loan,157671,7.85,5,Active,0,2025-04-12
712879,115190,Auto Loan,12635,11.36,5,Paid Off,0,2026-01-05
712880,130350,Business Loan,121096,6.2,10,Paid Off,0,2024-11-23
712881,140313,Mortgage,561808,8.85,30,Active,0,2025-01-24
712882,100309,Business Loan,53838,3.93,10,Paid Off,0,2022-12-19
712883,129887,Mortgage,340398,9.02,30,Paid Off,0,2021-12-20
712884,148510,Mortgage,538118,5.97,30,Paid Off,0,2021-10-04
712885,101348,Business Loan,155093,9.23,5,Paid Off,0,2025-07-11
712886,129701,Auto Loan,32522,6.96,6,Paid Off,0,2021-07-22
712887,130674,Mortgage,441783,5.77,30,Active,0,2025-07-08
712888,133253,Auto Loan,59973,9.69,5,Paid Off,0,2024-12-18
712889,141916,Personal Loan,23163,5.39,3,Active,0,2026-03-28
712890,145963,Auto Loan,42875,6.91,5,Active,0,2024-02-08
712891,139160,Auto Loan,34223,4.13,3,Active,0,2025-11-28
712892,112829,Auto Loan,13443,6.23,6,Active,0,2024-10-01
712893,108482,Personal Loan,18364,6.52,3,Active,0,2024-12-01
712894,118512,Auto Loan,35609,10.03,5,Defaulted,1,2022-10-05
712895,104387,Personal Loan,2645,4.9,1,Active,0,2023-03-14
712896,129862,Mortgage,413699,6.83,30,Active,0,2022-11-21
712897,116745,Auto Loan,44459,6.64,3,Paid Off,0,2025-04-05
712898,120692,Mortgage,333319,6.79,30,Active,0,2023-12-21
712899,127814,Auto Loan,14637,3.55,5,Paid Off,0,2022-08-05
712900,122924,Mortgage,531298,5.27,30,Paid Off,0,2022-08-19
712901,103639,Personal Loan,17193,4.87,3,Active,0,2024-08-23
712902,135174,Personal Loan,5587,5.74,3,Active,0,2022-02-09
712903,148488,Auto Loan,29971,6.37,6,Active,0,2021-10-27
712904,139675,Personal Loan,14618,5.86,3,Active,0,2026-03-15
712905,110963,Personal Loan,8749,6.69,3,Paid Off,0,2025-10-19
712906,127267,Business Loan,249147,4.59,5,Defaulted,1,2023-01-15
712907,128291,Auto Loan,53296,7.57,6,Paid Off,0,2022-03-21
712908,116869,Personal Loan,8114,4.42,5,Paid Off,0,2024-08-21
712909,101113,Personal Loan,6101,6.35,1,Defaulted,1,2023-08-16
712910,134711,Personal Loan,1328,7.86,5,Active,0,2023-04-03
712911,124344,Business Loan,211348,9.14,5,Active,0,2022-06-28
712912,121867,Mortgage,489948,4.56,30,Paid Off,0,2024-02-11
712913,129071,Personal Loan,11328,6.58,3,Active,0,2022-10-27
712914,104456,Business Loan,110569,6.9,10,Paid Off,0,2022-05-28
712915,124716,Business Loan,120660,9.18,5,Paid Off,0,2023-07-14
712916,142665,Personal Loan,1768,3.56,3,Paid Off,0,2024-05-12
712917,111082,Auto Loan,59780,4.92,3,Paid Off,0,2023-01-20
712918,113438,Personal Loan,22710,7.92,5,Paid Off,0,2021-10-04
712919,142784,Personal Loan,2339,3.64,3,Paid Off,0,2025-09-25
712920,124043,Auto Loan,38081,6.67,5,Active,0,2022-03-14
712921,142160,Business Loan,136741,8.12,10,Active,0,2026-01-21
712922,120979,Auto Loan,33736,5.89,6,Paid Off,0,2022-04-30
712923,107721,Mortgage,480202,3.82,30,Defaulted,1,2024-12-16
712924,138052,Auto Loan,20043,5.9,3,Active,0,2025-12-23
712925,111126,Business Loan,44963,5.82,5,Active,0,2023-07-01
712926,131715,Auto Loan,24776,7.37,6,Paid Off,0,2023-05-08
712927,127270,Business Loan,114350,11.5,5,Active,0,2026-02-18
712928,120632,Personal Loan,6331,6.48,5,Paid Off,0,2026-05-01
712929,110107,Personal Loan,2037,7.98,1,Active,0,2024-03-03
712930,134026,Auto Loan,40206,10.02,5,Paid Off,0,2026-04-03
712931,121670,Personal Loan,5909,6.43,3,Active,0,2025-10-28
712932,138719,Business Loan,179517,6.52,10,Active,0,2025-03-27
712933,147484,Personal Loan,17309,11.79,1,Paid Off,0,2025-06-09
712934,117532,Business Loan,54490,9.86,10,Paid Off,0,2021-11-08
712935,147275,Mortgage,340912,6.42,30,Paid Off,0,2022-08-02
712936,102091,Mortgage,161557,8.58,30,Paid Off,0,2024-03-21
712937,148939,Personal Loan,11747,3.58,5,Active,0,2023-07-18
712938,138493,Business Loan,75378,5.66,10,Paid Off,0,2025-09-27
712939,122288,Mortgage,446497,5.42,30,Active,0,2023-11-22
712940,132221,Auto Loan,10373,6.59,6,Active,0,2024-03-12
712941,147424,Personal Loan,20014,3.74,3,Paid Off,0,2023-10-10
712942,142271,Personal Loan,4656,4.75,1,Active,0,2022-10-26
712943,125328,Auto Loan,16925,8.16,6,Active,0,2026-02-27
712944,132927,Mortgage,153981,5.02,30,Paid Off,0,2024-08-10
712945,123904,Personal Loan,20181,5.91,1,Active,0,2022-09-30
712946,110065,Mortgage,410148,6.19,30,Active,0,2023-07-09
712947,135484,Auto Loan,16185,9.66,3,Active,0,2025-02-21
712948,115356,Business Loan,32456,6.26,10,Active,0,2023-03-12
712949,104824,Business Loan,35449,5.54,5,Paid Off,0,2024-03-28
712950,127805,Mortgage,423851,4.46,30,Active,0,2025-01-07
712951,129636,Business Loan,127792,6.75,10,Active,0,2022-09-05
712952,146914,Personal Loan,20244,5.03,1,Paid Off,0,2025-11-24
712953,147768,Business Loan,157135,7.73,10,Paid Off,0,2025-12-28
712954,133815,Mortgage,161546,6.81,30,Active,0,2023-04-19
712955,110307,Business Loan,81966,6.28,5,Paid Off,0,2022-05-04
712956,129589,Business Loan,122586,9.37,10,Active,0,2023-09-28
712957,115750,Business Loan,94894,5.38,5,Active,0,2022-03-09
712958,109010,Personal Loan,6398,4.26,1,Paid Off,0,2026-07-02
712959,106456,Auto Loan,50774,4.39,3,Active,0,2026-04-22
712960,141454,Auto Loan,46135,4.82,6,Paid Off,0,2024-09-05
712961,120212,Personal Loan,12324,4.16,5,Paid Off,0,2025-09-22
712962,107579,Business Loan,192292,3.67,5,Paid Off,0,2025-03-02
712963,122171,Mortgage,278126,6.83,30,Active,0,2021-10-12
712964,130730,Mortgage,507517,11.39,30,Active,0,2022-11-23
712965,136269,Personal Loan,22333,6.43,1,Active,0,2022-12-30
712966,128012,Mortgage,514918,3.55,30,Active,0,2022-11-27
712967,135559,Auto Loan,27815,10.08,6,Paid Off,0,2023-07-15
712968,104592,Auto Loan,28498,8.93,5,Paid Off,0,2024-04-06
712969,107388,Business Loan,123573,9.29,10,Active,0,2021-11-17
712970,144988,Auto Loan,56104,4.62,3,Active,0,2023-05-22
712971,106330,Personal Loan,16503,6.17,1,Active,0,2023-04-11
712972,108426,Personal Loan,10991,5.61,3,Paid Off,0,2023-05-01
712973,100768,Auto Loan,36771,10.07,6,Active,0,2026-05-24
712974,121018,Personal Loan,2512,6.32,3,Paid Off,0,2025-06-09
712975,133790,Personal Loan,12753,10.79,3,Paid Off,0,2023-07-02
712976,137431,Personal Loan,4784,4.69,3,Paid Off,0,2022-11-08
712977,141740,Auto Loan,13220,4.13,5,Active,0,2025-06-12
712978,143865,Business Loan,221234,6.92,5,Paid Off,0,2024-09-25
712979,134665,Personal Loan,18612,6.79,3,Paid Off,0,2026-01-04
712980,142163,Personal Loan,18379,8.34,3,Paid Off,0,2024-05-08
712981,144378,Mortgage,443684,3.59,30,Paid Off,0,2026-05-02
712982,143078,Mortgage,400287,4.18,30,Paid Off,0,2026-01-23
712983,128269,Auto Loan,47645,10.64,3,Active,0,2024-01-24
712984,135297,Personal Loan,23497,6.18,5,Paid Off,0,2025-05-03
712985,113124,Personal Loan,13391,4.17,1,Active,0,2024-05-03
712986,113694,Mortgage,190717,6.37,30,Paid Off,0,2023-01-12
712987,107720,Personal Loan,14428,7.45,3,Paid Off,0,2025-09-12
712988,109330,Business Loan,178187,11.41,5,Paid Off,0,2026-01-05
712989,135802,Personal Loan,3274,3.66,3,Paid Off,0,2022-05-01
712990,114001,Auto Loan,46917,4.37,3,Active,0,2023-12-21
712991,128990,Mortgage,436273,11.54,30,Active,0,2022-11-14
712992,121100,Mortgage,349036,10.56,30,Active,0,2025-02-02
712993,115297,Auto Loan,34172,5.18,6,Active,0,2023-02-26
712994,117102,Mortgage,563692,5.54,30,Paid Off,0,2023-05-21
712995,113032,Personal Loan,21349,9.24,1,Paid Off,0,2025-08-19
712996,146181,Auto Loan,48398,3.56,5,Active,0,2023-08-02
712997,138593,Mortgage,552996,5.91,30,Active,0,2026-01-05
712998,120664,Mortgage,529278,4.76,30,Active,0,2026-01-28
712999,132902,Auto Loan,48939,5.37,5,Active,0,2022-12-10
713000,143754,Personal Loan,24340,5.94,1,Defaulted,1,2024-05-05
713001,107755,Personal Loan,16703,6.61,3,Paid Off,0,2024-01-23
713002,146177,Personal Loan,13902,9.35,3,Paid Off,0,2022-06-07
713003,143538,Auto Loan,54094,5.29,3,Active,0,2023-11-30
713004,144484,Personal Loan,17561,6.81,1,Active,0,2021-11-30
713005,115145,Mortgage,299093,6.73,30,Paid Off,0,2025-05-24
713006,143407,Business Loan,110346,5.74,5,Paid Off,0,2024-09-25
713007,149343,Auto Loan,47256,9.1,3,Active,0,2025-07-03
713008,123768,Personal Loan,13936,5.88,1,Active,0,2025-11-29
713009,109974,Personal Loan,17945,4.19,5,Active,0,2024-08-17
713010,127297,Auto Loan,58215,3.55,5,Active,0,2024-12-24
713011,146650,Auto Loan,49887,6.88,6,Paid Off,0,2023-07-19
713012,124562,Auto Loan,44908,3.97,6,Active,0,2021-08-15
713013,124865,Mortgage,326861,3.61,30,Paid Off,0,2024-02-03
713014,100623,Mortgage,268361,5.42,30,Active,0,2021-09-17
713015,109281,Auto Loan,32531,4.39,6,Paid Off,0,2025-07-15
713016,113363,Business Loan,226469,10.1,5,Paid Off,0,2025-08-03
713017,117079,Business Loan,208181,11.34,5,Active,0,2023-02-25
713018,102408,Business Loan,102994,4.35,5,Active,0,2021-10-09
713019,122583,Personal Loan,20914,5.43,3,Active,0,2021-09-22
713020,100342,Mortgage,446576,7.04,30,Paid Off,0,2025-03-11
713021,141947,Mortgage,452748,7.96,30,Paid Off,0,2022-04-04
713022,131168,Business Loan,112402,5.7,10,Paid Off,0,2023-03-23
713023,140905,Personal Loan,12249,6.0,5,Active,0,2023-08-05
713024,132285,Personal Loan,4074,9.47,3,Active,0,2023-07-01
713025,130018,Auto Loan,42795,9.07,3,Active,0,2023-08-03
713026,130905,Personal Loan,15595,6.41,3,Paid Off,0,2025-08-05
713027,120487,Business Loan,80373,4.26,5,Paid Off,0,2024-11-29
713028,115889,Mortgage,249385,8.46,30,Paid Off,0,2024-01-17
713029,107685,Auto Loan,31503,10.45,6,Active,0,2025-08-17
713030,140346,Business Loan,175859,9.32,5,Active,0,2024-04-06
713031,119986,Auto Loan,58807,7.62,5,Active,0,2025-12-21
713032,137424,Personal Loan,14578,7.23,5,Active,0,2025-02-16
713033,144337,Personal Loan,3135,4.69,1,Paid Off,0,2026-06-21
713034,128403,Business Loan,57481,5.92,5,Paid Off,0,2024-03-06
713035,107665,Personal Loan,13660,4.37,3,Active,0,2021-08-22
713036,116594,Personal Loan,8798,11.87,1,Paid Off,0,2025-08-30
713037,131043,Mortgage,482442,8.92,30,Active,0,2022-05-09
713038,118086,Personal Loan,9397,5.67,3,Paid Off,0,2023-07-02
713039,118894,Business Loan,104820,5.47,5,Active,0,2026-02-01
713040,147872,Auto Loan,44039,6.38,6,Active,0,2025-07-21
713041,132929,Mortgage,541841,10.47,30,Active,0,2024-09-28
713042,145400,Personal Loan,8155,7.78,1,Active,0,2025-09-04
713043,143921,Auto Loan,51678,3.53,5,Paid Off,0,2024-06-14
713044,113713,Auto Loan,14270,6.06,6,Active,0,2021-09-29
713045,133495,Personal Loan,10895,6.19,1,Active,0,2023-06-16
713046,123024,Personal Loan,5652,10.24,5,Paid Off,0,2022-03-27
713047,136834,Personal Loan,18401,7.29,3,Active,0,2025-03-06
713048,102960,Personal Loan,19610,7.41,3,Defaulted,1,2024-08-21
713049,126845,Personal Loan,6240,5.32,3,Paid Off,0,2026-05-02
713050,127357,Business Loan,88668,6.44,5,Paid Off,0,2026-04-11
713051,136579,Auto Loan,40718,6.46,5,Paid Off,0,2024-07-26
713052,147509,Mortgage,598441,5.8,30,Paid Off,0,2025-04-06
713053,111551,Auto Loan,43665,7.41,3,Paid Off,0,2025-07-07
713054,113867,Personal Loan,5736,3.92,1,Active,0,2025-01-23
713055,148020,Personal Loan,5272,3.51,1,Active,0,2024-03-25
713056,108467,Personal Loan,9722,4.36,3,Paid Off,0,2026-04-15
713057,135935,Auto Loan,40601,4.95,3,Active,0,2023-09-10
713058,117109,Business Loan,235261,6.8,5,Paid Off,0,2024-03-14
713059,149979,Personal Loan,16607,6.32,1,Active,0,2024-05-04
713060,105860,Mortgage,384545,6.05,30,Paid Off,0,2022-04-22
713061,111364,Mortgage,376247,8.03,30,Active,0,2026-06-21
713062,118063,Business Loan,218187,6.77,5,Active,0,2021-10-05
713063,115937,Business Loan,86715,5.24,10,Active,0,2023-03-24
713064,101277,Mortgage,215879,5.3,30,Paid Off,0,2024-09-10
713065,113139,Mortgage,349280,4.32,30,Paid Off,0,2025-11-19
713066,136922,Mortgage,477153,6.64,30,Paid Off,0,2025-05-24
713067,110765,Business Loan,207958,5.57,5,Paid Off,0,2025-10-23
713068,133014,Personal Loan,2201,8.44,1,Paid Off,0,2023-07-08
713069,140746,Auto Loan,14926,5.85,6,Defaulted,1,2024-02-06
713070,108975,Personal Loan,5460,6.85,1,Active,0,2023-06-23
713071,103106,Business Loan,71655,4.0,10,Active,0,2024-05-08
713072,111128,Mortgage,370286,3.83,30,Defaulted,1,2026-07-13
713073,138079,Personal Loan,8042,9.02,3,Defaulted,1,2024-11-06
713074,102676,Business Loan,157542,6.2,5,Active,0,2023-01-01
713075,144872,Business Loan,76150,6.32,5,Paid Off,0,2022-04-17
713076,138489,Business Loan,167809,4.53,10,Paid Off,0,2025-05-14
713077,114314,Auto Loan,34157,4.6,5,Paid Off,0,2024-05-25
713078,122103,Auto Loan,22485,5.62,3,Paid Off,0,2023-08-16
713079,143064,Business Loan,183321,7.1,5,Paid Off,0,2025-05-25
713080,134276,Personal Loan,18690,9.41,5,Paid Off,0,2026-06-03
713081,120869,Mortgage,249654,10.03,30,Active,0,2021-09-08
713082,122248,Auto Loan,26645,3.7,5,Defaulted,1,2022-03-19
713083,126429,Auto Loan,35927,7.5,5,Paid Off,0,2024-02-18
713084,113310,Personal Loan,12519,5.99,3,Paid Off,0,2022-08-07
713085,118463,Business Loan,111955,4.36,5,Paid Off,0,2023-02-16
713086,109750,Mortgage,324000,10.5,30,Paid Off,0,2023-03-14
713087,114431,Auto Loan,19961,6.65,6,Active,0,2023-11-05
713088,120938,Auto Loan,36609,8.15,3,Active,0,2024-08-19
713089,140117,Auto Loan,10752,8.17,3,Paid Off,0,2022-07-31
713090,111963,Mortgage,331762,4.67,30,Active,0,2022-09-04
713091,134078,Business Loan,213686,11.4,5,Paid Off,0,2025-09-11
713092,102758,Business Loan,135001,6.5,10,Paid Off,0,2021-08-15
713093,149077,Personal Loan,21866,4.71,1,Paid Off,0,2024-05-12
713094,146969,Mortgage,292215,11.58,30,Active,0,2022-06-06
713095,124987,Auto Loan,54425,11.43,6,Active,0,2022-09-29
713096,122919,Business Loan,164899,10.56,10,Active,0,2023-05-12
713097,107724,Personal Loan,12513,6.86,5,Active,0,2023-10-15
713098,138958,Mortgage,586561,4.48,30,Active,0,2026-02-23
713099,101411,Personal Loan,5394,6.24,5,Paid Off,0,2024-11-07
713100,115020,Personal Loan,6643,6.59,1,Defaulted,1,2024-06-19
713101,104639,Business Loan,100349,5.12,5,Paid Off,0,2022-05-12
713102,135290,Business Loan,162270,3.69,10,Active,0,2023-04-28
713103,127779,Business Loan,27973,4.79,5,Paid Off,0,2024-10-23
713104,148644,Mortgage,424450,6.11,30,Active,0,2023-11-24
713105,107606,Business Loan,143385,9.55,10,Paid Off,0,2026-03-13
713106,136571,Business Loan,230086,11.03,10,Active,0,2025-05-17
713107,122618,Mortgage,299467,6.74,30,Active,0,2021-08-31
713108,129889,Business Loan,198041,8.69,10,Active,0,2023-09-04
713109,121992,Mortgage,319276,11.28,30,Paid Off,0,2022-12-08
713110,104526,Mortgage,582588,3.69,30,Paid Off,0,2024-07-22
713111,113172,Personal Loan,24562,5.2,3,Active,0,2022-09-03
713112,111710,Business Loan,198578,4.44,10,Active,0,2023-12-24
713113,122059,Auto Loan,17010,4.12,6,Active,0,2022-07-26
713114,135006,Mortgage,186274,7.66,30,Active,0,2021-07-20
713115,136089,Auto Loan,52933,9.18,6,Paid Off,0,2024-06-02
713116,147026,Mortgage,598280,10.45,30,Active,0,2026-03-23
713117,100741,Personal Loan,20406,5.12,5,Active,0,2025-12-09
713118,109052,Auto Loan,58374,4.32,3,Paid Off,0,2022-10-10
713119,126275,Business Loan,41025,9.38,10,Paid Off,0,2023-10-12
713120,132914,Personal Loan,22455,9.41,3,Defaulted,1,2022-01-25
713121,112574,Personal Loan,9373,6.2,3,Paid Off,0,2021-12-07
713122,109641,Personal Loan,18459,5.99,3,Paid Off,0,2025-10-12
713123,126371,Mortgage,459894,5.82,30,Paid Off,0,2021-10-09
713124,125404,Mortgage,453096,5.17,30,Active,0,2022-09-18
713125,108165,Auto Loan,28541,5.54,5,Active,0,2022-12-31
713126,128447,Business Loan,227910,5.87,10,Paid Off,0,2026-04-11
713127,120920,Business Loan,84377,5.85,5,Paid Off,0,2021-08-12
713128,146570,Auto Loan,44425,6.05,3,Paid Off,0,2022-11-12
713129,110458,Auto Loan,20050,5.55,3,Paid Off,0,2024-10-30
713130,112918,Personal Loan,20901,5.05,1,Active,0,2024-03-02
713131,115593,Mortgage,294634,6.8,30,Active,0,2022-09-22
713132,123520,Auto Loan,44922,3.96,6,Defaulted,1,2023-10-20
713133,138224,Business Loan,73601,4.72,5,Paid Off,0,2023-03-04
713134,133569,Business Loan,247495,5.62,5,Active,0,2022-07-19
713135,130700,Mortgage,256780,10.9,30,Paid Off,0,2023-05-28
713136,111509,Auto Loan,41411,8.84,3,Active,0,2021-09-17
713137,130301,Business Loan,172437,8.8,10,Active,0,2024-05-23
713138,137322,Business Loan,51797,7.31,5,Paid Off,0,2026-03-28
713139,135500,Mortgage,161224,3.52,30,Paid Off,0,2023-03-23
713140,130619,Mortgage,539893,3.5,30,Paid Off,0,2026-02-19
713141,120477,Mortgage,420001,6.51,30,Paid Off,0,2023-12-05
713142,107152,Personal Loan,3108,4.03,3,Paid Off,0,2023-11-09
713143,132137,Business Loan,248660,4.78,10,Paid Off,0,2023-04-19
713144,136494,Auto Loan,35630,6.37,5,Active,0,2024-07-20
713145,130514,Business Loan,173036,4.93,10,Active,0,2024-09-23
713146,139669,Auto Loan,38977,8.83,5,Paid Off,0,2026-01-09
713147,127145,Mortgage,439634,8.08,30,Paid Off,0,2023-04-29
713148,133851,Business Loan,142377,9.4,5,Paid Off,0,2025-02-27
713149,142972,Auto Loan,15051,7.41,3,Defaulted,1,2022-08-14
713150,116680,Business Loan,235301,5.63,5,Paid Off,0,2024-12-19
713151,140833,Business Loan,170791,5.36,10,Active,0,2025-07-08
713152,127017,Business Loan,91747,4.81,5,Paid Off,0,2024-04-19
713153,149672,Mortgage,302212,9.46,30,Active,0,2024-07-04
713154,113256,Mortgage,217878,5.68,30,Paid Off,0,2023-07-22
713155,107873,Mortgage,235361,11.09,30,Active,0,2024-07-25
713156,104202,Personal Loan,9012,6.77,1,Active,0,2023-10-08
713157,102239,Mortgage,181162,9.48,30,Active,0,2022-09-20
713158,122602,Personal Loan,4589,5.61,3,Paid Off,0,2025-03-04
713159,101221,Mortgage,443692,4.61,30,Paid Off,0,2026-07-07
713160,101412,Personal Loan,17398,3.55,3,Active,0,2024-10-16
713161,134632,Personal Loan,23272,5.03,3,Paid Off,0,2021-11-17
713162,123105,Business Loan,169727,6.41,10,Paid Off,0,2024-10-22
713163,106612,Personal Loan,10392,3.92,3,Paid Off,0,2023-09-16
713164,119478,Personal Loan,12799,4.84,1,Paid Off,0,2025-12-03
713165,105679,Mortgage,170434,5.37,30,Paid Off,0,2022-09-27
713166,103560,Personal Loan,11477,5.65,3,Active,0,2023-03-04
713167,109836,Business Loan,198821,4.6,10,Active,0,2023-10-24
713168,144534,Mortgage,304524,4.78,30,Paid Off,0,2023-01-25
713169,106186,Personal Loan,1024,6.89,1,Paid Off,0,2022-02-13
713170,114366,Mortgage,312189,5.59,30,Active,0,2024-08-13
713171,138482,Personal Loan,7992,6.37,1,Defaulted,1,2022-05-01
713172,129641,Business Loan,126107,6.2,10,Defaulted,1,2022-06-25
713173,105878,Personal Loan,22627,7.37,3,Paid Off,0,2023-02-10
713174,144747,Mortgage,253472,7.88,30,Defaulted,1,2022-03-12
713175,122303,Auto Loan,38380,6.0,5,Paid Off,0,2022-09-29
713176,127807,Personal Loan,7077,11.65,3,Paid Off,0,2025-02-10
713177,134368,Personal Loan,9873,6.31,3,Paid Off,0,2025-04-27
713178,124540,Personal Loan,20286,10.14,1,Paid Off,0,2023-06-27
713179,104097,Mortgage,159439,11.85,30,Paid Off,0,2025-11-13
713180,136836,Mortgage,216493,5.96,30,Active,0,2021-07-23
713181,119854,Personal Loan,19334,5.79,1,Active,0,2023-09-29
713182,117811,Business Loan,98725,4.61,5,Active,0,2022-01-09
713183,144581,Business Loan,203508,4.58,10,Active,0,2024-09-25
713184,130719,Personal Loan,3378,8.09,1,Defaulted,1,2024-03-15
713185,146575,Personal Loan,12612,5.28,3,Defaulted,1,2023-10-29
713186,106871,Personal Loan,4612,6.78,5,Active,0,2023-01-26
713187,140896,Personal Loan,21780,6.44,1,Active,0,2023-10-11
713188,109959,Business Loan,55985,5.34,5,Active,0,2022-04-07
713189,108231,Mortgage,374684,11.97,30,Paid Off,0,2025-09-09
713190,147942,Business Loan,129803,4.0,5,Active,0,2021-10-06
713191,114585,Personal Loan,18543,4.28,1,Active,0,2025-04-22
713192,119242,Business Loan,233440,4.38,10,Active,0,2023-12-11
713193,111641,Business Loan,119208,10.16,10,Paid Off,0,2026-05-19
713194,144290,Mortgage,330249,3.91,30,Active,0,2023-07-23
713195,103635,Personal Loan,21549,6.54,1,Paid Off,0,2024-09-16
713196,103096,Mortgage,385778,4.41,30,Active,0,2022-12-30
713197,126743,Auto Loan,44525,6.66,5,Paid Off,0,2024-06-09
713198,126117,Mortgage,325626,3.75,30,Active,0,2021-09-22
713199,145815,Business Loan,196773,5.19,10,Active,0,2021-09-24
713200,102376,Personal Loan,10093,6.85,5,Paid Off,0,2025-10-22
713201,120571,Auto Loan,13787,3.94,3,Paid Off,0,2021-11-07
713202,148653,Mortgage,424666,3.75,30,Paid Off,0,2026-01-03
713203,113966,Auto Loan,48713,6.87,3,Active,0,2022-11-01
713204,130000,Business Loan,44271,5.98,5,Active,0,2025-01-08
713205,116621,Personal Loan,18150,4.11,3,Paid Off,0,2024-12-13
713206,128397,Business Loan,58296,7.76,10,Active,0,2025-02-08
713207,120744,Business Loan,247685,6.98,10,Paid Off,0,2025-12-07
713208,108450,Business Loan,48891,10.59,5,Paid Off,0,2024-10-14
713209,104514,Personal Loan,16549,4.99,3,Active,0,2023-04-13
713210,140911,Personal Loan,17085,10.2,5,Paid Off,0,2026-05-02
713211,140208,Personal Loan,9128,6.95,5,Active,0,2022-06-18
713212,106914,Auto Loan,55360,4.1,5,Paid Off,0,2025-11-26
713213,145717,Mortgage,563648,5.65,30,Active,0,2021-08-18
713214,138418,Personal Loan,17353,9.01,3,Paid Off,0,2024-04-16
713215,127778,Auto Loan,46844,5.62,6,Defaulted,1,2022-08-18
713216,132358,Auto Loan,49196,3.51,5,Active,0,2026-02-08
713217,125782,Mortgage,447078,3.7,30,Paid Off,0,2021-09-17
713218,143627,Auto Loan,40537,3.98,6,Paid Off,0,2025-01-09
713219,111104,Personal Loan,6265,4.16,1,Active,0,2021-09-26
713220,149797,Auto Loan,44506,6.96,3,Paid Off,0,2021-08-24
713221,129797,Personal Loan,14191,5.73,1,Active,0,2025-05-28
713222,104342,Personal Loan,21448,3.59,5,Paid Off,0,2023-06-21
713223,137039,Auto Loan,42891,7.49,5,Active,0,2021-12-09
713224,142545,Personal Loan,20585,3.61,3,Paid Off,0,2023-12-27
713225,128300,Auto Loan,55123,7.88,3,Paid Off,0,2024-02-24
713226,123153,Mortgage,430670,6.55,30,Active,0,2024-05-18
713227,104998,Mortgage,481509,8.78,30,Defaulted,1,2022-08-25
713228,142041,Mortgage,486622,4.02,30,Paid Off,0,2023-07-31
713229,124598,Auto Loan,52496,5.61,3,Active,0,2023-03-15
713230,120259,Business Loan,74288,6.88,10,Paid Off,0,2026-05-15
713231,106898,Personal Loan,17912,7.91,1,Paid Off,0,2024-05-05
713232,130097,Auto Loan,30277,5.3,6,Paid Off,0,2022-07-27
713233,113019,Personal Loan,20639,5.6,1,Paid Off,0,2023-09-07
713234,145479,Personal Loan,18286,5.05,1,Active,0,2021-08-18
713235,114916,Business Loan,98826,6.44,5,Active,0,2026-03-29
713236,136364,Personal Loan,17530,8.19,1,Defaulted,1,2024-05-09
713237,128843,Mortgage,599665,3.81,30,Active,0,2023-07-13
713238,130430,Mortgage,424854,5.16,30,Paid Off,0,2025-11-28
713239,119537,Auto Loan,40493,6.99,5,Active,0,2026-01-10
713240,144925,Mortgage,283003,5.73,30,Paid Off,0,2023-10-10
713241,148141,Auto Loan,56017,9.85,6,Paid Off,0,2026-06-07
713242,117844,Business Loan,129388,9.87,5,Paid Off,0,2021-10-28
713243,126051,Mortgage,449403,6.99,30,Active,0,2023-04-01
713244,140095,Auto Loan,59940,6.55,3,Active,0,2024-05-01
713245,128837,Personal Loan,13278,3.63,1,Active,0,2026-02-21
713246,148981,Mortgage,207373,7.96,30,Paid Off,0,2022-01-17
713247,107722,Business Loan,33549,4.65,10,Paid Off,0,2022-09-01
713248,113793,Mortgage,558613,7.88,30,Paid Off,0,2025-07-03
713249,101357,Mortgage,595804,5.31,30,Paid Off,0,2024-11-08
713250,126615,Business Loan,25774,11.81,5,Active,0,2024-05-24
713251,102525,Mortgage,468020,10.48,30,Paid Off,0,2024-10-29
713252,141215,Personal Loan,2621,5.31,1,Active,0,2025-12-23
713253,109027,Mortgage,347328,6.71,30,Active,0,2025-10-22
713254,140422,Personal Loan,7531,4.89,5,Paid Off,0,2024-12-27
713255,115497,Personal Loan,17847,8.56,1,Active,0,2022-11-03
713256,132965,Auto Loan,58204,7.91,6,Active,0,2024-04-28
713257,113802,Business Loan,107027,5.16,10,Paid Off,0,2023-12-25
713258,119293,Business Loan,197698,5.43,5,Paid Off,0,2021-07-24
713259,135829,Personal Loan,24560,5.15,1,Active,0,2024-05-23
713260,122069,Business Loan,171414,4.29,5,Paid Off,0,2025-10-13
713261,120038,Mortgage,458240,10.42,30,Paid Off,0,2025-08-22
713262,133016,Auto Loan,22627,3.94,6,Paid Off,0,2021-12-13
713263,131584,Business Loan,198426,6.94,10,Paid Off,0,2021-09-12
713264,128877,Mortgage,502266,8.34,30,Paid Off,0,2025-02-27
713265,120444,Business Loan,151991,5.69,5,Active,0,2026-06-16
713266,142251,Personal Loan,4775,10.29,3,Active,0,2022-09-07
713267,145859,Personal Loan,6015,7.61,1,Defaulted,1,2021-08-21
713268,111847,Personal Loan,7002,6.79,1,Active,0,2021-11-30
713269,144935,Personal Loan,13825,7.33,3,Paid Off,0,2025-11-15
713270,111810,Mortgage,198553,6.85,30,Active,0,2025-03-19
713271,122020,Mortgage,363771,5.42,30,Paid Off,0,2023-11-21
713272,128966,Mortgage,374858,6.67,30,Active,0,2021-11-04
713273,120867,Personal Loan,21768,4.15,3,Paid Off,0,2026-04-08
713274,108133,Mortgage,315937,9.73,30,Paid Off,0,2026-03-28
713275,105306,Personal Loan,6197,5.79,1,Active,0,2021-10-15
713276,102577,Business Loan,152697,4.7,5,Paid Off,0,2023-08-02
713277,136084,Business Loan,98343,4.93,10,Paid Off,0,2021-12-16
713278,139302,Mortgage,249414,11.14,30,Paid Off,0,2023-03-22
713279,122351,Auto Loan,53401,6.99,6,Paid Off,0,2026-07-06
713280,128331,Personal Loan,21488,3.86,1,Paid Off,0,2025-10-11
713281,116358,Personal Loan,14601,5.01,3,Active,0,2025-06-15
713282,112681,Business Loan,73610,6.85,10,Active,0,2023-10-16
713283,107978,Business Loan,242757,6.98,10,Active,0,2022-10-31
713284,116123,Business Loan,51504,4.75,5,Paid Off,0,2025-04-23
713285,105421,Auto Loan,27236,6.65,6,Paid Off,0,2024-07-16
713286,131360,Business Loan,225842,6.05,5,Active,0,2026-04-01
713287,118714,Personal Loan,19300,6.88,1,Paid Off,0,2022-12-18
713288,108982,Personal Loan,15205,4.62,3,Paid Off,0,2022-01-04
713289,103998,Mortgage,297003,6.51,30,Paid Off,0,2023-11-17
713290,128875,Personal Loan,23533,3.99,3,Active,0,2023-01-30
713291,107409,Business Loan,154356,6.1,10,Active,0,2026-04-24
713292,137769,Personal Loan,9520,5.67,5,Defaulted,1,2022-11-26
713293,100251,Mortgage,407290,5.56,30,Paid Off,0,2024-03-09
713294,148022,Auto Loan,47675,3.92,6,Active,0,2025-12-11
713295,143963,Mortgage,399412,9.38,30,Paid Off,0,2022-01-24
713296,139491,Personal Loan,12737,6.78,1,Active,0,2024-11-25
713297,104819,Personal Loan,21167,11.26,5,Active,0,2021-08-09
713298,137775,Personal Loan,11459,3.62,1,Active,0,2022-11-02
713299,120283,Personal Loan,12174,11.73,5,Paid Off,0,2024-07-21
713300,130145,Business Loan,208682,3.65,10,Active,0,2024-11-06
713301,122871,Auto Loan,13028,8.19,6,Active,0,2022-01-07
713302,107845,Mortgage,528068,11.82,30,Paid Off,0,2021-11-23
713303,124481,Auto Loan,45324,4.3,5,Active,0,2022-03-25
713304,133469,Mortgage,452460,4.92,30,Active,0,2023-05-13
713305,123591,Business Loan,219516,11.44,5,Paid Off,0,2023-09-06
713306,110261,Personal Loan,3904,9.55,1,Active,0,2022-04-29
713307,108860,Business Loan,193540,6.16,10,Active,0,2023-01-16
713308,131636,Personal Loan,22428,10.34,5,Active,0,2022-03-10
713309,118729,Auto Loan,18494,5.51,5,Paid Off,0,2024-03-21
713310,146201,Mortgage,333878,6.03,30,Active,0,2022-04-28
713311,144841,Business Loan,247483,4.71,5,Paid Off,0,2022-07-21
713312,142497,Business Loan,192890,9.85,5,Paid Off,0,2022-06-28
713313,100542,Personal Loan,22598,5.87,5,Active,0,2026-02-23
713314,119821,Personal Loan,5069,3.9,3,Active,0,2024-01-08
713315,103852,Personal Loan,2358,9.84,1,Active,0,2024-04-24
713316,136270,Mortgage,205780,9.66,30,Active,0,2023-09-25
713317,135380,Personal Loan,16567,6.09,1,Defaulted,1,2026-07-07
713318,106002,Personal Loan,8244,6.74,3,Paid Off,0,2021-11-23
713319,132199,Auto Loan,58544,4.14,3,Paid Off,0,2022-08-16
713320,105198,Mortgage,450967,6.75,30,Active,0,2022-01-16
713321,142475,Auto Loan,15225,3.73,6,Active,0,2026-01-08
713322,143324,Auto Loan,11434,3.98,5,Paid Off,0,2025-08-08
713323,108354,Mortgage,560776,7.48,30,Paid Off,0,2025-03-05
713324,122913,Auto Loan,19880,6.98,6,Active,0,2023-08-25
713325,140622,Personal Loan,13862,11.4,5,Active,0,2024-10-17
713326,121594,Business Loan,133095,11.34,5,Active,0,2022-12-31
713327,146686,Business Loan,45849,5.93,10,Active,0,2022-09-29
713328,112027,Business Loan,107603,8.38,10,Paid Off,0,2024-03-21
713329,143683,Business Loan,186451,6.49,10,Active,0,2024-04-24
713330,130419,Business Loan,201262,3.63,10,Active,0,2024-07-01
713331,119603,Auto Loan,21019,3.89,3,Active,0,2025-11-09
713332,120168,Auto Loan,34057,5.2,6,Active,0,2022-05-10
713333,114341,Personal Loan,21189,6.62,1,Active,0,2025-01-11
713334,118664,Auto Loan,55703,9.7,3,Active,0,2022-05-25
713335,140528,Auto Loan,12028,5.98,3,Paid Off,0,2024-03-14
713336,146366,Mortgage,325512,3.53,30,Active,0,2022-10-05
713337,129935,Business Loan,118403,5.85,10,Paid Off,0,2022-12-08
713338,119412,Mortgage,190635,5.01,30,Active,0,2022-05-11
713339,122037,Personal Loan,17679,5.19,1,Active,0,2024-08-11
713340,106326,Mortgage,284969,10.67,30,Active,0,2023-06-01
713341,147980,Business Loan,32645,5.5,10,Paid Off,0,2023-01-04
713342,128802,Personal Loan,9890,8.39,5,Active,0,2024-02-19
713343,140797,Personal Loan,8249,6.85,1,Defaulted,1,2025-05-01
713344,102917,Auto Loan,19061,5.17,6,Active,0,2022-02-18
713345,102229,Business Loan,132029,9.44,5,Active,0,2023-06-29
713346,120023,Auto Loan,48546,5.88,6,Active,0,2025-12-08
713347,139789,Business Loan,181572,4.9,5,Active,0,2026-06-05
713348,107963,Auto Loan,37510,5.3,6,Paid Off,0,2024-07-02
713349,145928,Mortgage,163754,5.38,30,Active,0,2022-11-23
713350,141250,Personal Loan,16299,4.86,3,Paid Off,0,2024-11-22
713351,107744,Mortgage,231013,6.08,30,Active,0,2023-08-02
713352,148342,Auto Loan,18572,5.97,5,Paid Off,0,2025-02-10
713353,147115,Business Loan,139647,5.92,10,Active,0,2024-11-05
713354,135702,Mortgage,191635,8.78,30,Paid Off,0,2025-10-30
713355,114068,Mortgage,272931,4.55,30,Active,0,2023-12-21
713356,116276,Mortgage,152890,4.83,30,Active,0,2023-02-03
713357,105654,Personal Loan,13603,11.15,1,Paid Off,0,2026-07-15
713358,103779,Business Loan,121760,6.13,10,Paid Off,0,2024-12-10
713359,110522,Mortgage,163114,5.63,30,Active,0,2025-03-03
713360,140514,Mortgage,414920,10.33,30,Paid Off,0,2022-06-16
713361,103344,Auto Loan,54147,6.56,3,Paid Off,0,2023-10-23
713362,123646,Personal Loan,21447,8.86,3,Paid Off,0,2025-05-03
713363,119683,Personal Loan,24914,5.99,1,Active,0,2024-09-01
713364,115024,Auto Loan,13121,9.96,3,Paid Off,0,2024-03-20
713365,110480,Auto Loan,43092,11.59,3,Active,0,2022-12-04
713366,135255,Auto Loan,46356,3.82,6,Paid Off,0,2022-11-18
713367,124004,Business Loan,158837,6.46,10,Active,0,2022-10-11
713368,115132,Business Loan,104744,7.51,5,Active,0,2025-05-12
713369,117722,Auto Loan,15471,6.24,5,Active,0,2022-05-18
713370,121813,Personal Loan,23907,4.99,1,Paid Off,0,2025-10-10
713371,121979,Business Loan,27842,11.6,5,Paid Off,0,2022-04-17
713372,117483,Auto Loan,38403,8.65,5,Paid Off,0,2024-05-16
713373,128197,Personal Loan,10596,5.82,1,Paid Off,0,2021-09-15
713374,106633,Auto Loan,47584,4.51,6,Paid Off,0,2023-06-11
713375,100313,Personal Loan,19835,3.56,5,Active,0,2026-01-04
713376,119378,Auto Loan,54765,6.15,5,Paid Off,0,2022-09-30
713377,113120,Auto Loan,53508,6.63,5,Paid Off,0,2021-07-25
713378,112048,Auto Loan,38787,5.31,6,Paid Off,0,2023-12-31
713379,149013,Business Loan,94846,5.67,5,Active,0,2025-03-12
713380,105961,Personal Loan,9016,10.54,1,Paid Off,0,2022-10-13
713381,104635,Mortgage,383555,5.97,30,Active,0,2026-05-12
713382,117112,Mortgage,541222,4.4,30,Active,0,2022-03-10
713383,144524,Personal Loan,2016,6.75,1,Active,0,2021-10-14
713384,104457,Mortgage,439632,6.0,30,Active,0,2022-08-10
713385,112172,Mortgage,438564,7.61,30,Paid Off,0,2026-06-08
713386,118968,Mortgage,181896,5.09,30,Active,0,2025-08-16
713387,114707,Mortgage,351042,6.31,30,Active,0,2026-01-27
713388,104194,Mortgage,560596,4.79,30,Active,0,2024-04-05
713389,125814,Personal Loan,17050,6.27,3,Paid Off,0,2024-04-28
713390,104497,Personal Loan,6302,10.6,5,Defaulted,1,2023-08-26
713391,131529,Mortgage,201386,7.43,30,Paid Off,0,2026-06-27
713392,102780,Mortgage,569377,6.29,30,Paid Off,0,2025-07-31
713393,128034,Business Loan,249316,7.37,10,Active,0,2026-01-25
713394,146816,Business Loan,242206,7.84,5,Active,0,2025-09-11
713395,119007,Auto Loan,35452,3.66,6,Paid Off,0,2024-12-28
713396,114104,Mortgage,199090,5.34,30,Active,0,2024-01-01
713397,132867,Mortgage,581615,6.91,30,Paid Off,0,2024-01-30
713398,142609,Auto Loan,18069,5.28,5,Paid Off,0,2024-02-28
713399,127767,Business Loan,106688,10.31,10,Defaulted,1,2024-04-17
713400,104650,Business Loan,131012,7.44,10,Active,0,2025-02-03
713401,108223,Personal Loan,13036,6.46,5,Active,0,2024-05-20
713402,135076,Personal Loan,1213,8.12,3,Paid Off,0,2026-06-22
713403,143043,Auto Loan,35982,3.93,6,Active,0,2022-12-18
713404,110183,Auto Loan,31410,9.31,5,Paid Off,0,2025-10-28
713405,138838,Business Loan,61152,6.11,5,Active,0,2024-07-20
713406,113745,Auto Loan,19434,5.57,3,Active,0,2022-07-06
713407,123338,Mortgage,455311,6.17,30,Active,0,2022-04-03
713408,139021,Auto Loan,59852,6.27,5,Active,0,2024-01-25
713409,147381,Personal Loan,10366,7.76,3,Active,0,2023-12-18
713410,103063,Business Loan,29451,3.56,5,Paid Off,0,2023-12-21
713411,146695,Auto Loan,21329,4.94,6,Active,0,2023-03-26
713412,102115,Personal Loan,14387,6.05,3,Paid Off,0,2023-01-01
713413,124693,Auto Loan,45411,4.47,3,Paid Off,0,2025-07-12
713414,112650,Business Loan,61531,6.25,10,Paid Off,0,2026-05-30
713415,107880,Personal Loan,3928,5.24,1,Active,0,2023-01-30
713416,122291,Mortgage,259787,5.71,30,Active,0,2022-08-31
713417,116723,Auto Loan,17135,10.02,3,Paid Off,0,2021-08-04
713418,133928,Auto Loan,54549,3.78,5,Active,0,2026-02-12
713419,148954,Business Loan,103938,8.85,10,Paid Off,0,2024-12-23
713420,100248,Personal Loan,6967,4.66,5,Paid Off,0,2025-02-26
713421,130234,Business Loan,93690,6.66,5,Active,0,2025-01-06
713422,145576,Personal Loan,22210,6.56,5,Defaulted,1,2024-03-30
713423,107627,Mortgage,344290,6.32,30,Active,0,2022-09-09
713424,143810,Personal Loan,4802,7.33,3,Paid Off,0,2022-01-08
713425,125353,Mortgage,593944,8.74,30,Active,0,2023-11-01
713426,115539,Mortgage,383137,5.39,30,Active,0,2023-07-22
713427,139702,Mortgage,535502,6.81,30,Active,0,2026-07-06
713428,131714,Personal Loan,24908,3.58,1,Paid Off,0,2022-02-16
713429,135895,Business Loan,74193,4.29,10,Paid Off,0,2025-05-24
713430,127851,Auto Loan,13644,4.97,6,Paid Off,0,2025-01-22
713431,114064,Auto Loan,22591,4.36,6,Paid Off,0,2024-07-09
713432,105231,Mortgage,259789,4.92,30,Active,0,2025-07-20
713433,102668,Auto Loan,51231,4.62,6,Active,0,2022-11-22
713434,130259,Personal Loan,21404,4.59,5,Active,0,2021-12-07
713435,100083,Personal Loan,12611,5.66,1,Paid Off,0,2025-06-05
713436,142549,Mortgage,431535,4.55,30,Active,0,2023-03-24
713437,122280,Mortgage,341269,9.03,30,Active,0,2025-02-19
713438,102053,Business Loan,232283,5.1,5,Paid Off,0,2022-08-26
713439,134460,Mortgage,453343,10.6,30,Paid Off,0,2022-07-11
713440,131536,Mortgage,268802,9.98,30,Active,0,2023-03-01
713441,132027,Business Loan,243552,5.51,10,Active,0,2021-09-28
713442,138996,Personal Loan,3888,4.22,3,Paid Off,0,2021-07-28
713443,113398,Auto Loan,45279,8.11,6,Paid Off,0,2025-04-05
713444,123654,Personal Loan,1674,9.98,3,Active,0,2022-07-17
713445,148132,Mortgage,554130,4.82,30,Defaulted,1,2022-12-15
713446,128122,Mortgage,593573,7.8,30,Paid Off,0,2023-04-26
713447,144627,Auto Loan,52550,4.44,5,Paid Off,0,2025-07-04
713448,122477,Personal Loan,12801,6.84,5,Active,0,2025-06-13
713449,118957,Mortgage,224925,8.67,30,Active,0,2022-12-09
713450,145062,Mortgage,328459,6.28,30,Active,0,2022-02-22
713451,139622,Mortgage,246833,3.61,30,Paid Off,0,2026-03-29
713452,106272,Mortgage,224226,6.69,30,Active,0,2026-04-09
713453,146210,Personal Loan,5167,6.42,3,Paid Off,0,2022-10-09
713454,127985,Business Loan,119346,5.09,10,Paid Off,0,2025-02-03
713455,114384,Personal Loan,9381,5.24,3,Paid Off,0,2025-10-15
713456,134973,Auto Loan,56006,6.29,3,Active,0,2021-10-17
713457,115537,Business Loan,53392,6.91,10,Paid Off,0,2023-12-26
713458,141354,Personal Loan,3891,5.22,3,Active,0,2021-12-10
713459,142275,Mortgage,388124,7.44,30,Paid Off,0,2022-05-25
713460,116573,Personal Loan,15117,7.51,5,Defaulted,1,2022-10-04
713461,143979,Auto Loan,19706,6.06,5,Paid Off,0,2026-04-30
713462,140058,Personal Loan,12179,4.41,1,Active,0,2021-08-27
713463,144395,Business Loan,108796,10.74,5,Paid Off,0,2025-04-19
713464,131773,Mortgage,425870,5.67,30,Paid Off,0,2023-10-16
713465,139278,Personal Loan,12967,6.24,5,Active,0,2022-06-14
713466,144875,Auto Loan,26639,4.66,6,Active,0,2023-08-29
713467,132565,Personal Loan,23047,5.3,5,Paid Off,0,2024-06-04
713468,145176,Mortgage,498373,6.18,30,Paid Off,0,2024-08-01
713469,108713,Personal Loan,13369,10.53,5,Active,0,2022-03-13
713470,119331,Business Loan,183912,4.77,10,Paid Off,0,2025-03-28
713471,143289,Mortgage,562839,11.36,30,Paid Off,0,2025-02-13
713472,104191,Personal Loan,12044,6.91,3,Defaulted,1,2023-12-19
713473,122752,Mortgage,433413,3.96,30,Paid Off,0,2024-03-08
713474,116174,Personal Loan,13741,7.03,1,Active,0,2023-12-14
713475,119872,Auto Loan,15443,6.13,3,Active,0,2023-06-07
713476,126992,Mortgage,578035,6.39,30,Paid Off,0,2021-10-23
713477,140835,Mortgage,541247,3.71,30,Paid Off,0,2023-09-03
713478,132453,Auto Loan,57039,6.2,5,Active,0,2022-06-23
713479,112286,Mortgage,441708,10.71,30,Active,0,2023-05-02
713480,116962,Mortgage,526889,4.49,30,Active,0,2023-07-30
713481,145468,Auto Loan,27337,6.25,5,Paid Off,0,2022-04-27
713482,122060,Personal Loan,10891,4.86,1,Paid Off,0,2025-03-31
713483,117072,Auto Loan,49190,6.96,5,Paid Off,0,2022-04-26
713484,140163,Personal Loan,8155,5.51,1,Paid Off,0,2025-10-31
713485,108343,Personal Loan,7718,4.13,3,Active,0,2025-05-08
713486,105960,Personal Loan,1992,11.1,1,Defaulted,1,2023-04-09
713487,140137,Personal Loan,2400,5.85,1,Active,0,2023-11-12
713488,134912,Mortgage,398101,4.52,30,Active,0,2022-12-21
713489,103853,Mortgage,239416,4.73,30,Paid Off,0,2022-10-18
713490,148970,Business Loan,220802,6.42,10,Active,0,2023-08-08
713491,122707,Auto Loan,19358,4.24,5,Active,0,2026-05-13
713492,108741,Auto Loan,41963,5.5,3,Paid Off,0,2025-03-20
713493,147689,Personal Loan,21169,6.13,5,Active,0,2023-01-03
713494,123094,Mortgage,581276,5.56,30,Active,0,2022-06-01
713495,134359,Auto Loan,34389,4.0,6,Paid Off,0,2024-12-06
713496,139433,Auto Loan,48080,6.01,6,Active,0,2025-06-04
713497,145805,Mortgage,482850,9.54,30,Active,0,2021-10-18
713498,145852,Mortgage,534593,8.81,30,Active,0,2021-08-31
713499,143891,Personal Loan,24570,3.86,5,Active,0,2021-09-16
713500,100723,Personal Loan,15671,5.19,1,Active,0,2024-12-29
713501,112324,Mortgage,556327,4.85,30,Active,0,2024-03-20
713502,130339,Mortgage,440477,5.7,30,Paid Off,0,2021-09-02
713503,124748,Personal Loan,13019,10.54,1,Active,0,2025-07-22
713504,105172,Personal Loan,1713,8.08,3,Paid Off,0,2022-03-19
713505,142366,Personal Loan,23784,7.91,3,Active,0,2024-01-24
713506,128922,Auto Loan,28813,5.68,5,Defaulted,1,2025-04-29
713507,102295,Auto Loan,18573,6.5,3,Paid Off,0,2026-06-25
713508,117588,Mortgage,408446,5.83,30,Paid Off,0,2023-10-15
713509,142032,Mortgage,477454,4.95,30,Active,0,2022-02-15
713510,104640,Personal Loan,18769,11.91,3,Active,0,2025-05-10
713511,145670,Auto Loan,39373,4.37,6,Paid Off,0,2026-03-26
713512,138427,Auto Loan,17573,6.01,3,Active,0,2022-12-25
713513,147214,Auto Loan,52074,10.04,6,Active,0,2024-11-09
713514,122780,Personal Loan,4066,4.84,1,Paid Off,0,2024-01-17
713515,105570,Business Loan,219011,4.54,5,Active,0,2023-04-25
713516,131288,Mortgage,203651,6.19,30,Paid Off,0,2025-02-02
713517,140830,Personal Loan,5127,5.0,5,Active,0,2024-03-25
713518,122819,Personal Loan,6273,8.59,1,Paid Off,0,2023-12-28
713519,141077,Auto Loan,45040,9.8,5,Paid Off,0,2021-10-24
713520,141961,Auto Loan,43298,5.51,3,Paid Off,0,2023-08-09
713521,146029,Auto Loan,54567,11.0,6,Paid Off,0,2021-08-24
713522,139996,Auto Loan,19018,6.82,3,Active,0,2025-12-24
713523,131243,Business Loan,80758,6.38,5,Paid Off,0,2023-04-15
713524,113174,Personal Loan,6610,6.47,5,Defaulted,1,2021-12-01
713525,106502,Mortgage,480025,10.91,30,Paid Off,0,2024-12-22
713526,130325,Business Loan,175946,7.69,5,Paid Off,0,2025-11-18
713527,121880,Mortgage,361653,3.6,30,Active,0,2025-01-24
713528,105078,Personal Loan,23304,9.46,3,Paid Off,0,2022-05-05
713529,116987,Mortgage,197133,7.15,30,Active,0,2023-03-28
713530,143084,Auto Loan,52239,11.06,5,Paid Off,0,2021-11-15
713531,122153,Auto Loan,19764,10.23,3,Active,0,2021-09-29
713532,124060,Business Loan,195181,4.76,5,Active,0,2023-01-12
713533,128845,Personal Loan,8423,5.37,1,Paid Off,0,2026-03-28
713534,135117,Mortgage,228402,9.92,30,Active,0,2023-05-21
713535,119431,Mortgage,231457,6.95,30,Paid Off,0,2022-01-24
713536,121324,Business Loan,235936,4.53,5,Active,0,2025-03-04
713537,124539,Business Loan,160965,5.78,10,Active,0,2021-09-16
713538,131302,Auto Loan,11483,5.07,5,Paid Off,0,2025-09-11
713539,114100,Personal Loan,14274,9.6,3,Active,0,2024-09-08
713540,103777,Mortgage,468271,5.44,30,Paid Off,0,2025-03-17
713541,104974,Personal Loan,7408,5.81,1,Active,0,2023-11-10
713542,100431,Business Loan,220538,7.96,5,Paid Off,0,2024-08-25
713543,134960,Business Loan,130622,6.3,10,Paid Off,0,2026-05-31
713544,149173,Mortgage,364288,8.32,30,Paid Off,0,2023-07-02
713545,133006,Auto Loan,26048,6.35,6,Paid Off,0,2023-05-14
713546,120783,Mortgage,232412,4.38,30,Paid Off,0,2022-05-22
713547,125140,Mortgage,369737,4.64,30,Paid Off,0,2023-06-15
713548,108313,Auto Loan,55173,6.19,5,Paid Off,0,2024-05-10
713549,147502,Auto Loan,37078,10.32,5,Paid Off,0,2024-01-20
713550,106324,Personal Loan,3205,7.95,5,Active,0,2022-08-06
713551,121220,Business Loan,164349,4.21,10,Paid Off,0,2024-05-06
713552,142949,Business Loan,36944,4.66,10,Active,0,2025-06-04
713553,138113,Auto Loan,52640,4.64,6,Paid Off,0,2024-05-17
713554,131757,Mortgage,412010,5.52,30,Active,0,2023-05-25
713555,117807,Auto Loan,14715,5.35,5,Paid Off,0,2022-11-29
713556,125799,Auto Loan,56518,10.53,3,Paid Off,0,2023-04-30
713557,111195,Personal Loan,24615,5.15,1,Paid Off,0,2023-02-04
713558,130360,Personal Loan,3464,4.16,3,Active,0,2024-11-29
713559,122997,Business Loan,130284,5.55,10,Paid Off,0,2026-03-19
713560,131234,Personal Loan,19826,3.54,5,Paid Off,0,2024-12-24
713561,111238,Mortgage,513024,6.72,30,Paid Off,0,2023-02-11
713562,131503,Mortgage,560474,5.89,30,Paid Off,0,2025-11-10
713563,116890,Business Loan,203487,10.93,10,Active,0,2023-04-07
713564,134544,Business Loan,220863,9.85,10,Defaulted,1,2022-10-10
713565,135439,Auto Loan,31790,3.55,3,Active,0,2023-02-21
713566,119038,Personal Loan,23133,6.91,1,Paid Off,0,2022-10-21
713567,145407,Business Loan,67817,5.74,5,Paid Off,0,2022-09-01
713568,144053,Mortgage,266635,6.73,30,Defaulted,1,2022-01-16
713569,134254,Mortgage,472426,6.88,30,Active,0,2021-08-20
713570,144149,Mortgage,415006,6.92,30,Active,0,2023-07-31
713571,143186,Business Loan,80994,5.81,10,Defaulted,1,2023-09-24
713572,105321,Mortgage,448869,3.8,30,Paid Off,0,2021-09-17
713573,127339,Business Loan,233372,11.33,5,Active,0,2026-03-22
713574,132397,Business Loan,184217,6.64,5,Active,0,2023-01-01
713575,130997,Personal Loan,19617,6.17,3,Paid Off,0,2022-10-12
713576,146434,Personal Loan,24881,5.88,1,Paid Off,0,2024-12-18
713577,100746,Business Loan,241018,5.69,10,Paid Off,0,2022-11-03
713578,109162,Personal Loan,16571,5.38,3,Active,0,2024-08-27
713579,110628,Mortgage,316788,11.96,30,Paid Off,0,2022-07-13
713580,130228,Mortgage,234445,5.54,30,Active,0,2025-01-06
713581,130892,Mortgage,308488,4.84,30,Active,0,2021-11-06
713582,121893,Personal Loan,9368,4.07,5,Paid Off,0,2024-04-17
713583,138056,Personal Loan,20551,4.57,3,Active,0,2023-03-22
713584,149229,Mortgage,334323,6.64,30,Paid Off,0,2025-08-18
713585,104705,Mortgage,240346,5.87,30,Active,0,2026-05-20
713586,108522,Mortgage,478176,7.25,30,Paid Off,0,2024-01-31
713587,132012,Business Loan,209296,5.71,5,Active,0,2021-12-28
713588,115411,Mortgage,367553,4.29,30,Paid Off,0,2024-10-21
713589,124797,Personal Loan,24421,4.24,3,Paid Off,0,2024-05-28
713590,111764,Mortgage,432575,6.73,30,Paid Off,0,2022-01-12
713591,114894,Personal Loan,20453,3.57,5,Paid Off,0,2023-12-27
713592,139234,Business Loan,137750,8.53,10,Paid Off,0,2023-09-19
713593,101555,Auto Loan,46639,5.33,6,Defaulted,1,2022-11-25
713594,144519,Mortgage,324936,3.74,30,Paid Off,0,2025-10-28
713595,112887,Business Loan,234555,6.62,5,Paid Off,0,2022-09-14
713596,120492,Personal Loan,4829,6.04,1,Active,0,2026-01-13
713597,127699,Business Loan,28336,4.95,5,Active,0,2025-10-01
713598,149359,Personal Loan,1252,7.41,1,Paid Off,0,2024-08-16
713599,140841,Business Loan,154871,9.22,5,Active,0,2023-08-19
713600,106513,Auto Loan,24455,5.18,3,Paid Off,0,2022-10-23
713601,111368,Personal Loan,6275,7.0,1,Paid Off,0,2022-06-01
713602,145759,Business Loan,174232,3.94,5,Active,0,2026-03-28
713603,130156,Auto Loan,53949,6.02,5,Active,0,2023-11-03
713604,120817,Mortgage,432560,5.4,30,Paid Off,0,2025-11-21
713605,135718,Personal Loan,1512,6.09,1,Paid Off,0,2025-10-06
713606,101997,Business Loan,137168,6.05,10,Active,0,2026-02-14
713607,148802,Mortgage,382018,7.12,30,Paid Off,0,2024-02-20
713608,149607,Business Loan,146031,9.6,10,Active,0,2022-03-07
713609,140002,Mortgage,447854,6.27,30,Defaulted,1,2025-01-10
713610,137734,Mortgage,209441,4.51,30,Active,0,2023-09-17
713611,114320,Mortgage,425450,6.92,30,Defaulted,1,2023-03-27
713612,143354,Auto Loan,28627,3.65,3,Paid Off,0,2024-01-27
713613,119105,Mortgage,189852,7.04,30,Active,0,2022-09-11
713614,109992,Auto Loan,45629,6.13,6,Active,0,2024-06-16
713615,109056,Business Loan,79427,5.35,10,Active,0,2022-11-09
713616,136247,Mortgage,523879,5.61,30,Active,0,2022-06-17
713617,125691,Business Loan,112862,5.67,5,Active,0,2024-10-06
713618,122133,Auto Loan,19927,4.93,5,Paid Off,0,2023-05-19
713619,127016,Business Loan,241844,5.13,5,Active,0,2025-02-07
713620,139834,Auto Loan,26183,5.11,3,Active,0,2026-03-20
713621,137005,Mortgage,253166,4.52,30,Active,0,2026-03-17
713622,101558,Personal Loan,22301,4.05,3,Paid Off,0,2021-10-11
713623,102578,Auto Loan,59813,8.47,5,Active,0,2022-07-11
713624,114835,Business Loan,56685,6.27,5,Paid Off,0,2024-07-19
713625,105081,Personal Loan,22551,5.29,1,Active,0,2023-01-29
713626,108201,Auto Loan,36634,4.78,3,Paid Off,0,2022-05-23
713627,117293,Business Loan,187260,3.51,10,Paid Off,0,2026-03-10
713628,130190,Personal Loan,5505,3.71,3,Paid Off,0,2025-08-30
713629,118121,Personal Loan,9489,8.61,3,Active,0,2022-02-06
713630,112322,Mortgage,577859,7.97,30,Active,0,2023-05-09
713631,125468,Personal Loan,11854,6.93,3,Active,0,2024-01-06
713632,122363,Business Loan,137267,3.62,5,Active,0,2026-04-19
713633,119277,Business Loan,225498,5.62,10,Active,0,2022-04-18
713634,100738,Business Loan,93153,3.84,10,Active,0,2022-07-13
713635,124062,Personal Loan,15012,10.71,5,Defaulted,1,2023-06-18
713636,100709,Personal Loan,11516,4.09,3,Active,0,2025-12-04
713637,109464,Business Loan,45496,10.13,5,Paid Off,0,2025-09-07
713638,136655,Business Loan,143348,6.75,10,Active,0,2022-09-28
713639,138305,Personal Loan,12953,9.13,1,Active,0,2021-12-01
713640,142380,Business Loan,100622,6.64,10,Active,0,2024-06-30
713641,113125,Personal Loan,1057,10.14,3,Active,0,2022-07-20
713642,105098,Mortgage,328956,3.73,30,Active,0,2025-04-20
713643,147613,Personal Loan,15142,6.64,3,Paid Off,0,2023-12-14
713644,122822,Business Loan,127549,10.56,5,Paid Off,0,2025-08-02
713645,113077,Auto Loan,10803,3.76,5,Paid Off,0,2021-07-19
713646,147425,Business Loan,247484,6.31,10,Active,0,2025-05-04
713647,111020,Personal Loan,24827,5.88,5,Active,0,2024-03-14
713648,144341,Personal Loan,7567,5.96,1,Active,0,2025-02-12
713649,103585,Business Loan,162457,7.61,10,Active,0,2025-07-24
713650,116887,Mortgage,582675,5.8,30,Active,0,2026-06-11
713651,110921,Mortgage,491515,10.94,30,Paid Off,0,2022-04-10
713652,109786,Personal Loan,13188,10.14,5,Active,0,2021-11-02
713653,130411,Mortgage,529369,8.92,30,Active,0,2024-04-27
713654,125245,Personal Loan,10073,4.38,1,Paid Off,0,2025-12-11
713655,101111,Personal Loan,22973,7.07,5,Paid Off,0,2024-09-09
713656,133559,Personal Loan,18688,5.12,3,Paid Off,0,2024-03-18
713657,121342,Auto Loan,10942,8.41,3,Active,0,2025-04-19
713658,111180,Auto Loan,41621,5.28,6,Paid Off,0,2026-01-25
713659,129687,Business Loan,55188,6.24,5,Paid Off,0,2024-12-24
713660,111259,Business Loan,42965,4.02,10,Paid Off,0,2025-01-26
713661,113377,Business Loan,101713,8.19,10,Paid Off,0,2021-10-09
713662,126434,Business Loan,197062,4.49,5,Active,0,2024-11-22
713663,124237,Auto Loan,54488,4.7,6,Paid Off,0,2023-10-14
713664,115481,Personal Loan,5563,4.55,3,Paid Off,0,2022-08-12
713665,136681,Personal Loan,17090,10.84,3,Paid Off,0,2026-01-31
713666,118392,Personal Loan,8928,5.21,1,Paid Off,0,2025-02-27
713667,127366,Auto Loan,10124,6.45,6,Active,0,2023-07-31
713668,106824,Personal Loan,4934,10.7,3,Active,0,2024-04-09
713669,130642,Business Loan,155817,8.71,10,Active,0,2025-02-25
713670,149945,Mortgage,331227,3.56,30,Active,0,2025-04-19
713671,103116,Business Loan,247976,3.76,10,Paid Off,0,2024-11-17
713672,125998,Auto Loan,54039,6.76,3,Active,0,2025-04-10
713673,147475,Auto Loan,13764,6.59,5,Active,0,2025-07-14
713674,140472,Mortgage,191849,5.23,30,Active,0,2024-06-09
713675,116826,Personal Loan,10159,6.73,3,Paid Off,0,2024-05-08
713676,143435,Auto Loan,44160,5.47,3,Paid Off,0,2022-10-10
713677,132147,Business Loan,98918,5.02,5,Active,0,2023-05-13
713678,114700,Mortgage,249437,5.35,30,Active,0,2024-07-09
713679,106956,Personal Loan,19256,5.3,1,Active,0,2026-06-18
713680,107105,Auto Loan,45571,11.74,5,Paid Off,0,2026-04-04
713681,123176,Personal Loan,23849,6.35,3,Paid Off,0,2026-04-13
713682,133702,Personal Loan,13423,4.82,5,Defaulted,1,2025-07-17
713683,134313,Mortgage,167081,4.8,30,Paid Off,0,2025-03-08
713684,118362,Auto Loan,46438,4.15,5,Active,0,2026-03-06
713685,127841,Auto Loan,18074,6.55,5,Active,0,2026-03-22
713686,111000,Mortgage,590910,4.06,30,Paid Off,0,2025-01-25
713687,131710,Mortgage,181491,6.77,30,Paid Off,0,2024-04-14
713688,113131,Auto Loan,31771,5.85,5,Active,0,2023-06-23
713689,119788,Mortgage,415209,4.86,30,Paid Off,0,2025-08-15
713690,118649,Personal Loan,11146,6.97,3,Active,0,2024-01-14
713691,107162,Personal Loan,13695,4.18,1,Active,0,2025-10-23
713692,125798,Business Loan,153845,10.72,10,Paid Off,0,2024-05-14
713693,102529,Mortgage,302492,4.46,30,Active,0,2025-07-04
713694,129321,Auto Loan,54415,11.72,5,Defaulted,1,2022-10-08
713695,104461,Mortgage,585903,7.73,30,Active,0,2022-08-07
713696,124389,Business Loan,131998,10.28,10,Paid Off,0,2025-11-25
713697,101549,Personal Loan,15404,10.66,1,Paid Off,0,2023-09-21
713698,143822,Personal Loan,18604,6.89,3,Active,0,2026-04-09
713699,116316,Personal Loan,11814,9.49,1,Paid Off,0,2024-03-12
713700,139544,Personal Loan,8813,4.64,3,Active,0,2026-01-21
713701,118338,Personal Loan,11774,5.55,3,Active,0,2022-01-12
713702,141002,Auto Loan,28215,11.8,6,Defaulted,1,2023-01-19
713703,104068,Personal Loan,8302,6.29,1,Active,0,2025-05-05
713704,113325,Personal Loan,24834,6.99,3,Active,0,2024-08-20
713705,140575,Auto Loan,19179,4.81,5,Active,0,2021-12-20
713706,141944,Auto Loan,36192,3.82,5,Paid Off,0,2023-12-03
713707,129292,Personal Loan,23642,6.27,1,Active,0,2024-09-05
713708,119545,Auto Loan,57621,6.4,6,Paid Off,0,2024-04-28
713709,134849,Mortgage,528526,5.47,30,Paid Off,0,2025-10-30
713710,126931,Business Loan,242460,6.41,10,Paid Off,0,2022-05-02
713711,143448,Mortgage,219510,7.2,30,Active,0,2023-07-08
713712,124499,Mortgage,414549,5.33,30,Paid Off,0,2021-12-18
713713,147356,Personal Loan,18415,9.58,1,Active,0,2023-06-20
713714,124637,Mortgage,294666,5.69,30,Active,0,2025-01-18
713715,118843,Personal Loan,11544,10.2,5,Paid Off,0,2024-10-06
713716,142336,Mortgage,255895,8.77,30,Paid Off,0,2021-09-28
713717,133858,Auto Loan,35411,9.36,5,Paid Off,0,2023-05-04
713718,114956,Personal Loan,13556,6.3,3,Active,0,2024-12-03
713719,111879,Personal Loan,18209,5.54,1,Active,0,2023-01-20
713720,103803,Personal Loan,9587,5.62,3,Active,0,2024-09-20
713721,103566,Personal Loan,19655,3.82,1,Defaulted,1,2025-10-05
713722,105174,Business Loan,167633,6.01,10,Active,0,2023-11-25
713723,141649,Mortgage,481828,8.18,30,Active,0,2025-03-14
713724,139264,Mortgage,160929,6.66,30,Active,0,2024-07-02
713725,120726,Business Loan,142638,3.97,10,Active,0,2024-03-18
713726,126827,Mortgage,181646,3.56,30,Paid Off,0,2025-08-03
713727,125171,Mortgage,524689,4.45,30,Active,0,2022-08-29
713728,106707,Mortgage,303953,4.62,30,Paid Off,0,2023-05-04
713729,121035,Auto Loan,18515,4.9,3,Defaulted,1,2024-11-04
713730,100462,Mortgage,465722,6.36,30,Paid Off,0,2023-12-04
713731,118795,Mortgage,209790,5.93,30,Paid Off,0,2022-07-23
713732,143087,Business Loan,159778,6.63,10,Active,0,2023-11-21
713733,110969,Personal Loan,13440,5.22,5,Active,0,2024-08-16
713734,137246,Auto Loan,38569,9.99,5,Active,0,2022-08-10
713735,137242,Personal Loan,8762,5.72,1,Paid Off,0,2022-01-09
713736,106271,Business Loan,189185,6.58,10,Active,0,2022-11-05
713737,131084,Personal Loan,9292,6.01,1,Paid Off,0,2022-07-14
713738,133148,Business Loan,55844,4.36,5,Active,0,2025-09-27
713739,110381,Auto Loan,18590,5.37,3,Active,0,2024-04-30
713740,105246,Mortgage,263384,8.12,30,Paid Off,0,2021-12-12
713741,101429,Business Loan,154885,5.73,5,Paid Off,0,2022-11-18
713742,111768,Mortgage,555491,8.53,30,Paid Off,0,2025-04-10
713743,124939,Business Loan,234865,6.99,5,Active,0,2026-07-01
713744,144851,Business Loan,166090,5.62,10,Paid Off,0,2026-05-24
713745,120548,Auto Loan,13082,10.97,5,Active,0,2026-05-01
713746,100033,Business Loan,219803,4.67,5,Paid Off,0,2024-09-11
713747,147418,Business Loan,191190,5.04,5,Defaulted,1,2022-03-05
713748,133234,Business Loan,236988,10.57,10,Active,0,2025-01-25
713749,141864,Business Loan,197031,9.43,5,Paid Off,0,2022-03-23
713750,105233,Mortgage,561161,4.17,30,Defaulted,1,2024-07-19
713751,123981,Business Loan,87178,3.66,10,Paid Off,0,2022-01-22
713752,127820,Business Loan,91675,6.92,10,Paid Off,0,2025-07-21
713753,101550,Business Loan,122395,9.84,5,Active,0,2022-04-19
713754,101888,Mortgage,467018,3.94,30,Paid Off,0,2022-09-05
713755,140263,Business Loan,112298,5.88,10,Active,0,2024-02-27
713756,110217,Personal Loan,21046,5.92,1,Active,0,2022-10-21
713757,140086,Mortgage,557206,4.77,30,Paid Off,0,2021-12-08
713758,137056,Business Loan,209028,5.35,5,Active,0,2025-01-12
713759,108670,Auto Loan,45067,8.12,3,Active,0,2024-03-15
713760,105221,Business Loan,112837,4.53,5,Active,0,2022-12-30
713761,109414,Auto Loan,33246,8.61,5,Paid Off,0,2024-06-18
713762,139259,Personal Loan,4110,5.35,3,Paid Off,0,2025-06-07
713763,117965,Auto Loan,35147,6.02,5,Paid Off,0,2025-08-30
713764,143182,Business Loan,28473,6.31,5,Paid Off,0,2026-03-08
713765,115851,Business Loan,26465,6.02,10,Active,0,2025-11-07
713766,124606,Personal Loan,22302,6.06,5,Defaulted,1,2021-07-19
713767,143105,Auto Loan,42124,7.24,3,Paid Off,0,2025-08-22
713768,139713,Personal Loan,2183,5.9,3,Paid Off,0,2021-11-18
713769,113226,Business Loan,237763,8.86,5,Active,0,2022-03-23
713770,145897,Personal Loan,5820,4.04,3,Paid Off,0,2022-11-08
713771,144296,Mortgage,243447,10.83,30,Paid Off,0,2023-07-22
713772,116026,Auto Loan,19908,4.15,6,Active,0,2025-10-28
713773,130082,Personal Loan,7046,4.1,1,Active,0,2023-10-03
713774,102227,Mortgage,332725,6.6,30,Paid Off,0,2025-11-05
713775,105471,Personal Loan,15023,5.64,5,Active,0,2026-06-21
713776,148788,Auto Loan,34384,5.83,3,Active,0,2025-02-07
713777,129074,Personal Loan,13621,7.33,5,Active,0,2025-01-06
713778,117497,Mortgage,262469,6.55,30,Active,0,2022-07-19
713779,113914,Personal Loan,12895,4.13,3,Paid Off,0,2023-03-02
713780,102207,Business Loan,180137,5.13,5,Active,0,2021-09-23
713781,119621,Auto Loan,21968,4.41,5,Active,0,2022-01-01
713782,113857,Personal Loan,9406,11.55,1,Paid Off,0,2025-07-19
713783,135039,Mortgage,479375,5.33,30,Paid Off,0,2022-04-01
713784,123214,Business Loan,180759,6.72,10,Paid Off,0,2024-11-20
713785,109023,Auto Loan,15476,6.55,5,Paid Off,0,2026-04-01
713786,132923,Personal Loan,8836,6.39,3,Active,0,2022-05-06
713787,141281,Mortgage,563597,5.9,30,Active,0,2021-12-30
713788,147975,Personal Loan,4036,6.38,5,Active,0,2022-10-11
713789,128626,Mortgage,581823,5.14,30,Active,0,2022-03-14
713790,135471,Business Loan,106458,5.88,5,Active,0,2022-08-08
713791,106165,Auto Loan,57318,3.89,5,Paid Off,0,2022-11-06
713792,122879,Personal Loan,17995,4.39,3,Active,0,2021-12-08
713793,113920,Business Loan,189419,6.11,10,Active,0,2024-03-11
713794,137490,Personal Loan,17310,6.3,3,Paid Off,0,2022-09-16
713795,110048,Mortgage,435438,8.07,30,Active,0,2023-10-26
713796,148637,Business Loan,69818,8.01,10,Active,0,2022-05-04
713797,119497,Auto Loan,51767,4.65,6,Paid Off,0,2024-06-10
713798,106454,Auto Loan,35285,6.12,6,Active,0,2025-02-09
713799,106052,Mortgage,428027,8.98,30,Active,0,2021-11-08
713800,100239,Auto Loan,23170,5.37,6,Paid Off,0,2024-06-03
713801,100616,Personal Loan,4821,5.37,5,Paid Off,0,2022-05-06
713802,109831,Personal Loan,9631,3.78,1,Paid Off,0,2021-09-15
713803,113452,Auto Loan,47572,5.96,5,Active,0,2025-11-03
713804,115283,Business Loan,171093,6.5,10,Paid Off,0,2022-09-02
713805,108362,Business Loan,37830,6.36,10,Paid Off,0,2024-04-27
713806,136588,Business Loan,42227,6.78,5,Paid Off,0,2025-05-21
713807,103284,Business Loan,174888,7.12,5,Paid Off,0,2026-04-27
713808,117192,Mortgage,438701,7.0,30,Paid Off,0,2024-10-14
713809,127006,Auto Loan,41359,4.77,3,Active,0,2023-04-15
713810,113108,Business Loan,191362,9.9,10,Paid Off,0,2023-09-22
713811,103638,Personal Loan,6756,7.72,3,Paid Off,0,2022-10-23
713812,132120,Mortgage,319282,5.35,30,Active,0,2023-05-12
713813,117823,Personal Loan,2314,4.19,1,Active,0,2024-03-26
713814,137064,Mortgage,228009,4.69,30,Active,0,2024-04-17
713815,145156,Business Loan,232308,3.63,10,Active,0,2022-06-20
713816,120540,Personal Loan,18311,5.95,1,Active,0,2022-09-20
713817,137591,Auto Loan,41312,4.19,6,Active,0,2024-12-06
713818,137386,Mortgage,255457,6.86,30,Active,0,2026-02-16
713819,111141,Mortgage,209477,8.96,30,Active,0,2024-10-24
713820,129663,Auto Loan,59373,4.09,6,Defaulted,1,2025-08-16
713821,140840,Mortgage,294721,6.55,30,Active,0,2023-04-04
713822,107278,Auto Loan,37629,6.55,3,Active,0,2026-01-10
713823,130726,Mortgage,497695,6.83,30,Active,0,2026-04-11
713824,149318,Mortgage,542594,6.77,30,Active,0,2025-12-15
713825,130944,Business Loan,205252,6.31,5,Active,0,2025-05-22
713826,135145,Personal Loan,13620,4.98,5,Paid Off,0,2021-10-07
713827,100043,Auto Loan,33451,4.41,6,Active,0,2023-05-21
713828,135084,Business Loan,117807,6.28,5,Defaulted,1,2023-06-24
713829,140921,Mortgage,299824,5.5,30,Active,0,2026-05-08
713830,127252,Mortgage,251779,6.94,30,Paid Off,0,2025-12-25
713831,120816,Personal Loan,3528,10.95,3,Paid Off,0,2023-02-07
713832,127686,Mortgage,370871,10.71,30,Paid Off,0,2021-08-25
713833,110137,Business Loan,128531,4.21,10,Paid Off,0,2022-10-24
713834,118798,Auto Loan,57154,4.7,5,Paid Off,0,2025-11-19
713835,130135,Mortgage,496017,6.93,30,Active,0,2022-02-02
713836,106700,Mortgage,326513,3.85,30,Paid Off,0,2023-02-13
713837,115983,Business Loan,93764,3.98,10,Paid Off,0,2021-09-15
713838,140171,Auto Loan,31343,6.79,5,Active,0,2025-04-11
713839,100312,Business Loan,135069,11.87,5,Paid Off,0,2023-05-15
713840,142375,Mortgage,231306,11.46,30,Defaulted,1,2024-02-15
713841,115459,Mortgage,263908,4.71,30,Paid Off,0,2023-07-31
713842,136141,Personal Loan,16085,8.74,1,Active,0,2022-08-18
713843,129580,Business Loan,246836,5.11,10,Paid Off,0,2024-08-12
713844,107876,Mortgage,546000,3.6,30,Active,0,2021-09-11
713845,133366,Auto Loan,35920,5.53,6,Active,0,2024-03-21
713846,131430,Mortgage,573453,4.38,30,Paid Off,0,2024-05-11
713847,111642,Personal Loan,22140,3.87,3,Active,0,2022-08-19
713848,111378,Business Loan,161502,6.73,10,Active,0,2025-10-24
713849,113517,Personal Loan,18589,7.08,3,Paid Off,0,2022-05-15
713850,140665,Mortgage,157980,9.05,30,Paid Off,0,2025-12-11
713851,111131,Mortgage,375079,4.23,30,Paid Off,0,2023-03-15
713852,149877,Personal Loan,14310,4.79,1,Active,0,2025-08-12
713853,126596,Mortgage,256841,4.05,30,Active,0,2025-08-19
713854,135767,Auto Loan,36170,5.87,5,Paid Off,0,2026-06-23
713855,105278,Personal Loan,19099,9.86,1,Active,0,2026-06-21
713856,114430,Personal Loan,13339,10.26,5,Paid Off,0,2022-01-01
713857,106062,Business Loan,178831,11.15,5,Active,0,2022-02-14
713858,105694,Personal Loan,13315,4.36,3,Paid Off,0,2022-12-29
713859,143327,Personal Loan,7511,6.58,5,Active,0,2024-06-25
713860,108910,Personal Loan,18142,11.99,5,Paid Off,0,2022-09-17
713861,106760,Mortgage,476996,6.36,30,Paid Off,0,2022-05-11
713862,143542,Personal Loan,2084,6.77,3,Paid Off,0,2025-05-03
713863,142625,Business Loan,205279,5.8,10,Paid Off,0,2023-01-30
713864,116315,Business Loan,138159,5.56,10,Active,0,2026-01-01
713865,139741,Auto Loan,51215,5.53,6,Paid Off,0,2026-07-13
713866,102117,Mortgage,418905,11.09,30,Paid Off,0,2026-02-05
713867,115355,Personal Loan,20924,4.41,1,Active,0,2022-05-08
713868,139987,Mortgage,296550,5.8,30,Paid Off,0,2024-03-23
713869,138475,Auto Loan,33402,8.23,6,Paid Off,0,2026-02-01
713870,104968,Mortgage,168013,11.65,30,Paid Off,0,2024-08-29
713871,100831,Business Loan,206748,3.81,5,Paid Off,0,2022-03-08
713872,133184,Auto Loan,40760,8.06,5,Active,0,2021-09-09
713873,114180,Mortgage,281284,6.19,30,Active,0,2022-06-17
713874,143876,Mortgage,422023,5.44,30,Active,0,2025-07-29
713875,108574,Auto Loan,44772,4.65,3,Active,0,2024-09-05
713876,107986,Auto Loan,27782,4.84,5,Paid Off,0,2022-07-19
713877,135611,Auto Loan,59894,8.59,5,Active,0,2024-12-22
713878,125928,Auto Loan,14252,9.93,5,Active,0,2024-11-12
713879,101456,Auto Loan,21275,6.97,3,Active,0,2024-08-08
713880,115587,Mortgage,372911,4.65,30,Paid Off,0,2021-10-06
713881,119783,Mortgage,174767,3.75,30,Paid Off,0,2025-07-19
713882,123968,Auto Loan,51017,3.75,3,Active,0,2022-06-16
713883,131905,Auto Loan,14225,4.67,6,Paid Off,0,2021-10-19
713884,135934,Auto Loan,59397,4.17,6,Defaulted,1,2023-08-06
713885,147546,Personal Loan,17279,6.01,3,Paid Off,0,2022-09-29
713886,122569,Personal Loan,14811,5.06,5,Active,0,2021-11-07
713887,127732,Business Loan,76675,5.39,10,Active,0,2022-08-18
713888,149443,Personal Loan,11223,6.6,1,Active,0,2024-01-02
713889,100574,Auto Loan,54649,3.76,5,Paid Off,0,2024-09-12
713890,138393,Business Loan,187648,5.9,10,Active,0,2022-02-19
713891,126688,Personal Loan,9668,10.95,3,Active,0,2026-04-21
713892,137043,Business Loan,40246,4.31,5,Paid Off,0,2023-12-17
713893,116871,Business Loan,42776,10.87,10,Active,0,2023-06-16
713894,107001,Business Loan,144314,4.99,10,Active,0,2022-07-17
713895,130374,Personal Loan,19305,5.83,3,Paid Off,0,2022-05-30
713896,114006,Mortgage,276624,5.94,30,Paid Off,0,2022-02-23
713897,105219,Business Loan,241234,6.63,10,Paid Off,0,2026-01-31
713898,142453,Mortgage,207064,6.2,30,Active,0,2022-12-19
713899,129444,Mortgage,488217,5.52,30,Active,0,2022-04-19
713900,130491,Personal Loan,12022,6.29,3,Paid Off,0,2022-09-16
713901,130275,Personal Loan,18361,3.88,5,Active,0,2026-04-05
713902,118010,Mortgage,554148,6.59,30,Paid Off,0,2021-11-09
713903,104330,Personal Loan,3331,4.89,3,Paid Off,0,2022-12-27
713904,120438,Mortgage,300738,9.07,30,Paid Off,0,2023-02-23
713905,110671,Auto Loan,38999,6.6,5,Active,0,2022-06-30
713906,141997,Mortgage,169205,10.9,30,Active,0,2025-10-20
713907,148381,Personal Loan,3068,6.62,5,Active,0,2022-09-04
713908,145378,Personal Loan,22003,7.15,3,Paid Off,0,2021-10-07
713909,129929,Auto Loan,51092,4.1,3,Paid Off,0,2023-05-02
713910,125077,Mortgage,432271,3.72,30,Paid Off,0,2025-12-21
713911,130114,Mortgage,490825,5.16,30,Active,0,2024-03-23
713912,105732,Business Loan,104114,5.88,5,Paid Off,0,2026-03-24
713913,103988,Mortgage,200967,4.98,30,Active,0,2025-02-11
713914,134910,Mortgage,182760,6.74,30,Active,0,2021-09-25
713915,102828,Mortgage,542345,9.82,30,Paid Off,0,2021-10-25
713916,105226,Auto Loan,36374,4.54,6,Paid Off,0,2021-12-16
713917,100196,Business Loan,164813,5.75,10,Paid Off,0,2025-01-17
713918,113658,Auto Loan,44534,6.96,3,Paid Off,0,2022-07-14
713919,115603,Mortgage,461793,7.55,30,Paid Off,0,2021-09-23
713920,128127,Mortgage,151873,4.27,30,Active,0,2025-10-07
713921,114606,Mortgage,173571,9.75,30,Active,0,2024-05-23
713922,135815,Business Loan,220577,5.7,5,Paid Off,0,2023-08-16
713923,126300,Mortgage,251990,3.79,30,Paid Off,0,2024-11-17
713924,102725,Personal Loan,1767,6.15,5,Active,0,2022-12-19
713925,136300,Auto Loan,40261,10.87,5,Paid Off,0,2023-02-04
713926,120759,Auto Loan,40761,10.11,3,Paid Off,0,2024-09-16
713927,122096,Business Loan,122208,10.01,5,Active,0,2022-03-28
713928,108748,Mortgage,391404,4.07,30,Active,0,2026-02-12
713929,134325,Mortgage,466367,4.43,30,Paid Off,0,2024-01-28
713930,134830,Mortgage,472339,6.13,30,Paid Off,0,2022-05-04
713931,106857,Auto Loan,17431,5.76,5,Active,0,2025-09-01
713932,144017,Personal Loan,23061,6.08,3,Paid Off,0,2022-05-09
713933,125644,Auto Loan,25056,8.89,5,Paid Off,0,2025-03-13
713934,143112,Personal Loan,22190,6.85,1,Paid Off,0,2023-11-30
713935,101781,Auto Loan,59450,9.01,5,Paid Off,0,2022-10-11
713936,131477,Auto Loan,50803,8.91,5,Paid Off,0,2023-04-06
713937,134027,Mortgage,390449,5.87,30,Paid Off,0,2021-10-18
713938,102264,Auto Loan,42360,9.72,6,Paid Off,0,2022-03-18
713939,109143,Business Loan,80471,4.32,10,Paid Off,0,2025-04-12
713940,123496,Personal Loan,3562,6.09,3,Active,0,2023-08-04
713941,142643,Auto Loan,50097,5.07,3,Paid Off,0,2024-08-02
713942,116889,Business Loan,124498,4.49,5,Paid Off,0,2023-10-18
713943,103530,Business Loan,36174,9.64,5,Paid Off,0,2022-12-09
713944,124126,Business Loan,104012,9.74,5,Paid Off,0,2022-12-23
713945,117237,Mortgage,344111,6.52,30,Paid Off,0,2024-03-08
713946,118828,Personal Loan,22652,3.98,3,Paid Off,0,2024-07-16
713947,128838,Business Loan,92502,6.6,10,Active,0,2024-01-28
713948,115518,Mortgage,347506,10.2,30,Paid Off,0,2023-11-30
713949,102971,Business Loan,81671,9.54,5,Active,0,2025-08-25
713950,144580,Personal Loan,22111,6.78,1,Paid Off,0,2026-01-13
713951,127282,Personal Loan,16876,3.69,3,Active,0,2025-11-04
713952,116659,Auto Loan,41807,6.75,5,Paid Off,0,2023-10-23
713953,124990,Mortgage,200250,11.95,30,Active,0,2025-12-31
713954,116172,Auto Loan,53866,9.53,3,Active,0,2026-04-24
713955,131950,Personal Loan,3285,5.5,3,Active,0,2023-07-25
713956,100827,Personal Loan,21053,6.28,5,Paid Off,0,2021-07-19
713957,102448,Personal Loan,16493,8.99,1,Active,0,2024-09-20
713958,125458,Personal Loan,10637,6.75,3,Active,0,2024-01-30
713959,148145,Mortgage,473944,3.89,30,Paid Off,0,2024-12-07
713960,137844,Business Loan,155287,4.41,10,Active,0,2023-02-03
713961,129761,Mortgage,522974,11.76,30,Active,0,2024-04-05
713962,123421,Mortgage,222116,6.12,30,Active,0,2023-12-09
713963,125725,Auto Loan,39377,3.63,5,Active,0,2025-01-08
713964,112153,Business Loan,136281,11.89,5,Paid Off,0,2024-12-28
713965,122053,Auto Loan,51645,6.95,3,Paid Off,0,2024-07-19
713966,144134,Business Loan,240245,7.6,5,Active,0,2025-04-18
713967,122089,Auto Loan,40401,5.89,5,Active,0,2026-04-14
713968,126652,Personal Loan,12413,7.14,5,Active,0,2025-03-15
713969,143349,Business Loan,225488,11.08,10,Paid Off,0,2024-01-14
713970,138380,Personal Loan,3894,4.97,1,Paid Off,0,2024-07-17
713971,117998,Business Loan,205384,6.4,5,Paid Off,0,2025-08-14
713972,130349,Auto Loan,18437,4.79,6,Active,0,2025-09-18
713973,116330,Business Loan,96428,7.53,10,Paid Off,0,2025-04-15
713974,131006,Personal Loan,12011,5.68,3,Paid Off,0,2024-10-16
713975,142859,Mortgage,446060,6.34,30,Paid Off,0,2026-05-07
713976,146690,Personal Loan,23538,6.27,3,Active,0,2022-01-04
713977,129306,Business Loan,249174,8.55,5,Paid Off,0,2024-01-02
713978,140741,Personal Loan,16721,4.41,3,Active,0,2023-04-29
713979,114653,Auto Loan,29636,5.81,5,Active,0,2025-03-26
713980,114646,Business Loan,146962,4.48,10,Active,0,2025-01-26
713981,119863,Business Loan,61720,8.07,5,Paid Off,0,2022-10-17
713982,111570,Mortgage,594716,4.16,30,Paid Off,0,2024-10-31
713983,121055,Personal Loan,12735,6.3,3,Paid Off,0,2021-11-09
713984,141766,Mortgage,584035,6.28,30,Active,0,2023-11-06
713985,107706,Business Loan,79503,6.95,10,Active,0,2022-08-12
713986,129925,Personal Loan,21600,8.37,1,Active,0,2025-09-13
713987,130687,Business Loan,107615,3.77,10,Active,0,2025-05-20
713988,104776,Mortgage,221710,3.94,30,Paid Off,0,2023-05-03
713989,143233,Personal Loan,6579,5.13,3,Active,0,2021-11-11
713990,107174,Auto Loan,31955,4.21,6,Active,0,2025-01-18
713991,121335,Auto Loan,26535,6.84,3,Active,0,2023-04-02
713992,126316,Personal Loan,16775,11.16,3,Paid Off,0,2026-03-04
713993,133323,Mortgage,323066,10.23,30,Paid Off,0,2022-02-02
713994,147737,Mortgage,389763,6.34,30,Paid Off,0,2025-07-02
713995,124743,Auto Loan,27759,11.57,6,Active,0,2022-03-01
713996,134877,Business Loan,180298,11.47,5,Active,0,2023-11-09
713997,115318,Auto Loan,20802,6.32,6,Paid Off,0,2022-10-11
713998,100844,Business Loan,37126,11.97,10,Paid Off,0,2024-10-06
713999,135020,Business Loan,195043,6.25,5,Paid Off,0,2026-07-07
714000,129820,Mortgage,254734,4.62,30,Active,0,2026-07-03
714001,109880,Personal Loan,23181,5.93,1,Active,0,2022-03-07
714002,125375,Auto Loan,44511,11.09,6,Paid Off,0,2026-01-17
714003,136236,Personal Loan,19604,6.08,5,Active,0,2025-07-18
714004,109291,Mortgage,490873,4.3,30,Active,0,2024-02-03
714005,141477,Business Loan,35547,5.23,5,Active,0,2023-08-04
714006,131572,Auto Loan,29082,3.63,5,Paid Off,0,2026-04-15
714007,140476,Business Loan,82324,4.83,10,Paid Off,0,2024-07-10
714008,120417,Mortgage,168387,11.44,30,Paid Off,0,2025-07-07
714009,112163,Business Loan,235249,5.45,5,Paid Off,0,2022-04-22
714010,133585,Mortgage,548963,5.64,30,Active,0,2025-03-24
714011,110081,Business Loan,156070,7.77,5,Active,0,2025-03-20
714012,137854,Business Loan,171590,5.22,5,Active,0,2024-03-17
714013,126587,Personal Loan,19461,6.39,3,Paid Off,0,2022-07-28
714014,140140,Personal Loan,15129,6.35,3,Paid Off,0,2023-12-05
714015,143375,Auto Loan,26239,10.37,6,Active,0,2026-06-18
714016,103245,Business Loan,232464,6.35,5,Active,0,2021-10-08
714017,128249,Auto Loan,14057,4.39,3,Paid Off,0,2022-09-11
714018,121768,Personal Loan,1405,3.84,5,Paid Off,0,2022-02-05
714019,110669,Mortgage,587226,5.74,30,Paid Off,0,2025-02-24
714020,133668,Personal Loan,6779,4.28,5,Active,0,2022-09-07
714021,123794,Auto Loan,15381,4.5,6,Paid Off,0,2025-06-08
714022,110405,Mortgage,150742,5.08,30,Active,0,2022-11-03
714023,108114,Personal Loan,4054,5.48,3,Paid Off,0,2025-05-29
714024,142333,Mortgage,492196,4.89,30,Active,0,2024-11-22
714025,111470,Auto Loan,52487,5.28,6,Paid Off,0,2026-02-03
714026,100959,Mortgage,545503,6.52,30,Active,0,2021-09-30
714027,100618,Personal Loan,2411,9.85,3,Paid Off,0,2026-01-19
714028,131900,Business Loan,47819,6.21,5,Paid Off,0,2022-04-07
714029,104308,Auto Loan,17906,4.95,5,Paid Off,0,2022-06-10
714030,133202,Auto Loan,10649,6.55,3,Paid Off,0,2023-01-12
714031,120084,Personal Loan,3126,5.91,3,Paid Off,0,2025-09-05
714032,130685,Business Loan,115283,4.93,10,Paid Off,0,2024-02-14
714033,104293,Mortgage,331178,11.24,30,Defaulted,1,2025-04-15
714034,119461,Auto Loan,17632,10.83,3,Active,0,2026-05-26
714035,124176,Personal Loan,14486,9.68,3,Paid Off,0,2021-12-21
714036,135345,Mortgage,589882,11.42,30,Paid Off,0,2025-03-16
714037,134265,Auto Loan,53083,4.6,6,Paid Off,0,2025-02-09
714038,114701,Personal Loan,12725,6.42,5,Paid Off,0,2026-01-13
714039,149858,Mortgage,530641,5.82,30,Defaulted,1,2024-09-16
714040,115119,Mortgage,550490,4.3,30,Paid Off,0,2023-11-19
714041,130089,Business Loan,47138,6.71,10,Active,0,2021-08-04
714042,145907,Auto Loan,24781,6.05,5,Paid Off,0,2023-07-12
714043,119608,Personal Loan,12778,9.19,1,Defaulted,1,2025-04-20
714044,112536,Auto Loan,39362,5.64,5,Paid Off,0,2025-02-27
714045,119902,Auto Loan,33953,4.2,6,Active,0,2022-12-05
714046,146112,Auto Loan,50696,9.4,3,Paid Off,0,2025-12-24
714047,136024,Auto Loan,29622,7.09,6,Active,0,2021-12-26
714048,128449,Auto Loan,48685,6.95,5,Paid Off,0,2025-06-12
714049,131527,Mortgage,535718,5.65,30,Active,0,2022-10-20
714050,135857,Auto Loan,59493,5.07,5,Active,0,2023-09-27
714051,129543,Mortgage,528013,4.55,30,Paid Off,0,2024-03-13
714052,103337,Mortgage,410755,5.13,30,Active,0,2022-06-08
714053,139075,Business Loan,50751,7.02,5,Paid Off,0,2023-07-09
714054,123681,Mortgage,380398,6.7,30,Paid Off,0,2024-02-27
714055,121502,Auto Loan,46191,11.06,6,Paid Off,0,2023-01-24
714056,104771,Auto Loan,17607,9.26,5,Paid Off,0,2025-02-26
714057,140689,Business Loan,244844,6.92,5,Active,0,2025-03-16
714058,106399,Mortgage,221680,5.79,30,Active,0,2022-08-28
714059,140521,Mortgage,187456,6.04,30,Active,0,2025-03-16
714060,148122,Mortgage,358027,6.96,30,Paid Off,0,2021-09-03
714061,119001,Personal Loan,23338,9.39,3,Paid Off,0,2022-12-29
714062,116922,Auto Loan,40659,8.8,3,Active,0,2021-12-26
714063,140645,Mortgage,382274,4.79,30,Paid Off,0,2022-05-30
714064,119120,Mortgage,162305,6.33,30,Paid Off,0,2022-06-23
714065,108892,Business Loan,169603,5.38,10,Paid Off,0,2023-05-30
714066,140243,Auto Loan,25638,5.48,6,Active,0,2022-08-07
714067,100754,Personal Loan,19802,8.25,3,Active,0,2022-05-22
714068,109072,Auto Loan,49396,5.27,6,Active,0,2025-08-27
714069,109407,Auto Loan,23843,6.14,5,Paid Off,0,2025-05-31
714070,148864,Personal Loan,7336,5.64,3,Defaulted,1,2024-08-28
714071,148652,Auto Loan,55342,5.57,6,Paid Off,0,2025-08-03
714072,134833,Business Loan,235588,5.08,5,Paid Off,0,2022-10-03
714073,148521,Personal Loan,14412,8.97,3,Active,0,2024-04-09
714074,112711,Business Loan,81587,6.41,5,Active,0,2023-03-15
714075,142578,Mortgage,207413,9.96,30,Paid Off,0,2024-11-19
714076,130192,Personal Loan,8422,5.13,5,Active,0,2023-05-09
714077,124018,Business Loan,32526,6.9,10,Paid Off,0,2021-11-07
714078,117089,Mortgage,506222,5.83,30,Defaulted,1,2021-08-08
714079,128143,Business Loan,169896,5.23,5,Paid Off,0,2025-08-23
714080,117345,Business Loan,110817,5.96,10,Active,0,2024-12-15
714081,142063,Personal Loan,19830,9.56,5,Paid Off,0,2023-11-22
714082,148396,Auto Loan,10138,5.41,5,Active,0,2026-04-02
714083,149360,Mortgage,501348,6.8,30,Active,0,2025-01-27
714084,127535,Business Loan,133670,6.33,10,Paid Off,0,2022-06-10
714085,121091,Business Loan,234948,5.46,5,Active,0,2025-11-15
714086,107369,Auto Loan,37636,9.88,6,Paid Off,0,2023-10-20
714087,140614,Auto Loan,33719,5.36,5,Active,0,2022-08-10
714088,123966,Personal Loan,19021,6.91,3,Paid Off,0,2025-04-15
714089,142044,Auto Loan,54160,8.26,6,Paid Off,0,2023-09-27
714090,144621,Business Loan,26970,4.36,10,Paid Off,0,2022-12-15
714091,115312,Personal Loan,2688,6.71,5,Active,0,2024-04-16
714092,107809,Personal Loan,21755,4.35,5,Paid Off,0,2024-12-19
714093,108295,Personal Loan,16021,4.49,3,Paid Off,0,2025-06-12
714094,139045,Business Loan,228340,8.78,10,Paid Off,0,2021-10-21
714095,120003,Auto Loan,48612,4.06,6,Paid Off,0,2025-06-25
714096,102254,Personal Loan,19546,6.74,1,Active,0,2026-02-28
714097,103403,Personal Loan,17928,11.7,3,Active,0,2025-03-14
714098,123276,Personal Loan,1528,6.8,5,Active,0,2023-12-30
714099,144663,Business Loan,62594,4.13,5,Active,0,2023-11-10
714100,143373,Auto Loan,37779,6.95,6,Active,0,2026-01-19
714101,100554,Personal Loan,17809,10.5,5,Active,0,2022-08-24
714102,128407,Mortgage,227213,5.13,30,Active,0,2021-11-23
714103,148262,Business Loan,62404,4.56,5,Active,0,2024-06-12
714104,135864,Auto Loan,34706,7.56,3,Paid Off,0,2022-07-14
714105,143382,Personal Loan,19504,11.77,5,Paid Off,0,2026-05-09
714106,114278,Personal Loan,6149,4.09,5,Paid Off,0,2024-06-22
714107,137690,Personal Loan,12190,9.21,5,Active,0,2026-07-14
714108,143878,Auto Loan,50585,9.87,3,Paid Off,0,2024-06-19
714109,118266,Auto Loan,23237,5.13,3,Active,0,2024-12-22
714110,133442,Personal Loan,17042,10.26,1,Active,0,2024-08-11
714111,110428,Personal Loan,3637,3.64,5,Paid Off,0,2023-05-13
714112,117777,Personal Loan,8010,5.65,1,Active,0,2023-10-14
714113,107759,Mortgage,224351,11.96,30,Paid Off,0,2024-04-05
714114,129303,Mortgage,321561,5.71,30,Paid Off,0,2023-02-07
714115,106870,Business Loan,118292,6.4,10,Paid Off,0,2022-04-04
714116,137197,Business Loan,186434,10.95,5,Paid Off,0,2022-01-03
714117,105041,Auto Loan,23124,3.75,3,Defaulted,1,2026-02-26
714118,123845,Mortgage,565678,6.86,30,Active,0,2022-05-02
714119,140825,Business Loan,32602,6.38,10,Active,0,2023-08-12
714120,105882,Auto Loan,59922,6.8,3,Defaulted,1,2024-12-14
714121,108735,Auto Loan,58841,6.97,6,Paid Off,0,2026-06-08
714122,112354,Personal Loan,20779,5.41,1,Paid Off,0,2023-07-21
714123,105173,Mortgage,506520,5.03,30,Active,0,2022-03-19
714124,145723,Auto Loan,12146,4.81,5,Paid Off,0,2024-04-28
714125,137908,Business Loan,231977,9.26,10,Active,0,2024-01-21
714126,149574,Personal Loan,16995,5.34,3,Paid Off,0,2021-09-03
714127,145644,Business Loan,225506,4.0,10,Defaulted,1,2025-12-18
714128,136518,Mortgage,546151,6.34,30,Paid Off,0,2025-05-25
714129,145376,Auto Loan,24322,6.44,6,Active,0,2022-01-07
714130,122046,Auto Loan,17569,3.83,3,Active,0,2023-04-08
714131,119972,Mortgage,259868,5.12,30,Active,0,2021-11-18
714132,139239,Personal Loan,6254,6.55,5,Active,0,2023-10-04
714133,117686,Personal Loan,24197,5.56,3,Active,0,2026-04-12
714134,101732,Auto Loan,45759,6.89,6,Paid Off,0,2024-11-01
714135,112917,Personal Loan,5939,10.5,1,Active,0,2024-05-01
714136,132295,Business Loan,104685,3.86,10,Active,0,2026-05-17
714137,112474,Personal Loan,22521,5.19,3,Active,0,2026-04-06
714138,113337,Auto Loan,15199,7.71,5,Paid Off,0,2025-03-07
714139,114295,Personal Loan,12768,5.1,3,Active,0,2022-11-03
714140,134955,Business Loan,137950,6.11,10,Defaulted,1,2022-07-08
714141,135856,Business Loan,127194,6.76,10,Paid Off,0,2021-11-30
714142,123780,Business Loan,168715,6.34,5,Active,0,2022-12-05
714143,148686,Business Loan,165668,5.07,10,Defaulted,1,2026-03-02
714144,116492,Business Loan,138478,5.71,10,Active,0,2022-09-12
714145,138443,Personal Loan,12158,4.28,1,Paid Off,0,2021-08-06
714146,110414,Personal Loan,13657,8.71,3,Active,0,2022-07-09
714147,113024,Personal Loan,3061,5.55,5,Active,0,2023-01-16
714148,148398,Personal Loan,13315,4.84,3,Paid Off,0,2026-05-14
714149,115176,Personal Loan,7237,11.06,5,Active,0,2022-08-29
714150,112101,Business Loan,84088,9.58,10,Paid Off,0,2022-12-24
714151,142950,Business Loan,183048,6.12,10,Paid Off,0,2022-09-09
714152,120959,Mortgage,295299,6.3,30,Defaulted,1,2025-10-23
714153,129787,Auto Loan,37810,6.93,5,Paid Off,0,2023-12-24
714154,124615,Business Loan,79888,6.13,10,Paid Off,0,2021-07-19
714155,109149,Business Loan,233367,7.26,10,Paid Off,0,2024-12-02
714156,100986,Business Loan,28839,5.22,10,Active,0,2022-02-24
714157,113993,Business Loan,86450,5.63,5,Paid Off,0,2023-06-06
714158,122986,Mortgage,517576,3.51,30,Active,0,2021-11-28
714159,134601,Business Loan,118626,8.17,10,Active,0,2025-11-15
714160,100793,Personal Loan,4413,5.48,3,Paid Off,0,2022-10-09
714161,149659,Business Loan,81591,6.05,5,Paid Off,0,2021-08-05
714162,141727,Mortgage,258681,3.74,30,Active,0,2023-07-08
714163,142869,Business Loan,184309,9.46,10,Active,0,2024-03-03
714164,149668,Mortgage,377763,6.03,30,Paid Off,0,2025-10-01
714165,113345,Personal Loan,11609,10.85,1,Paid Off,0,2022-02-06
714166,121030,Business Loan,185760,5.84,10,Paid Off,0,2025-02-09
714167,108021,Business Loan,189354,9.64,10,Active,0,2023-07-30
714168,104921,Personal Loan,11910,5.23,1,Paid Off,0,2022-07-29
714169,129170,Personal Loan,21157,11.45,3,Paid Off,0,2023-11-24
714170,121541,Personal Loan,14726,4.83,3,Paid Off,0,2026-01-13
714171,138633,Auto Loan,16265,6.01,3,Paid Off,0,2021-11-30
714172,112160,Personal Loan,6304,5.98,3,Defaulted,1,2024-06-10
714173,135579,Personal Loan,19466,5.51,5,Paid Off,0,2022-01-27
714174,139826,Auto Loan,43929,4.0,5,Paid Off,0,2023-06-01
714175,115224,Auto Loan,37978,4.71,5,Paid Off,0,2025-07-07
714176,100991,Business Loan,159456,6.72,10,Paid Off,0,2024-04-04
714177,123978,Auto Loan,53997,6.64,5,Active,0,2023-05-09
714178,127343,Mortgage,304912,4.86,30,Active,0,2024-05-05
714179,109698,Business Loan,175327,7.98,10,Active,0,2023-04-15
714180,102129,Auto Loan,49664,8.51,5,Paid Off,0,2022-06-23
714181,135012,Business Loan,53205,3.61,10,Paid Off,0,2022-08-08
714182,105535,Mortgage,239942,6.29,30,Paid Off,0,2022-11-20
714183,130149,Auto Loan,47583,6.22,5,Paid Off,0,2025-06-28
714184,145819,Mortgage,339601,9.22,30,Active,0,2024-11-29
714185,122384,Personal Loan,3300,6.67,3,Paid Off,0,2025-11-27
714186,126271,Business Loan,189878,6.92,5,Active,0,2022-06-28
714187,110091,Personal Loan,13437,9.33,3,Defaulted,1,2024-11-23
714188,125632,Business Loan,110690,5.16,10,Paid Off,0,2023-08-17
714189,101889,Auto Loan,52587,8.8,6,Paid Off,0,2025-06-05
714190,130863,Business Loan,142428,9.9,10,Paid Off,0,2022-09-02
714191,140054,Auto Loan,41774,6.78,3,Paid Off,0,2023-07-21
714192,120993,Business Loan,44301,10.84,5,Active,0,2024-02-29
714193,125203,Personal Loan,3721,9.1,5,Active,0,2025-09-05
714194,105637,Business Loan,44019,5.61,5,Active,0,2024-08-16
714195,111484,Mortgage,430762,5.84,30,Paid Off,0,2024-05-26
714196,102233,Business Loan,82175,3.99,5,Active,0,2023-11-28
714197,105018,Auto Loan,17367,5.74,3,Active,0,2023-01-14
714198,120117,Auto Loan,41376,6.14,5,Defaulted,1,2022-05-16
714199,137814,Mortgage,532268,10.0,30,Paid Off,0,2026-02-05
714200,108013,Mortgage,569028,6.12,30,Paid Off,0,2021-11-05
714201,148824,Business Loan,31762,9.0,5,Active,0,2022-10-09
714202,132677,Business Loan,109564,4.64,5,Active,0,2024-04-03
714203,138025,Personal Loan,24016,11.36,5,Defaulted,1,2021-10-10
714204,105667,Business Loan,90866,4.65,5,Paid Off,0,2022-08-31
714205,111256,Mortgage,367686,9.2,30,Paid Off,0,2021-10-07
714206,128238,Personal Loan,2607,6.05,3,Defaulted,1,2023-12-02
714207,148911,Mortgage,230164,6.37,30,Active,0,2022-06-16
714208,117168,Auto Loan,26563,6.99,3,Paid Off,0,2021-11-05
714209,113816,Business Loan,202000,3.58,10,Paid Off,0,2025-07-01
714210,127555,Mortgage,594470,4.86,30,Paid Off,0,2024-02-15
714211,102974,Mortgage,581689,4.72,30,Active,0,2024-12-24
714212,123720,Auto Loan,59078,7.97,5,Active,0,2024-03-27
714213,126187,Personal Loan,18610,3.9,3,Active,0,2021-12-13
714214,101337,Business Loan,206518,3.6,5,Active,0,2026-04-30
714215,133330,Personal Loan,7369,6.48,1,Defaulted,1,2025-03-28
714216,149306,Mortgage,250269,5.55,30,Paid Off,0,2024-12-28
714217,149179,Personal Loan,4666,7.23,5,Active,0,2024-01-26
714218,124334,Mortgage,350037,7.88,30,Active,0,2025-01-04
714219,112250,Personal Loan,18048,6.07,5,Paid Off,0,2024-04-25
714220,127896,Business Loan,203583,9.9,5,Active,0,2022-09-29
714221,111942,Personal Loan,23933,6.93,5,Paid Off,0,2024-08-02
714222,144693,Auto Loan,27599,7.26,6,Active,0,2024-11-25
714223,138840,Personal Loan,19789,6.58,1,Active,0,2026-04-23
714224,139843,Mortgage,293489,7.3,30,Paid Off,0,2022-08-14
714225,136148,Personal Loan,11618,6.98,5,Active,0,2025-01-31
714226,125621,Mortgage,510202,7.78,30,Defaulted,1,2024-01-12
714227,106594,Business Loan,86693,4.91,10,Paid Off,0,2023-09-21
714228,101596,Personal Loan,11230,4.22,1,Active,0,2022-05-05
714229,104810,Personal Loan,10015,6.92,3,Active,0,2022-12-19
714230,107475,Auto Loan,15615,6.19,3,Active,0,2024-05-28
714231,131814,Auto Loan,43151,6.66,5,Paid Off,0,2023-04-19
714232,138351,Business Loan,158432,6.14,10,Paid Off,0,2024-05-19
714233,144907,Personal Loan,13742,7.57,5,Paid Off,0,2021-08-15
714234,146133,Auto Loan,22578,4.76,5,Paid Off,0,2024-02-11
714235,101717,Personal Loan,4612,6.08,3,Active,0,2022-03-16
714236,117896,Personal Loan,13726,5.25,3,Paid Off,0,2021-10-18
714237,104021,Auto Loan,19803,5.47,3,Active,0,2023-03-22
714238,100951,Auto Loan,58956,4.43,5,Active,0,2026-01-09
714239,101446,Mortgage,588484,10.83,30,Paid Off,0,2024-01-12
714240,115917,Mortgage,203206,8.93,30,Paid Off,0,2026-06-11
714241,112441,Mortgage,222915,5.32,30,Active,0,2024-03-31
714242,130327,Business Loan,199379,4.91,10,Active,0,2024-09-18
714243,104227,Auto Loan,49953,7.8,5,Defaulted,1,2025-08-12
714244,104306,Business Loan,179904,8.92,5,Paid Off,0,2022-07-12
714245,138676,Business Loan,102324,10.52,5,Paid Off,0,2024-04-17
714246,102180,Auto Loan,27748,3.53,3,Paid Off,0,2023-04-15
714247,127084,Business Loan,175756,4.7,10,Paid Off,0,2025-09-23
714248,128041,Personal Loan,17554,6.03,3,Active,0,2024-03-01
714249,117964,Business Loan,138078,6.76,5,Active,0,2023-12-23
714250,107249,Mortgage,331564,8.74,30,Active,0,2026-03-25
714251,107250,Auto Loan,40783,11.5,6,Active,0,2022-02-20
714252,120442,Auto Loan,10539,4.65,5,Paid Off,0,2023-11-19
714253,143860,Mortgage,413994,6.94,30,Paid Off,0,2024-08-17
714254,108398,Personal Loan,11833,9.12,1,Active,0,2023-04-08
714255,104955,Business Loan,177553,3.52,5,Active,0,2022-01-23
714256,129577,Mortgage,445208,4.2,30,Paid Off,0,2021-12-21
714257,134372,Business Loan,174738,5.75,5,Paid Off,0,2022-07-17
714258,124208,Personal Loan,23764,8.51,3,Defaulted,1,2023-11-22
714259,122430,Personal Loan,5576,9.25,3,Paid Off,0,2025-12-23
714260,148704,Mortgage,553465,5.96,30,Paid Off,0,2023-03-05
714261,131929,Auto Loan,30056,6.81,6,Active,0,2026-02-20
714262,123455,Personal Loan,16272,5.49,1,Active,0,2024-05-31
714263,100779,Business Loan,162195,9.04,5,Paid Off,0,2021-12-13
714264,116510,Mortgage,531962,10.99,30,Paid Off,0,2024-07-30
714265,149495,Mortgage,246575,4.01,30,Paid Off,0,2022-09-26
714266,117455,Auto Loan,15136,9.61,5,Paid Off,0,2024-04-23
714267,129966,Business Loan,71646,10.74,5,Active,0,2023-11-06
714268,110653,Mortgage,168614,6.98,30,Paid Off,0,2021-10-17
714269,138017,Mortgage,225424,4.67,30,Active,0,2022-12-08
714270,147617,Personal Loan,3318,4.2,5,Active,0,2021-10-05
714271,145199,Auto Loan,51145,6.7,5,Active,0,2024-06-08
714272,133977,Personal Loan,14699,5.36,3,Paid Off,0,2022-01-29
714273,149806,Business Loan,240278,3.6,10,Paid Off,0,2022-12-21
714274,141248,Auto Loan,27481,3.95,3,Active,0,2022-07-01
714275,108475,Auto Loan,23292,5.4,5,Active,0,2025-11-15
714276,123376,Auto Loan,43027,5.53,5,Defaulted,1,2022-02-04
714277,116849,Business Loan,249907,10.06,10,Paid Off,0,2022-07-31
714278,147985,Mortgage,581031,10.01,30,Active,0,2023-12-09
714279,147249,Business Loan,127950,6.63,5,Active,0,2025-02-05
714280,138116,Auto Loan,26200,7.59,5,Active,0,2023-02-19
714281,123992,Business Loan,166452,5.82,5,Active,0,2021-10-16
714282,148676,Mortgage,267523,4.4,30,Defaulted,1,2023-04-06
714283,131117,Mortgage,199474,5.23,30,Paid Off,0,2024-03-29
714284,110173,Business Loan,228242,6.89,5,Paid Off,0,2024-01-28
714285,148782,Auto Loan,57816,5.6,3,Paid Off,0,2024-08-19
714286,135803,Mortgage,350822,3.95,30,Active,0,2023-10-19
714287,107793,Auto Loan,58476,9.49,5,Paid Off,0,2024-10-07
714288,138127,Personal Loan,5933,4.58,1,Paid Off,0,2022-08-11
714289,100977,Personal Loan,1409,5.07,3,Active,0,2026-05-02
714290,131277,Auto Loan,27431,3.66,3,Paid Off,0,2022-05-23
714291,139316,Personal Loan,13934,8.68,1,Paid Off,0,2023-05-07
714292,149078,Auto Loan,28343,7.82,6,Active,0,2022-03-29
714293,139308,Personal Loan,11051,9.86,3,Paid Off,0,2026-02-10
714294,127479,Auto Loan,28719,5.38,3,Active,0,2022-11-14
714295,116495,Auto Loan,24410,5.75,5,Paid Off,0,2024-12-03
714296,112525,Mortgage,157304,10.39,30,Active,0,2024-12-01
714297,148801,Auto Loan,18802,4.55,5,Active,0,2025-08-12
714298,142900,Mortgage,471826,4.04,30,Active,0,2023-02-14
714299,130319,Personal Loan,3077,11.26,1,Active,0,2022-06-05
714300,129211,Business Loan,241872,3.85,10,Defaulted,1,2025-06-20
714301,148299,Personal Loan,15122,6.43,1,Paid Off,0,2025-07-02
714302,135605,Business Loan,117882,6.2,10,Paid Off,0,2025-10-08
714303,102440,Personal Loan,14939,3.92,3,Active,0,2026-01-12
714304,110475,Business Loan,126764,5.31,10,Paid Off,0,2023-01-01
714305,122965,Business Loan,98078,6.52,10,Active,0,2025-05-07
714306,135241,Business Loan,196003,3.85,5,Active,0,2026-02-14
714307,113314,Personal Loan,13473,4.56,3,Paid Off,0,2023-03-18
714308,130551,Auto Loan,31581,11.83,6,Paid Off,0,2023-01-16
714309,128320,Business Loan,242372,3.56,10,Paid Off,0,2026-06-28
714310,122349,Business Loan,145423,4.79,10,Active,0,2021-07-23
714311,130556,Business Loan,88382,5.06,5,Active,0,2022-02-03
714312,109742,Business Loan,136679,11.85,5,Active,0,2025-03-01
714313,109591,Business Loan,203794,11.76,5,Active,0,2025-04-04
714314,115506,Mortgage,572122,9.79,30,Paid Off,0,2022-10-07
714315,133849,Business Loan,90283,6.16,5,Active,0,2023-02-12
714316,113619,Auto Loan,23310,3.98,5,Active,0,2025-02-01
714317,120129,Business Loan,220071,10.18,10,Active,0,2025-09-11
714318,117054,Auto Loan,31379,6.41,5,Active,0,2025-11-15
714319,134031,Personal Loan,12731,5.14,5,Paid Off,0,2023-06-01
714320,134539,Auto Loan,52683,6.55,3,Active,0,2024-04-02
714321,139902,Personal Loan,17354,6.69,5,Active,0,2022-12-03
714322,139468,Auto Loan,45048,4.51,3,Paid Off,0,2022-04-26
714323,144246,Personal Loan,14980,7.72,5,Paid Off,0,2022-06-01
714324,139928,Mortgage,264774,6.24,30,Paid Off,0,2024-06-29
714325,123287,Business Loan,225692,5.31,5,Paid Off,0,2021-11-14
714326,114966,Mortgage,337563,4.75,30,Active,0,2022-04-12
714327,124580,Personal Loan,18500,3.84,3,Paid Off,0,2022-04-10
714328,147736,Auto Loan,48543,4.39,6,Active,0,2024-07-16
714329,110678,Personal Loan,22024,5.97,1,Active,0,2025-07-07
714330,133859,Business Loan,241393,6.83,10,Paid Off,0,2021-12-17
714331,119031,Business Loan,41659,6.15,5,Active,0,2024-08-02
714332,103761,Business Loan,83272,5.48,10,Paid Off,0,2021-09-19
714333,111451,Auto Loan,11789,8.15,5,Paid Off,0,2022-10-22
714334,100134,Business Loan,232674,5.74,10,Active,0,2022-06-18
714335,122377,Mortgage,307544,6.2,30,Paid Off,0,2024-08-22
714336,102363,Mortgage,576596,11.71,30,Active,0,2023-12-11
714337,100241,Personal Loan,15054,6.52,5,Paid Off,0,2024-10-17
714338,127442,Mortgage,392424,6.72,30,Paid Off,0,2024-05-08
714339,129733,Mortgage,520326,5.33,30,Active,0,2024-09-04
714340,141467,Mortgage,577722,6.88,30,Paid Off,0,2025-11-23
714341,132736,Mortgage,595944,6.2,30,Paid Off,0,2022-07-26
714342,147935,Business Loan,208633,9.0,5,Paid Off,0,2022-12-22
714343,134943,Mortgage,167657,5.55,30,Paid Off,0,2024-06-02
714344,104783,Mortgage,380960,4.29,30,Active,0,2023-07-10
714345,149482,Mortgage,538620,5.44,30,Defaulted,1,2023-12-05
714346,144098,Business Loan,226640,7.15,5,Active,0,2025-06-27
714347,144022,Auto Loan,17807,5.6,6,Paid Off,0,2026-05-16
714348,113810,Mortgage,278414,3.81,30,Paid Off,0,2021-12-15
714349,148615,Auto Loan,40322,5.66,6,Active,0,2026-03-06
714350,110159,Auto Loan,32298,4.03,6,Paid Off,0,2023-03-31
714351,149771,Business Loan,197164,6.61,5,Paid Off,0,2021-10-21
714352,114856,Business Loan,236514,6.84,5,Active,0,2024-07-14
714353,147931,Business Loan,243414,6.66,10,Paid Off,0,2023-11-27
714354,132760,Personal Loan,12371,4.34,3,Paid Off,0,2023-12-17
714355,106025,Personal Loan,5127,4.8,3,Active,0,2024-05-22
714356,122239,Business Loan,105360,5.02,10,Paid Off,0,2024-08-16
714357,133778,Mortgage,164094,6.33,30,Paid Off,0,2023-12-15
714358,124695,Personal Loan,5238,3.88,1,Active,0,2024-10-27
714359,147900,Business Loan,142963,11.58,5,Paid Off,0,2023-11-18
714360,135981,Mortgage,383008,5.62,30,Active,0,2025-08-21
714361,137536,Auto Loan,27643,4.51,3,Active,0,2023-07-14
714362,131515,Personal Loan,24768,6.69,3,Paid Off,0,2025-06-10
714363,143491,Business Loan,80732,5.38,10,Defaulted,1,2026-06-24
714364,138131,Auto Loan,50987,5.36,3,Paid Off,0,2021-11-03
714365,126544,Auto Loan,45760,7.46,5,Paid Off,0,2022-12-16
714366,128566,Mortgage,387638,11.21,30,Active,0,2024-09-11
714367,132364,Auto Loan,17053,11.17,6,Active,0,2024-05-14
714368,121528,Auto Loan,11933,5.83,5,Paid Off,0,2024-09-06
714369,148041,Business Loan,111460,4.67,5,Active,0,2023-02-18
714370,123881,Mortgage,250455,4.98,30,Paid Off,0,2023-03-23
714371,100538,Personal Loan,8323,4.7,5,Paid Off,0,2023-04-11
714372,110668,Personal Loan,1555,5.32,3,Paid Off,0,2023-07-25
714373,104879,Mortgage,382818,6.31,30,Active,0,2024-04-18
714374,107578,Personal Loan,21241,6.94,1,Active,0,2026-02-24
714375,140981,Auto Loan,17497,6.85,3,Paid Off,0,2023-06-28
714376,129532,Personal Loan,16564,9.96,1,Active,0,2024-10-25
714377,131207,Business Loan,170015,6.58,10,Paid Off,0,2026-04-28
714378,109169,Business Loan,228100,4.85,10,Paid Off,0,2022-03-29
714379,145753,Mortgage,594824,5.25,30,Active,0,2024-01-04
714380,129667,Business Loan,31738,9.55,5,Paid Off,0,2021-11-26
714381,131035,Mortgage,257144,6.98,30,Paid Off,0,2021-08-23
714382,111543,Personal Loan,1541,5.09,5,Paid Off,0,2023-05-25
714383,124576,Auto Loan,49705,11.5,5,Paid Off,0,2024-07-08
714384,131594,Personal Loan,11113,5.22,5,Active,0,2026-01-25
714385,127423,Personal Loan,1665,3.86,5,Paid Off,0,2022-06-08
714386,148746,Mortgage,189493,4.0,30,Defaulted,1,2025-02-22
714387,141422,Mortgage,200432,6.58,30,Active,0,2022-05-05
714388,122710,Mortgage,275199,4.91,30,Paid Off,0,2022-05-05
714389,146921,Personal Loan,10796,5.41,5,Defaulted,1,2022-04-01
714390,130489,Personal Loan,2761,4.39,1,Active,0,2026-02-14
714391,122230,Auto Loan,49218,6.02,6,Paid Off,0,2024-03-29
714392,130310,Personal Loan,24786,9.26,5,Paid Off,0,2022-12-08
714393,114494,Personal Loan,17165,8.96,3,Paid Off,0,2023-06-09
714394,104399,Personal Loan,4101,5.05,3,Active,0,2024-11-23
714395,147717,Business Loan,131007,11.98,5,Paid Off,0,2021-12-20
714396,147510,Mortgage,466498,5.51,30,Paid Off,0,2023-02-24
714397,137015,Mortgage,203815,6.91,30,Active,0,2024-02-04
714398,125853,Auto Loan,41468,7.59,5,Active,0,2026-05-02
714399,136941,Mortgage,499229,6.43,30,Paid Off,0,2023-08-01
714400,111658,Auto Loan,31448,5.44,6,Defaulted,1,2026-02-07
714401,142502,Business Loan,183708,11.94,5,Active,0,2022-08-01
714402,132866,Mortgage,272989,5.43,30,Active,0,2022-02-11
714403,128785,Personal Loan,10509,11.77,3,Active,0,2023-12-27
714404,144381,Mortgage,205864,8.08,30,Paid Off,0,2026-05-11
714405,120580,Mortgage,537975,3.71,30,Defaulted,1,2025-06-23
714406,102398,Business Loan,160476,3.72,10,Defaulted,1,2025-11-11
714407,112064,Personal Loan,3383,6.72,3,Paid Off,0,2022-12-08
714408,104380,Personal Loan,8031,6.84,5,Paid Off,0,2025-12-14
714409,114940,Personal Loan,23062,4.92,1,Paid Off,0,2025-03-11
714410,135132,Auto Loan,21043,6.18,3,Active,0,2026-06-03
714411,133475,Business Loan,161593,5.13,10,Paid Off,0,2025-11-28
714412,113468,Mortgage,219487,3.92,30,Active,0,2025-04-09
714413,141304,Auto Loan,26466,5.94,3,Paid Off,0,2025-01-09
714414,114000,Business Loan,245150,5.27,10,Paid Off,0,2021-12-13
714415,137935,Business Loan,56543,10.47,10,Active,0,2021-08-04
714416,114125,Auto Loan,43807,5.97,3,Paid Off,0,2021-10-13
714417,114216,Personal Loan,10923,5.4,5,Active,0,2025-01-11
714418,122518,Mortgage,510209,9.66,30,Active,0,2022-08-12
714419,101189,Business Loan,89945,4.12,5,Active,0,2023-04-05
714420,118444,Mortgage,374687,3.83,30,Paid Off,0,2021-10-24
714421,120418,Mortgage,359719,4.71,30,Active,0,2022-10-16
714422,116332,Business Loan,134416,10.69,5,Paid Off,0,2025-09-16
714423,100927,Personal Loan,1686,6.37,5,Active,0,2023-12-05
714424,144753,Mortgage,556971,11.98,30,Active,0,2026-03-15
714425,129221,Business Loan,38588,6.8,10,Active,0,2024-11-01
714426,117313,Personal Loan,6168,7.79,5,Active,0,2025-05-27
714427,149871,Personal Loan,4574,5.97,1,Active,0,2024-01-07
714428,108327,Auto Loan,13584,6.93,6,Active,0,2022-06-03
714429,146489,Business Loan,233022,9.54,10,Active,0,2026-06-05
714430,137126,Auto Loan,16901,6.89,3,Active,0,2025-02-24
714431,118068,Business Loan,191784,11.19,10,Active,0,2025-09-08
714432,143829,Personal Loan,18063,6.1,1,Paid Off,0,2022-02-01
714433,133355,Mortgage,222078,3.86,30,Paid Off,0,2025-12-17
714434,125903,Business Loan,173355,5.91,5,Active,0,2025-06-06
714435,114802,Business Loan,38042,6.94,5,Active,0,2024-10-31
714436,116916,Auto Loan,20301,7.86,5,Paid Off,0,2024-07-29
714437,146624,Auto Loan,53767,4.47,6,Paid Off,0,2026-02-05
714438,134533,Auto Loan,47491,9.55,5,Active,0,2022-05-23
714439,117967,Personal Loan,19556,6.34,5,Paid Off,0,2024-04-27
714440,100000,Mortgage,362814,6.45,30,Active,0,2024-12-21
714441,104196,Business Loan,181321,6.11,10,Paid Off,0,2025-12-08
714442,134807,Auto Loan,34347,9.1,3,Paid Off,0,2022-11-20
714443,113946,Mortgage,323687,4.72,30,Active,0,2025-03-07
714444,136539,Business Loan,90597,4.94,10,Active,0,2022-09-01
714445,115521,Personal Loan,4901,6.25,3,Paid Off,0,2023-01-20
714446,129622,Personal Loan,17392,4.73,1,Paid Off,0,2026-01-10
714447,149160,Mortgage,551852,5.43,30,Active,0,2026-06-16
714448,117398,Mortgage,184703,3.79,30,Active,0,2022-08-23
714449,121254,Business Loan,163825,3.58,10,Active,0,2024-06-15
714450,129121,Mortgage,192746,3.97,30,Active,0,2023-12-15
714451,128509,Mortgage,512845,4.0,30,Paid Off,0,2023-07-09
714452,114500,Business Loan,244920,5.25,5,Active,0,2025-03-13
714453,134706,Auto Loan,46718,4.98,3,Active,0,2024-03-19
714454,147157,Personal Loan,19664,11.02,1,Paid Off,0,2022-07-16
714455,135738,Auto Loan,35809,6.86,6,Defaulted,1,2024-05-26
714456,128382,Business Loan,164617,5.33,10,Active,0,2024-05-29
714457,109902,Personal Loan,9104,4.01,3,Active,0,2021-11-13
714458,149027,Personal Loan,3521,7.18,1,Defaulted,1,2022-01-31
714459,127337,Business Loan,70252,6.74,10,Active,0,2024-06-29
714460,143621,Business Loan,102481,5.32,10,Paid Off,0,2022-09-10
714461,112315,Business Loan,37167,3.85,10,Paid Off,0,2021-11-27
714462,121958,Mortgage,233454,4.68,30,Active,0,2022-06-25
714463,145257,Business Loan,92525,4.79,5,Paid Off,0,2021-11-06
714464,128585,Mortgage,338203,7.66,30,Paid Off,0,2025-02-24
714465,148025,Mortgage,331585,5.58,30,Active,0,2025-06-25
714466,113841,Business Loan,216018,5.15,10,Active,0,2026-02-07
714467,111056,Mortgage,539253,10.9,30,Paid Off,0,2022-05-24
714468,149460,Business Loan,46311,9.78,10,Active,0,2023-04-19
714469,145326,Mortgage,361128,4.37,30,Active,0,2022-04-03
714470,134687,Personal Loan,21213,3.55,1,Active,0,2024-06-03
714471,132776,Auto Loan,52510,4.61,3,Paid Off,0,2022-02-12
714472,138424,Mortgage,270293,6.46,30,Active,0,2024-02-19
714473,147345,Mortgage,550563,7.69,30,Active,0,2022-06-09
714474,145706,Auto Loan,34468,6.81,3,Paid Off,0,2024-12-15
714475,103997,Business Loan,245469,5.56,5,Defaulted,1,2023-11-11
714476,103834,Personal Loan,19180,3.66,3,Active,0,2026-05-13
714477,132768,Business Loan,73647,6.78,10,Active,0,2022-01-28
714478,148592,Personal Loan,5446,8.39,1,Active,0,2022-03-24
714479,131418,Mortgage,594227,3.59,30,Active,0,2023-07-11
714480,104528,Personal Loan,23264,7.04,1,Active,0,2024-12-05
714481,127770,Business Loan,96946,5.46,5,Active,0,2025-09-03
714482,130230,Personal Loan,13750,3.94,5,Defaulted,1,2026-05-10
714483,104092,Business Loan,134233,8.19,5,Defaulted,1,2022-07-18
714484,100408,Mortgage,491728,6.11,30,Active,0,2023-02-18
714485,118303,Mortgage,346290,9.22,30,Paid Off,0,2026-01-21
714486,124377,Business Loan,98826,5.91,10,Paid Off,0,2025-02-10
714487,110253,Business Loan,186683,6.47,10,Defaulted,1,2024-09-02
714488,142924,Business Loan,192905,5.7,10,Active,0,2022-04-19
714489,142901,Business Loan,168816,4.75,5,Paid Off,0,2024-01-02
714490,118591,Mortgage,356182,7.32,30,Defaulted,1,2025-03-25
714491,113258,Mortgage,202302,8.13,30,Active,0,2023-05-02
714492,138184,Auto Loan,33528,11.19,3,Paid Off,0,2025-03-18
714493,108585,Personal Loan,16253,5.28,5,Active,0,2024-05-09
714494,103226,Auto Loan,52668,4.68,5,Active,0,2025-09-27
714495,109059,Business Loan,136337,5.11,10,Active,0,2022-03-05
714496,147085,Auto Loan,55668,6.45,3,Defaulted,1,2024-06-06
714497,106481,Mortgage,290029,6.61,30,Paid Off,0,2021-12-15
714498,119756,Auto Loan,39448,6.7,6,Active,0,2026-06-24
714499,117890,Business Loan,39120,10.89,10,Active,0,2024-11-17
714500,140009,Personal Loan,17511,6.49,1,Active,0,2022-03-15
714501,104768,Business Loan,225636,9.04,10,Paid Off,0,2024-06-03
714502,139775,Auto Loan,23849,6.73,3,Active,0,2025-03-24
714503,135873,Personal Loan,12863,7.4,5,Defaulted,1,2022-03-07
714504,108841,Auto Loan,47482,4.24,3,Paid Off,0,2026-03-28
714505,145316,Mortgage,351514,11.14,30,Paid Off,0,2025-06-24
714506,139705,Business Loan,219217,6.72,5,Paid Off,0,2023-12-18
714507,124738,Personal Loan,23038,5.34,5,Active,0,2022-08-25
714508,124239,Personal Loan,6845,6.72,5,Paid Off,0,2022-12-30
714509,137923,Auto Loan,48187,8.07,6,Active,0,2026-06-03
714510,131751,Auto Loan,50536,5.43,3,Active,0,2025-03-30
714511,144890,Personal Loan,5404,7.5,1,Paid Off,0,2021-10-23
714512,110135,Personal Loan,23027,8.1,1,Paid Off,0,2022-10-13
714513,144568,Business Loan,63067,4.21,10,Paid Off,0,2026-01-25
714514,104943,Auto Loan,27383,11.01,5,Paid Off,0,2022-07-25
714515,137355,Mortgage,537467,11.98,30,Paid Off,0,2025-09-24
714516,110968,Mortgage,306740,4.32,30,Active,0,2023-03-09
714517,115019,Personal Loan,2987,5.31,1,Paid Off,0,2022-06-22
714518,134321,Business Loan,158450,9.19,10,Active,0,2025-03-08
714519,136037,Mortgage,248643,5.56,30,Active,0,2021-11-06
714520,111059,Personal Loan,4454,6.95,1,Paid Off,0,2024-02-24
714521,120877,Mortgage,207312,8.52,30,Paid Off,0,2022-03-26
714522,112608,Auto Loan,30258,7.79,6,Paid Off,0,2026-05-19
714523,105641,Mortgage,427483,4.03,30,Active,0,2022-11-22
714524,135783,Mortgage,513752,4.71,30,Active,0,2021-10-19
714525,149314,Business Loan,132977,7.66,5,Paid Off,0,2025-09-01
714526,112385,Business Loan,101488,6.85,5,Defaulted,1,2024-02-20
714527,111286,Mortgage,463545,6.6,30,Paid Off,0,2024-09-01
714528,133424,Auto Loan,37325,9.79,3,Paid Off,0,2023-07-10
714529,136281,Personal Loan,18368,6.5,3,Paid Off,0,2024-07-31
714530,128329,Mortgage,351214,4.87,30,Paid Off,0,2024-05-15
714531,148050,Auto Loan,57260,4.96,5,Paid Off,0,2025-05-29
714532,149647,Auto Loan,39076,4.59,3,Paid Off,0,2022-08-10
714533,100825,Business Loan,175392,5.41,10,Active,0,2023-10-11
714534,112143,Personal Loan,7780,6.05,5,Active,0,2022-10-05
714535,108600,Mortgage,355541,6.45,30,Active,0,2023-10-11
714536,121785,Personal Loan,13894,5.32,5,Paid Off,0,2025-07-08
714537,131607,Mortgage,461372,3.61,30,Active,0,2023-05-10
714538,139956,Mortgage,253926,4.27,30,Paid Off,0,2022-07-27
714539,108499,Personal Loan,12435,3.69,5,Active,0,2024-02-19
714540,128664,Mortgage,330376,5.87,30,Active,0,2023-03-26
714541,135617,Business Loan,174385,11.97,5,Paid Off,0,2021-09-25
714542,140316,Auto Loan,46663,5.87,5,Paid Off,0,2024-10-09
714543,111893,Mortgage,192364,6.23,30,Active,0,2024-02-23
714544,139187,Personal Loan,4915,5.86,1,Active,0,2026-07-15
714545,102487,Auto Loan,54791,4.02,3,Active,0,2023-05-08
714546,141398,Business Loan,226280,10.55,10,Active,0,2026-01-09
714547,135649,Mortgage,509179,5.79,30,Defaulted,1,2024-04-22
714548,114851,Business Loan,41015,6.57,10,Active,0,2024-07-12
714549,114121,Mortgage,524467,8.91,30,Paid Off,0,2021-10-01
714550,139177,Business Loan,116398,5.22,10,Paid Off,0,2023-03-03
714551,107419,Personal Loan,10107,5.37,3,Active,0,2024-06-28
714552,136416,Auto Loan,31096,5.56,3,Active,0,2022-01-02
714553,148548,Business Loan,78283,4.46,10,Paid Off,0,2023-01-17
714554,119013,Personal Loan,9351,5.7,1,Paid Off,0,2022-10-17
714555,110874,Business Loan,182489,6.16,10,Active,0,2024-06-07
714556,140929,Personal Loan,18575,6.49,5,Active,0,2021-10-06
714557,103039,Auto Loan,58057,6.37,3,Paid Off,0,2026-04-18
714558,143280,Mortgage,159862,4.35,30,Paid Off,0,2024-12-29
714559,122454,Mortgage,446722,6.77,30,Active,0,2022-07-05
714560,129128,Auto Loan,23452,9.47,6,Active,0,2024-05-08
714561,114848,Business Loan,173031,6.66,10,Active,0,2024-12-07
714562,139960,Mortgage,516398,5.99,30,Active,0,2024-07-28
714563,104890,Mortgage,191530,11.86,30,Active,0,2023-09-27
714564,120761,Mortgage,281956,5.13,30,Active,0,2023-05-30
714565,129838,Business Loan,116036,4.48,10,Active,0,2023-03-14
714566,105640,Mortgage,591585,5.74,30,Active,0,2026-01-15
714567,106069,Mortgage,246607,6.71,30,Active,0,2022-10-16
714568,139549,Personal Loan,17895,8.59,3,Active,0,2022-02-14
714569,115774,Mortgage,183430,7.05,30,Paid Off,0,2022-07-19
714570,105292,Auto Loan,12783,6.91,6,Active,0,2026-02-17
714571,119274,Business Loan,124999,5.25,10,Paid Off,0,2026-04-10
714572,124494,Mortgage,291095,9.86,30,Paid Off,0,2024-02-26
714573,143250,Auto Loan,18586,10.14,5,Active,0,2026-05-21
714574,149929,Auto Loan,26765,6.38,3,Active,0,2025-07-17
714575,130424,Business Loan,116145,5.56,10,Paid Off,0,2024-03-17
714576,140440,Personal Loan,14545,9.45,3,Active,0,2023-02-25
714577,116830,Mortgage,533179,10.79,30,Paid Off,0,2022-01-11
714578,111997,Personal Loan,24428,5.72,3,Active,0,2024-10-16
714579,109682,Mortgage,153453,4.72,30,Paid Off,0,2022-01-07
714580,133428,Auto Loan,51422,3.76,3,Active,0,2022-06-12
714581,100918,Auto Loan,34135,5.31,5,Paid Off,0,2022-10-28
714582,108093,Mortgage,201696,6.67,30,Paid Off,0,2025-01-09
714583,149830,Personal Loan,3916,9.26,1,Active,0,2022-04-25
714584,130785,Mortgage,404921,5.86,30,Paid Off,0,2022-05-04
714585,127019,Personal Loan,6802,3.95,5,Active,0,2021-10-06
714586,145967,Personal Loan,1025,4.38,3,Paid Off,0,2024-08-20
714587,108260,Personal Loan,18265,10.09,5,Active,0,2023-06-28
714588,123339,Mortgage,583583,6.47,30,Paid Off,0,2022-09-23
714589,115247,Business Loan,54406,7.14,5,Paid Off,0,2025-11-03
714590,121743,Personal Loan,6107,5.42,3,Paid Off,0,2025-04-20
714591,113774,Personal Loan,13197,6.44,1,Defaulted,1,2023-05-27
714592,147218,Personal Loan,13630,6.05,1,Paid Off,0,2022-08-03
714593,117530,Auto Loan,33407,10.61,3,Paid Off,0,2022-05-07
714594,104410,Personal Loan,24964,8.86,1,Active,0,2023-03-03
714595,143310,Auto Loan,19438,6.99,3,Active,0,2024-08-01
714596,146496,Mortgage,351059,7.09,30,Active,0,2024-04-25
714597,145538,Personal Loan,18816,5.2,5,Active,0,2023-04-21
714598,121968,Auto Loan,41635,6.96,6,Active,0,2024-12-23
714599,117837,Auto Loan,23711,5.17,3,Active,0,2025-07-07
714600,126674,Mortgage,524055,10.46,30,Paid Off,0,2022-07-21
714601,138798,Business Loan,206956,11.4,10,Paid Off,0,2023-08-15
714602,124572,Business Loan,136388,5.88,5,Paid Off,0,2022-04-30
714603,149906,Business Loan,246031,4.2,5,Active,0,2023-06-02
714604,141194,Business Loan,59048,6.57,10,Active,0,2025-01-13
714605,138287,Mortgage,555216,7.81,30,Active,0,2025-02-08
714606,131991,Personal Loan,16186,6.75,5,Paid Off,0,2022-01-28
714607,105523,Business Loan,150460,4.47,10,Active,0,2023-11-13
714608,122464,Personal Loan,15779,5.61,5,Active,0,2026-04-22
714609,127187,Business Loan,203787,5.68,10,Paid Off,0,2023-11-04
714610,132255,Auto Loan,58824,6.48,5,Paid Off,0,2026-05-27
714611,105638,Personal Loan,24136,6.54,5,Paid Off,0,2025-01-13
714612,148561,Mortgage,270324,5.04,30,Active,0,2023-06-10
714613,130839,Mortgage,492016,11.9,30,Paid Off,0,2024-07-24
714614,144828,Auto Loan,30957,6.38,3,Active,0,2022-01-21
714615,106742,Business Loan,126693,4.83,5,Paid Off,0,2023-02-08
714616,111958,Personal Loan,24435,10.23,3,Active,0,2025-04-23
714617,132951,Mortgage,537434,6.91,30,Paid Off,0,2024-04-24
714618,125754,Business Loan,177934,4.28,5,Paid Off,0,2022-11-13
714619,115610,Auto Loan,29291,11.02,3,Paid Off,0,2023-04-27
714620,143968,Auto Loan,52806,10.61,3,Paid Off,0,2022-08-08
714621,126680,Auto Loan,30236,6.73,6,Active,0,2022-05-07
714622,108590,Personal Loan,17421,10.37,5,Active,0,2023-04-17
714623,147148,Business Loan,231953,6.98,5,Defaulted,1,2024-09-25
714624,110571,Business Loan,47890,6.2,10,Defaulted,1,2023-02-16
714625,121870,Auto Loan,57151,6.07,5,Active,0,2026-01-07
714626,118224,Business Loan,103785,4.24,5,Active,0,2025-02-15
714627,138764,Mortgage,150643,9.41,30,Active,0,2024-04-20
714628,127627,Personal Loan,16741,4.55,1,Paid Off,0,2023-01-31
714629,115665,Auto Loan,55594,6.69,3,Paid Off,0,2024-07-26
714630,140715,Auto Loan,37077,5.89,6,Active,0,2025-07-20
714631,105179,Personal Loan,13777,11.86,1,Paid Off,0,2024-06-18
714632,100344,Auto Loan,13511,11.26,5,Paid Off,0,2022-11-24
714633,106702,Mortgage,234379,11.93,30,Paid Off,0,2026-05-07
714634,112642,Personal Loan,4450,10.13,3,Paid Off,0,2024-10-07
714635,129846,Personal Loan,10485,3.55,5,Active,0,2023-09-28
714636,145782,Mortgage,564789,4.96,30,Active,0,2025-03-29
714637,119286,Business Loan,77378,3.69,5,Active,0,2022-01-16
714638,131438,Mortgage,478520,8.96,30,Paid Off,0,2025-02-26
714639,109263,Personal Loan,7574,6.38,3,Paid Off,0,2025-10-20
714640,126407,Business Loan,33085,5.25,10,Active,0,2026-07-16
714641,124115,Mortgage,562342,10.2,30,Active,0,2025-08-23
714642,117698,Mortgage,332635,9.48,30,Active,0,2023-05-03
714643,124324,Mortgage,343285,5.18,30,Active,0,2025-08-09
714644,131538,Personal Loan,14321,9.24,3,Paid Off,0,2021-12-11
714645,131490,Mortgage,599163,6.7,30,Active,0,2023-12-19
714646,129985,Mortgage,179794,5.46,30,Active,0,2026-03-09
714647,147494,Auto Loan,52113,3.9,5,Active,0,2026-02-08
714648,116825,Personal Loan,20461,4.54,3,Paid Off,0,2022-04-29
714649,130074,Business Loan,224149,3.69,5,Paid Off,0,2025-12-14
714650,119114,Auto Loan,36594,11.77,3,Active,0,2025-05-13
714651,108082,Mortgage,273418,8.32,30,Defaulted,1,2024-02-23
714652,137555,Auto Loan,14265,3.9,5,Active,0,2024-08-20
714653,129544,Personal Loan,8724,4.27,1,Active,0,2024-07-06
714654,128595,Personal Loan,21659,6.32,1,Active,0,2021-11-14
714655,148469,Auto Loan,51674,6.4,3,Paid Off,0,2022-06-02
714656,127495,Auto Loan,49254,6.56,5,Active,0,2025-07-23
714657,116732,Business Loan,94422,11.69,10,Active,0,2026-04-16
714658,134653,Auto Loan,17670,4.66,3,Active,0,2023-03-18
714659,140455,Auto Loan,28910,4.69,6,Paid Off,0,2023-05-14
714660,144667,Business Loan,106208,6.48,5,Paid Off,0,2023-03-10
714661,143836,Auto Loan,28440,4.78,6,Defaulted,1,2023-01-29
714662,138832,Personal Loan,6256,6.96,1,Paid Off,0,2022-04-15
714663,130529,Personal Loan,20563,6.05,1,Paid Off,0,2023-03-09
714664,121610,Auto Loan,22592,4.56,3,Defaulted,1,2022-09-26
714665,122040,Business Loan,226231,6.25,5,Active,0,2025-07-17
714666,109844,Business Loan,151872,7.84,5,Active,0,2022-09-06
714667,101024,Personal Loan,4142,5.12,1,Active,0,2022-12-25
714668,147154,Business Loan,205400,6.85,10,Paid Off,0,2026-02-12
714669,147751,Mortgage,445910,5.62,30,Paid Off,0,2026-02-07
714670,118348,Mortgage,316356,6.22,30,Active,0,2026-06-24
714671,121887,Mortgage,269560,5.43,30,Paid Off,0,2023-11-05
714672,131603,Mortgage,185047,7.64,30,Paid Off,0,2022-03-15
714673,126033,Business Loan,74797,11.57,10,Paid Off,0,2023-09-07
714674,146236,Personal Loan,14927,5.67,1,Paid Off,0,2025-02-12
714675,102647,Business Loan,190553,5.31,5,Active,0,2024-01-10
714676,100130,Personal Loan,10388,11.0,3,Defaulted,1,2026-07-14
714677,133335,Mortgage,197758,5.89,30,Paid Off,0,2025-10-08
714678,116989,Mortgage,304150,6.75,30,Paid Off,0,2023-10-05
714679,120777,Mortgage,296203,3.91,30,Paid Off,0,2024-12-10
714680,124613,Business Loan,247822,6.17,5,Active,0,2022-09-01
714681,103605,Personal Loan,12094,6.58,1,Active,0,2023-06-19
714682,135124,Auto Loan,29255,6.59,5,Active,0,2022-11-21
714683,120631,Personal Loan,7054,5.09,5,Paid Off,0,2022-06-04
714684,122344,Personal Loan,18412,6.37,1,Active,0,2023-03-10
714685,130675,Mortgage,437845,5.13,30,Paid Off,0,2025-02-26
714686,131573,Business Loan,228607,4.22,10,Active,0,2025-03-22
714687,129948,Personal Loan,23289,6.15,5,Paid Off,0,2024-01-16
714688,146673,Auto Loan,22638,5.93,6,Active,0,2023-06-25
714689,131392,Personal Loan,17675,6.81,5,Paid Off,0,2025-11-06
714690,118045,Business Loan,40533,6.62,10,Active,0,2024-04-16
714691,149551,Business Loan,158142,4.08,5,Paid Off,0,2022-11-07
714692,128969,Personal Loan,15218,4.12,1,Paid Off,0,2022-03-03
714693,132452,Auto Loan,37046,10.48,5,Paid Off,0,2024-06-21
714694,120987,Business Loan,122818,5.37,5,Paid Off,0,2021-10-10
714695,102955,Personal Loan,14770,6.59,5,Paid Off,0,2023-04-22
714696,101092,Business Loan,158505,6.53,10,Paid Off,0,2022-12-22
714697,116329,Auto Loan,28665,5.36,5,Active,0,2022-09-19
714698,144611,Mortgage,390784,6.68,30,Active,0,2023-02-24
714699,145118,Mortgage,484963,4.63,30,Active,0,2022-04-12
714700,121270,Business Loan,212024,10.42,5,Paid Off,0,2025-12-30
714701,140038,Business Loan,152531,10.7,5,Active,0,2023-10-04
714702,105646,Auto Loan,58474,5.34,5,Paid Off,0,2026-06-02
714703,105085,Auto Loan,19124,6.84,5,Paid Off,0,2023-10-25
714704,133891,Auto Loan,18918,4.95,6,Active,0,2022-11-11
714705,100710,Personal Loan,23275,6.64,3,Active,0,2022-12-27
714706,101972,Auto Loan,20145,3.59,5,Paid Off,0,2023-07-14
714707,112558,Personal Loan,20115,5.23,5,Active,0,2024-12-12
714708,142174,Mortgage,361606,5.57,30,Active,0,2023-05-05
714709,132206,Business Loan,169649,6.84,10,Paid Off,0,2025-03-16
714710,125047,Mortgage,540371,11.69,30,Active,0,2025-09-13
714711,133747,Mortgage,454252,9.71,30,Active,0,2024-06-19
714712,102756,Business Loan,60489,4.21,10,Active,0,2022-03-14
714713,132208,Mortgage,423678,4.03,30,Active,0,2023-02-24
714714,111981,Mortgage,468035,10.1,30,Active,0,2024-12-14
714715,107309,Personal Loan,19910,11.65,5,Defaulted,1,2025-06-15
714716,116503,Personal Loan,4163,8.21,5,Paid Off,0,2021-07-17
714717,139737,Mortgage,345551,5.88,30,Active,0,2022-11-29
714718,143967,Auto Loan,53248,10.49,3,Active,0,2024-10-12
714719,121945,Business Loan,74202,5.69,10,Paid Off,0,2022-12-24
714720,114668,Personal Loan,3572,6.24,5,Active,0,2022-07-09
714721,135304,Business Loan,90623,5.69,5,Active,0,2026-03-13
714722,108889,Business Loan,146860,8.97,5,Active,0,2026-02-26
714723,139621,Mortgage,468751,8.62,30,Active,0,2023-05-13
714724,109320,Auto Loan,56704,10.72,6,Paid Off,0,2023-07-25
714725,117805,Auto Loan,24597,4.07,5,Paid Off,0,2025-09-16
714726,149166,Auto Loan,12032,3.88,3,Active,0,2024-06-28
714727,109702,Personal Loan,8084,8.37,1,Paid Off,0,2025-11-30
714728,140647,Personal Loan,15678,4.22,5,Paid Off,0,2024-02-07
714729,105863,Personal Loan,13645,8.81,5,Paid Off,0,2025-10-11
714730,136580,Auto Loan,22014,4.38,3,Active,0,2024-10-01
714731,121379,Business Loan,215933,6.86,5,Paid Off,0,2021-08-24
714732,116974,Personal Loan,4929,8.01,3,Active,0,2022-05-22
714733,124859,Mortgage,453627,4.83,30,Paid Off,0,2025-05-05
714734,130125,Personal Loan,21271,10.1,3,Paid Off,0,2025-10-20
714735,106670,Business Loan,244569,6.13,10,Active,0,2021-07-18
714736,112217,Personal Loan,2505,5.58,3,Active,0,2021-07-29
714737,121347,Auto Loan,19673,5.78,5,Active,0,2026-05-31
714738,130302,Auto Loan,51659,4.38,5,Active,0,2025-09-07
714739,149775,Business Loan,183836,4.66,5,Active,0,2023-06-11
714740,112854,Business Loan,62005,7.73,10,Active,0,2022-09-10
714741,134073,Business Loan,156538,9.34,10,Paid Off,0,2022-10-11
714742,132292,Mortgage,385070,5.04,30,Active,0,2023-10-21
714743,101588,Auto Loan,49098,5.59,3,Active,0,2022-12-22
714744,112739,Auto Loan,58384,6.76,3,Active,0,2025-06-21
714745,122637,Business Loan,52327,3.71,10,Active,0,2024-04-14
714746,123918,Mortgage,162271,7.48,30,Defaulted,1,2026-01-18
714747,102375,Personal Loan,8249,6.17,3,Defaulted,1,2025-05-08
714748,121846,Business Loan,162749,4.93,10,Paid Off,0,2021-10-01
714749,104046,Business Loan,93984,10.67,10,Paid Off,0,2021-12-12
714750,129908,Mortgage,575328,4.06,30,Paid Off,0,2024-08-08
714751,115071,Mortgage,341648,11.32,30,Active,0,2025-01-19
714752,123841,Mortgage,165301,5.02,30,Active,0,2022-05-27
714753,141174,Auto Loan,49521,3.86,5,Paid Off,0,2023-03-22
714754,145810,Mortgage,229019,9.28,30,Paid Off,0,2026-03-21
714755,129459,Business Loan,116654,7.68,10,Active,0,2021-12-22
714756,138608,Auto Loan,57524,5.14,3,Paid Off,0,2026-04-12
714757,101837,Business Loan,210199,8.97,10,Active,0,2022-07-27
714758,119265,Personal Loan,9675,5.95,1,Paid Off,0,2025-01-04
714759,120740,Business Loan,85901,6.55,10,Paid Off,0,2025-08-22
714760,132297,Auto Loan,34950,4.15,5,Paid Off,0,2024-04-26
714761,126995,Personal Loan,21877,11.53,5,Paid Off,0,2024-05-03
714762,135334,Personal Loan,9401,3.67,3,Paid Off,0,2021-10-24
714763,132281,Business Loan,163584,10.81,10,Active,0,2023-02-12
714764,120383,Mortgage,465796,8.69,30,Active,0,2024-02-19
714765,120841,Mortgage,557324,11.88,30,Active,0,2026-06-05
714766,144024,Business Loan,219692,11.74,5,Active,0,2024-11-29
714767,131355,Auto Loan,58236,5.0,3,Active,0,2022-07-07
714768,144371,Business Loan,148882,6.46,10,Active,0,2023-12-14
714769,111571,Personal Loan,11455,4.42,1,Active,0,2025-05-29
714770,102437,Business Loan,91136,11.58,10,Paid Off,0,2023-02-28
714771,129335,Personal Loan,1481,4.21,5,Active,0,2023-09-16
714772,110005,Auto Loan,34129,7.52,6,Paid Off,0,2025-02-02
714773,140069,Personal Loan,23597,8.66,3,Paid Off,0,2025-02-01
714774,123892,Auto Loan,28103,4.38,5,Paid Off,0,2023-04-26
714775,104269,Auto Loan,51596,6.72,5,Active,0,2023-04-02
714776,116197,Business Loan,41462,9.99,10,Active,0,2024-11-30
714777,112340,Personal Loan,10755,11.83,5,Paid Off,0,2021-09-09
714778,109378,Mortgage,268817,5.93,30,Active,0,2024-06-09
714779,136393,Mortgage,365071,7.02,30,Active,0,2026-01-18
714780,149462,Mortgage,195281,11.08,30,Paid Off,0,2022-08-01
714781,121003,Business Loan,78066,4.76,10,Paid Off,0,2025-02-01
714782,123497,Business Loan,248378,6.8,10,Active,0,2026-04-22
714783,116027,Auto Loan,50064,5.36,3,Active,0,2025-08-15
714784,101434,Mortgage,271827,6.7,30,Active,0,2026-01-07
714785,125424,Auto Loan,36106,4.71,6,Active,0,2024-11-16
714786,136761,Auto Loan,10169,6.03,3,Active,0,2025-01-31
714787,104404,Mortgage,358176,7.74,30,Active,0,2022-08-21
714788,149326,Business Loan,73181,9.2,10,Paid Off,0,2025-03-08
714789,114172,Personal Loan,2449,5.71,1,Paid Off,0,2025-04-10
714790,110226,Personal Loan,22686,4.85,5,Active,0,2025-03-27
714791,140574,Auto Loan,55054,11.8,5,Paid Off,0,2025-03-16
714792,146632,Personal Loan,3281,4.13,1,Active,0,2023-03-15
714793,133898,Mortgage,365075,5.56,30,Active,0,2022-01-09
714794,131977,Mortgage,248830,3.62,30,Active,0,2025-06-03
714795,129037,Mortgage,491841,4.0,30,Active,0,2026-01-16
714796,103483,Personal Loan,15156,4.18,3,Paid Off,0,2023-08-14
714797,138851,Personal Loan,11971,3.74,5,Paid Off,0,2023-06-18
714798,141726,Auto Loan,23542,6.79,3,Active,0,2023-06-30
714799,101318,Mortgage,311001,4.02,30,Defaulted,1,2025-10-19
714800,136910,Business Loan,172219,3.67,5,Paid Off,0,2024-10-29
714801,136896,Business Loan,203125,11.95,5,Paid Off,0,2021-07-26
714802,108377,Personal Loan,3843,11.63,1,Paid Off,0,2025-04-18
714803,113705,Auto Loan,10734,3.97,3,Paid Off,0,2022-08-30
714804,120896,Auto Loan,38022,4.16,5,Paid Off,0,2022-12-28
714805,140301,Business Loan,133905,4.69,5,Paid Off,0,2023-09-13
714806,136387,Business Loan,85057,9.88,5,Paid Off,0,2021-08-03
714807,113496,Business Loan,79159,11.08,5,Defaulted,1,2024-05-03
714808,136214,Auto Loan,23021,5.52,5,Paid Off,0,2022-08-07
714809,109766,Mortgage,545722,5.74,30,Active,0,2024-01-23
714810,141854,Personal Loan,16728,7.03,1,Active,0,2021-10-14
714811,124777,Mortgage,533171,6.43,30,Paid Off,0,2025-05-04
714812,116188,Business Loan,48956,6.7,5,Active,0,2024-10-16
714813,110764,Business Loan,188622,9.53,5,Paid Off,0,2023-01-26
714814,124238,Mortgage,510632,5.98,30,Paid Off,0,2022-03-29
714815,120767,Personal Loan,14334,6.02,3,Active,0,2021-11-17
714816,123661,Personal Loan,11307,5.31,5,Active,0,2025-05-07
714817,147334,Business Loan,110664,11.52,10,Paid Off,0,2022-05-15
714818,127671,Auto Loan,17301,5.95,5,Active,0,2025-05-28
714819,125840,Auto Loan,38327,3.82,3,Paid Off,0,2021-10-26
714820,142026,Business Loan,244020,11.08,5,Active,0,2026-01-23
714821,115393,Mortgage,499115,9.38,30,Active,0,2022-10-23
714822,112845,Mortgage,228467,10.5,30,Paid Off,0,2024-11-29
714823,112645,Personal Loan,1170,7.65,1,Defaulted,1,2022-01-19
714824,143399,Mortgage,171478,5.41,30,Active,0,2022-03-11
714825,133845,Mortgage,476400,11.89,30,Paid Off,0,2026-03-17
714826,128233,Business Loan,136795,8.38,10,Active,0,2023-05-06
714827,139498,Mortgage,322200,11.22,30,Paid Off,0,2023-10-01
714828,148380,Business Loan,112422,7.57,10,Paid Off,0,2026-01-16
714829,131191,Mortgage,444013,4.53,30,Active,0,2025-11-15
714830,117403,Personal Loan,8949,3.5,3,Active,0,2024-08-20
714831,135161,Business Loan,90250,10.63,5,Active,0,2022-10-13
714832,146371,Personal Loan,16646,10.66,1,Active,0,2023-02-19
714833,127059,Personal Loan,14710,5.37,1,Active,0,2025-10-21
714834,108613,Mortgage,492676,7.35,30,Paid Off,0,2022-01-30
714835,109929,Auto Loan,17199,9.08,5,Paid Off,0,2023-11-05
714836,131796,Personal Loan,4398,5.28,3,Active,0,2022-01-13
714837,146288,Auto Loan,43918,6.1,6,Paid Off,0,2023-05-18
714838,147789,Mortgage,597853,5.27,30,Active,0,2024-11-24
714839,149381,Auto Loan,36923,10.0,3,Paid Off,0,2026-06-26
714840,138511,Business Loan,78910,5.33,5,Paid Off,0,2024-10-05
714841,122672,Business Loan,50531,4.81,5,Active,0,2024-02-28
714842,131373,Business Loan,158266,5.38,5,Paid Off,0,2021-12-30
714843,101047,Mortgage,358343,5.58,30,Active,0,2022-12-14
714844,136379,Business Loan,235949,11.5,10,Paid Off,0,2024-01-15
714845,131700,Mortgage,589190,3.98,30,Paid Off,0,2023-07-11
714846,127633,Mortgage,342470,5.78,30,Active,0,2022-05-21
714847,138177,Mortgage,404172,4.58,30,Paid Off,0,2025-11-12
714848,107701,Auto Loan,11763,6.3,3,Paid Off,0,2026-05-26
714849,146728,Auto Loan,24958,11.49,6,Paid Off,0,2022-03-30
714850,111418,Personal Loan,14248,3.51,1,Active,0,2021-10-18
714851,143127,Business Loan,145753,7.87,5,Paid Off,0,2024-05-31
714852,111245,Personal Loan,14252,6.89,5,Active,0,2025-08-23
714853,102709,Auto Loan,35093,5.13,6,Paid Off,0,2025-07-04
714854,105494,Auto Loan,34055,5.07,6,Paid Off,0,2022-08-28
714855,113752,Auto Loan,24392,5.53,3,Active,0,2022-05-19
714856,149931,Mortgage,277985,6.91,30,Active,0,2025-05-12
714857,123605,Business Loan,25285,7.38,10,Active,0,2024-09-19
714858,122362,Auto Loan,57301,5.94,3,Active,0,2021-11-09
714859,137130,Business Loan,167915,5.91,5,Paid Off,0,2023-07-06
714860,127030,Mortgage,391768,4.82,30,Active,0,2022-12-19
714861,108290,Personal Loan,1563,5.87,1,Paid Off,0,2022-07-31
714862,145650,Mortgage,251324,6.53,30,Active,0,2022-06-26
714863,144664,Personal Loan,16501,5.67,3,Active,0,2025-10-14
714864,128868,Business Loan,193034,4.39,5,Active,0,2024-05-17
714865,115984,Personal Loan,22599,9.98,3,Active,0,2025-11-24
714866,122697,Business Loan,248248,3.55,5,Paid Off,0,2021-11-21
714867,139981,Personal Loan,14681,4.16,5,Paid Off,0,2024-01-17
714868,129434,Personal Loan,22038,3.7,1,Active,0,2024-06-20
714869,134826,Auto Loan,45467,4.09,6,Paid Off,0,2024-07-11
714870,136065,Business Loan,70870,7.0,5,Active,0,2025-01-28
714871,121166,Mortgage,305373,5.13,30,Active,0,2022-10-23
714872,100993,Personal Loan,13076,3.62,3,Paid Off,0,2024-12-11
714873,122108,Business Loan,56484,5.48,10,Active,0,2023-04-25
714874,100326,Business Loan,39069,4.3,10,Paid Off,0,2023-03-20
714875,112384,Business Loan,144123,5.27,5,Active,0,2022-12-13
714876,143613,Auto Loan,19707,11.2,5,Paid Off,0,2021-11-24
714877,104918,Personal Loan,12469,5.48,5,Paid Off,0,2025-07-10
714878,121287,Business Loan,120194,4.04,5,Paid Off,0,2021-11-22
714879,133316,Business Loan,103313,5.64,10,Active,0,2025-07-26
714880,136721,Business Loan,163751,5.93,10,Paid Off,0,2024-04-12
714881,139631,Business Loan,145598,3.97,10,Paid Off,0,2024-02-03
714882,112988,Business Loan,137404,5.54,10,Active,0,2023-08-24
714883,145472,Business Loan,181749,6.75,10,Active,0,2026-01-27
714884,149472,Mortgage,219771,7.81,30,Active,0,2025-10-25
714885,124625,Business Loan,204583,7.43,5,Paid Off,0,2024-08-03
714886,111627,Mortgage,397062,5.11,30,Active,0,2023-08-13
714887,108552,Business Loan,187041,8.96,10,Paid Off,0,2023-09-24
714888,113927,Mortgage,244423,6.96,30,Active,0,2022-12-14
714889,132771,Auto Loan,42089,6.01,3,Active,0,2024-04-18
714890,104335,Personal Loan,15478,7.64,3,Defaulted,1,2025-06-11
714891,118846,Personal Loan,17779,4.2,1,Active,0,2022-11-11
714892,135309,Personal Loan,4256,10.94,5,Active,0,2024-07-24
714893,110013,Personal Loan,9051,10.48,3,Active,0,2026-01-21
714894,133956,Mortgage,275050,8.84,30,Paid Off,0,2025-11-20
714895,121416,Business Loan,48534,5.64,5,Defaulted,1,2024-03-20
714896,103124,Personal Loan,14248,6.3,1,Paid Off,0,2023-07-19
714897,103027,Personal Loan,22725,10.91,5,Defaulted,1,2026-03-12
714898,113597,Mortgage,429940,5.7,30,Paid Off,0,2024-04-21
714899,144446,Personal Loan,5753,6.63,3,Active,0,2023-04-12
714900,115033,Auto Loan,25384,9.34,6,Paid Off,0,2026-05-23
714901,142669,Personal Loan,12500,6.07,5,Active,0,2023-01-28
714902,120029,Business Loan,132712,5.23,5,Paid Off,0,2025-05-10
714903,127857,Auto Loan,24481,5.37,5,Active,0,2023-04-26
714904,105005,Mortgage,588507,8.2,30,Paid Off,0,2025-10-24
714905,108886,Auto Loan,12567,5.81,6,Paid Off,0,2024-05-21
714906,146555,Business Loan,188779,6.36,5,Paid Off,0,2021-10-15
714907,143345,Business Loan,125266,7.16,5,Active,0,2021-10-17
714908,120153,Business Loan,33020,6.28,5,Active,0,2023-04-11
714909,138667,Business Loan,177406,7.86,5,Paid Off,0,2022-02-11
714910,101321,Auto Loan,19091,6.14,6,Paid Off,0,2025-09-17
714911,117135,Business Loan,35761,5.69,10,Active,0,2025-12-10
714912,148441,Business Loan,123789,8.86,10,Active,0,2022-10-04
714913,145325,Mortgage,486784,5.56,30,Active,0,2022-09-08
714914,120333,Auto Loan,32128,11.77,6,Active,0,2022-03-19
714915,132395,Mortgage,570108,11.89,30,Paid Off,0,2025-09-26
714916,136438,Auto Loan,36637,6.24,6,Paid Off,0,2021-08-11
714917,112637,Personal Loan,5736,11.77,1,Active,0,2023-06-12
714918,136707,Auto Loan,54431,11.8,6,Paid Off,0,2024-06-25
714919,108166,Mortgage,269612,6.24,30,Active,0,2022-05-22
714920,116423,Auto Loan,21229,3.54,3,Paid Off,0,2025-09-25
714921,136667,Business Loan,122225,9.85,5,Active,0,2026-03-19
714922,146241,Auto Loan,30549,10.26,3,Active,0,2024-03-24
714923,139603,Auto Loan,23932,7.51,6,Active,0,2024-10-07
714924,138999,Personal Loan,16990,5.24,1,Active,0,2024-12-12
714925,121659,Mortgage,590269,5.06,30,Paid Off,0,2023-07-09
714926,132623,Mortgage,157017,3.91,30,Active,0,2025-05-23
714927,149121,Auto Loan,29052,3.89,6,Paid Off,0,2021-09-03
714928,113272,Personal Loan,23778,3.92,5,Active,0,2025-02-02
714929,133604,Business Loan,82058,4.86,5,Active,0,2023-04-08
714930,113600,Business Loan,54441,7.8,5,Active,0,2022-03-03
714931,114520,Auto Loan,12917,6.81,5,Paid Off,0,2024-01-25
714932,111293,Personal Loan,10161,6.12,3,Active,0,2022-02-28
714933,106779,Personal Loan,3615,8.14,1,Defaulted,1,2021-11-05
714934,141929,Business Loan,147205,5.12,10,Active,0,2023-12-30
714935,118959,Personal Loan,17382,5.66,5,Active,0,2024-05-07
714936,106723,Mortgage,177283,4.47,30,Paid Off,0,2022-03-23
714937,129509,Auto Loan,32859,7.36,6,Paid Off,0,2024-09-07
714938,118670,Personal Loan,3741,9.85,5,Paid Off,0,2025-12-29
714939,102857,Business Loan,179433,5.35,5,Active,0,2021-09-30
714940,111237,Auto Loan,40639,6.1,5,Paid Off,0,2024-08-06
714941,144440,Business Loan,171783,6.01,10,Active,0,2022-12-30
714942,131651,Business Loan,205196,5.49,5,Active,0,2022-06-06
714943,106480,Business Loan,52936,6.57,5,Active,0,2023-06-05
714944,136732,Mortgage,563537,3.84,30,Paid Off,0,2024-04-27
714945,149010,Business Loan,117232,9.31,5,Paid Off,0,2022-10-29
714946,117617,Personal Loan,21751,6.96,5,Active,0,2022-08-05
714947,134022,Personal Loan,9066,9.99,5,Active,0,2021-09-05
714948,107383,Mortgage,276572,5.9,30,Active,0,2025-12-01
714949,128515,Personal Loan,1187,8.61,5,Paid Off,0,2021-11-08
714950,123951,Mortgage,482229,4.0,30,Paid Off,0,2022-12-21
714951,120240,Business Loan,206874,5.52,10,Paid Off,0,2023-07-11
714952,133824,Business Loan,234997,6.56,10,Active,0,2024-04-08
714953,115182,Business Loan,47699,5.87,5,Active,0,2025-09-16
714954,135698,Business Loan,127797,3.62,5,Paid Off,0,2022-01-01
714955,140429,Mortgage,453670,6.79,30,Paid Off,0,2022-08-08
714956,103938,Personal Loan,6363,10.53,3,Paid Off,0,2023-05-12
714957,125861,Business Loan,126868,6.2,10,Paid Off,0,2025-07-27
714958,147106,Personal Loan,10861,6.11,5,Paid Off,0,2023-06-21
714959,111941,Personal Loan,3100,6.45,3,Paid Off,0,2024-10-19
714960,103252,Auto Loan,41332,4.88,5,Paid Off,0,2023-04-07
714961,116391,Mortgage,599932,9.34,30,Defaulted,1,2021-12-21
714962,148293,Mortgage,418414,4.51,30,Paid Off,0,2022-11-01
714963,132405,Mortgage,314779,6.84,30,Active,0,2025-05-18
714964,136493,Auto Loan,20136,6.06,6,Paid Off,0,2025-04-06
714965,125751,Mortgage,269297,5.58,30,Active,0,2024-10-29
714966,101510,Business Loan,29570,6.98,5,Active,0,2022-06-16
714967,107729,Business Loan,225621,6.4,10,Active,0,2023-07-06
714968,140284,Mortgage,596112,6.47,30,Paid Off,0,2022-01-17
714969,130862,Mortgage,460357,6.83,30,Paid Off,0,2023-09-11
714970,112050,Business Loan,86990,8.35,10,Paid Off,0,2022-10-23
714971,130927,Auto Loan,49019,6.51,3,Paid Off,0,2024-02-14
714972,138208,Mortgage,195799,6.33,30,Active,0,2024-08-01
714973,115681,Business Loan,147906,5.37,5,Active,0,2022-05-22
714974,145861,Business Loan,218499,4.84,10,Active,0,2024-03-12
714975,107335,Mortgage,346722,4.92,30,Active,0,2023-08-16
714976,110649,Personal Loan,8901,4.42,3,Paid Off,0,2023-01-04
714977,136809,Business Loan,158268,4.58,5,Paid Off,0,2022-05-31
714978,141049,Mortgage,559117,11.99,30,Paid Off,0,2026-04-07
714979,125127,Auto Loan,17146,7.72,6,Paid Off,0,2024-09-11
714980,116275,Personal Loan,9772,8.96,5,Paid Off,0,2025-04-28
714981,106137,Mortgage,309375,10.65,30,Paid Off,0,2026-01-07
714982,106933,Business Loan,106963,8.52,5,Paid Off,0,2024-03-12
714983,113023,Business Loan,64951,5.73,5,Paid Off,0,2023-02-08
714984,104189,Business Loan,181332,9.29,10,Paid Off,0,2023-09-19
714985,117113,Auto Loan,36076,3.72,6,Active,0,2024-10-25
714986,128696,Business Loan,69766,7.29,5,Paid Off,0,2025-03-25
714987,103525,Mortgage,397819,6.95,30,Paid Off,0,2023-07-31
714988,142957,Auto Loan,35448,6.61,3,Defaulted,1,2025-08-06
714989,112760,Mortgage,542774,4.52,30,Active,0,2022-06-02
714990,124884,Personal Loan,1229,6.49,5,Active,0,2022-08-30
714991,126210,Personal Loan,13013,9.62,5,Defaulted,1,2022-10-13
714992,127736,Auto Loan,21322,8.34,5,Defaulted,1,2021-10-05
714993,138444,Business Loan,197163,7.06,5,Paid Off,0,2022-05-08
714994,104880,Auto Loan,37865,5.45,5,Paid Off,0,2022-12-15
714995,115168,Auto Loan,53956,6.78,3,Active,0,2024-02-06
714996,149241,Business Loan,66521,6.24,10,Active,0,2026-01-16
714997,139317,Business Loan,183664,6.25,10,Active,0,2025-02-18
714998,142191,Personal Loan,8006,4.51,1,Active,0,2025-08-09
714999,115109,Mortgage,589983,6.76,30,Active,0,2024-10-11
